plan_enc,zone_enc,claim_history,policy_year,heat_addon,monthly_earnings,daily_hours,veh_enc,plat_enc,disruption_days_hist,zone_factor,claim_factor,loyalty_factor,base_premium,final_premium,raw_plan,raw_risk_zone,raw_vehicle_type,raw_platform
1,2,0,1,0,24858.96897504428,6.669668889112175,1,0,7,1.25,0.9,1.0,699.0,1078.12,RAKSHAK,HIGH,three_wheeler,Zomato
0,0,0,2,0,13306.638569981233,11.790044150731674,0,3,14,0.85,0.9,0.95,399.0,627.1,SAATHI,SAFE,two_wheeler,Blinkit
1,1,2,1,1,31048.61108045783,7.603994015756344,0,2,17,1.0,1.15,1.0,699.0,1308.31,RAKSHAK,MODERATE,two_wheeler,Zepto
0,1,1,3,0,22949.697012050743,5.457888702304499,0,2,3,1.0,1.0,0.9,399.0,551.54,SAATHI,MODERATE,two_wheeler,Zepto
1,1,0,3,0,23064.206608050805,11.413270926350354,0,1,15,1.0,0.9,0.9,699.0,1017.62,RAKSHAK,MODERATE,two_wheeler,Swiggy
1,2,0,3,0,19866.16627124666,8.341568665265989,2,0,8,1.25,0.9,0.9,699.0,823.58,RAKSHAK,HIGH,bicycle,Zomato
0,0,1,1,0,34832.919996735356,9.654858750780937,0,0,2,0.85,1.0,1.0,399.0,686.81,SAATHI,SAFE,two_wheeler,Zomato
2,1,1,1,0,20707.50500803854,6.601466576213976,3,0,2,1.0,1.0,1.0,999.0,1163.28,SURAKSHA,MODERATE,ev_two_wheeler,Zomato
1,0,0,2,0,27715.761531945893,10.167737439636488,0,2,6,0.85,0.9,0.95,699.0,841.32,RAKSHAK,SAFE,two_wheeler,Zepto
0,2,0,3,0,23490.72184499763,10.04440910834439,0,0,3,1.25,0.9,0.9,399.0,644.66,SAATHI,HIGH,two_wheeler,Zomato
2,1,2,3,0,36400.896525256096,10.429376615192915,0,3,11,1.0,1.15,0.9,999.0,1529.83,SURAKSHA,MODERATE,two_wheeler,Blinkit
1,0,0,1,0,34904.41344582981,10.885844666050748,0,1,6,0.85,0.9,1.0,699.0,938.44,RAKSHAK,SAFE,two_wheeler,Swiggy
0,1,0,1,1,21049.682096581146,8.15032497394693,0,0,8,1.0,0.9,1.0,399.0,684.94,SAATHI,MODERATE,two_wheeler,Zomato
0,0,0,1,0,29067.801351437112,8.021432185830893,0,2,21,0.85,0.9,1.0,399.0,786.54,SAATHI,SAFE,two_wheeler,Zepto
0,0,0,1,1,18777.54760232201,9.377084379247028,0,1,10,0.85,0.9,1.0,399.0,644.95,SAATHI,SAFE,two_wheeler,Swiggy
2,1,0,1,1,20981.841819208603,5.492148083198834,3,1,2,1.0,0.9,1.0,999.0,1069.09,SURAKSHA,MODERATE,ev_two_wheeler,Swiggy
1,1,1,1,0,38334.65140570891,7.180576168700179,0,2,6,1.0,1.0,1.0,699.0,1041.71,RAKSHAK,MODERATE,two_wheeler,Zepto
2,2,0,3,0,19303.21689525145,11.970029598063395,0,3,11,1.25,0.9,0.9,999.0,1369.26,SURAKSHA,HIGH,two_wheeler,Blinkit
1,2,0,2,1,36838.41987942328,10.239004366860991,0,0,23,1.25,0.9,0.95,699.0,1453.87,RAKSHAK,HIGH,two_wheeler,Zomato
1,0,0,1,0,31373.06553539541,9.215690076020804,3,0,8,0.85,0.9,1.0,699.0,903.6,RAKSHAK,SAFE,ev_two_wheeler,Zomato
0,0,1,2,1,30413.160984409613,8.546468826683773,0,3,11,0.85,1.0,0.95,399.0,840.26,SAATHI,SAFE,two_wheeler,Blinkit
0,1,2,2,0,26073.838606945377,8.615231077010872,3,2,0,1.0,1.15,0.95,399.0,630.48,SAATHI,MODERATE,ev_two_wheeler,Zepto
0,1,1,1,1,25158.4463917464,6.236482734374069,0,2,5,1.0,1.0,1.0,399.0,696.89,SAATHI,MODERATE,two_wheeler,Zepto
2,2,0,1,0,25587.83647973684,6.981494936752394,3,2,9,1.25,0.9,1.0,999.0,1404.72,SURAKSHA,HIGH,ev_two_wheeler,Zepto
2,1,0,2,0,19116.582173952687,6.36232470735151,0,3,16,1.0,0.9,0.95,999.0,1177.57,SURAKSHA,MODERATE,two_wheeler,Blinkit
0,1,2,2,0,34352.2650110697,9.199711446222121,0,3,13,1.0,1.15,0.95,399.0,935.19,SAATHI,MODERATE,two_wheeler,Blinkit
1,2,0,1,0,21188.27468929249,5.2403329338219535,0,3,21,1.25,0.9,1.0,699.0,1142.32,RAKSHAK,HIGH,two_wheeler,Blinkit
0,2,0,3,0,39027.05125094156,7.658121292909828,0,3,5,1.25,0.9,0.9,399.0,771.37,SAATHI,HIGH,two_wheeler,Blinkit
0,1,0,1,1,32008.66291703866,4.328540134143006,0,2,23,1.0,0.9,1.0,399.0,881.63,SAATHI,MODERATE,two_wheeler,Zepto
0,0,0,2,0,37625.984373541454,7.5388178378488355,3,2,21,0.85,0.9,0.95,399.0,762.03,SAATHI,SAFE,ev_two_wheeler,Zepto
1,1,0,2,0,32441.10086373092,4.38172902153319,0,3,15,1.0,0.9,0.95,699.0,947.81,RAKSHAK,MODERATE,two_wheeler,Blinkit
0,0,0,1,0,25257.209581855837,5.3856149592801215,3,0,4,0.85,0.9,1.0,399.0,466.42,SAATHI,SAFE,ev_two_wheeler,Zomato
1,1,0,1,1,26029.116749627257,8.3150195872005,0,1,12,1.0,0.9,1.0,699.0,1057.57,RAKSHAK,MODERATE,two_wheeler,Swiggy
1,2,0,1,1,34977.905320830745,9.007517360812582,0,1,0,1.25,0.9,1.0,699.0,1162.87,RAKSHAK,HIGH,two_wheeler,Swiggy
2,2,0,1,0,29311.108761461,6.692433719109812,0,0,7,1.25,0.9,1.0,999.0,1455.09,SURAKSHA,HIGH,two_wheeler,Zomato
1,0,1,2,1,32581.989226508802,10.42784744307879,0,1,24,0.85,1.0,0.95,699.0,1212.13,RAKSHAK,SAFE,two_wheeler,Swiggy
1,1,2,1,0,33739.56290077591,6.726428322024143,0,2,4,1.0,1.15,1.0,699.0,1115.41,RAKSHAK,MODERATE,two_wheeler,Zepto
1,0,0,3,0,37074.65039789361,7.113613429873305,0,0,11,0.85,0.9,0.9,699.0,864.35,RAKSHAK,SAFE,two_wheeler,Zomato
2,2,2,3,0,29691.44194075438,7.587564175826558,0,3,2,1.25,1.15,0.9,999.0,1573.83,SURAKSHA,HIGH,two_wheeler,Blinkit
0,2,0,1,0,27386.808705064595,7.532244010987016,2,2,22,1.25,0.9,1.0,399.0,876.19,SAATHI,HIGH,bicycle,Zepto
1,1,1,2,0,14354.990571219929,9.60775305167296,3,0,9,1.0,1.0,0.95,699.0,911.2,RAKSHAK,MODERATE,ev_two_wheeler,Zomato
0,1,0,1,1,38522.960166748046,11.888008510582967,0,3,3,1.0,0.9,1.0,399.0,850.2,SAATHI,MODERATE,two_wheeler,Blinkit
1,1,0,1,1,15113.529504572238,7.941000834326873,0,3,12,1.0,0.9,1.0,699.0,1003.92,RAKSHAK,MODERATE,two_wheeler,Blinkit
1,1,1,2,1,22496.376226663713,6.285696690254886,2,2,23,1.0,1.0,0.95,699.0,1012.86,RAKSHAK,MODERATE,bicycle,Zepto
1,1,2,1,1,26775.631054416393,11.943718368954404,2,0,4,1.0,1.15,1.0,699.0,1141.02,RAKSHAK,MODERATE,bicycle,Zomato
0,0,0,2,0,37232.424293747696,4.363571042731663,0,2,11,0.85,0.9,0.95,399.0,620.45,SAATHI,SAFE,two_wheeler,Zepto
2,0,1,1,0,24983.5553383195,6.8268178242084225,0,3,17,0.85,1.0,1.0,999.0,1209.6,SURAKSHA,SAFE,two_wheeler,Blinkit
0,1,0,3,0,16553.27430165696,11.28741747595074,0,0,5,1.0,0.9,0.9,399.0,547.92,SAATHI,MODERATE,two_wheeler,Zomato
2,1,0,3,0,16615.359311836026,7.2900409326829525,0,1,21,1.0,0.9,0.9,999.0,1187.3,SURAKSHA,MODERATE,two_wheeler,Swiggy
1,2,0,1,0,12382.815015155924,4.6028724828196985,2,0,16,1.25,0.9,1.0,699.0,882.06,RAKSHAK,HIGH,bicycle,Zomato
1,1,1,3,1,18925.746848809533,7.604353082480748,3,2,13,1.0,1.0,0.9,699.0,952.38,RAKSHAK,MODERATE,ev_two_wheeler,Zepto
0,2,0,1,0,26568.615625306214,10.178547133885115,2,1,17,1.25,0.9,1.0,399.0,785.59,SAATHI,HIGH,bicycle,Swiggy
2,1,1,2,0,23775.0018026221,10.277346111554476,0,1,13,1.0,1.0,0.95,999.0,1316.67,SURAKSHA,MODERATE,two_wheeler,Swiggy
0,0,1,2,0,32339.11691420639,8.379570455192892,0,1,0,0.85,1.0,0.95,399.0,605.65,SAATHI,SAFE,two_wheeler,Swiggy
1,0,1,2,0,35578.55962052387,10.15134193052318,0,2,19,0.85,1.0,0.95,699.0,1129.7,RAKSHAK,SAFE,two_wheeler,Zepto
1,0,0,2,0,28373.450966576303,7.202403911282251,0,3,15,0.85,0.9,0.95,699.0,898.22,RAKSHAK,SAFE,two_wheeler,Blinkit
1,0,2,2,1,28854.191075146886,5.790792527250565,0,2,20,0.85,1.15,0.95,699.0,1137.5,RAKSHAK,SAFE,two_wheeler,Zepto
0,0,0,3,0,21242.78637268435,6.572662117440232,0,0,24,0.85,0.9,0.9,399.0,684.29,SAATHI,SAFE,two_wheeler,Zomato
1,1,2,1,0,34573.63583420572,9.986077523069266,0,2,19,1.0,1.15,1.0,699.0,1334.48,RAKSHAK,MODERATE,two_wheeler,Zepto
1,1,1,1,0,15727.274000449392,9.497324043226648,0,3,22,1.0,1.0,1.0,699.0,1088.06,RAKSHAK,MODERATE,two_wheeler,Blinkit
1,1,0,1,0,32647.345770626936,5.4582710278076645,0,1,6,1.0,0.9,1.0,699.0,884.91,RAKSHAK,MODERATE,two_wheeler,Swiggy
1,0,0,1,0,25428.298849119004,8.673595877713353,3,3,21,0.85,0.9,1.0,699.0,957.27,RAKSHAK,SAFE,ev_two_wheeler,Blinkit
1,1,0,1,1,29011.54622422004,5.954825243717236,0,2,12,1.0,0.9,1.0,699.0,1051.7,RAKSHAK,MODERATE,two_wheeler,Zepto
0,0,0,1,0,16854.460668253134,11.174123397011401,0,3,22,0.85,0.9,1.0,399.0,762.7,SAATHI,SAFE,two_wheeler,Blinkit
0,0,0,1,1,36234.19952503145,10.536576567594238,0,3,16,0.85,0.9,1.0,399.0,957.72,SAATHI,SAFE,two_wheeler,Blinkit
2,1,0,2,0,21063.018619318824,7.403491508931334,0,1,0,1.0,0.9,0.95,999.0,1008.86,SURAKSHA,MODERATE,two_wheeler,Swiggy
1,1,0,2,0,25471.92285193489,8.260715460412687,1,1,0,1.0,0.9,0.95,699.0,837.94,RAKSHAK,MODERATE,three_wheeler,Swiggy
1,1,1,1,0,33286.38007691123,8.765109924862754,0,3,23,1.0,1.0,1.0,699.0,1203.12,RAKSHAK,MODERATE,two_wheeler,Blinkit
1,1,1,3,0,32464.289305702037,11.506723654568303,0,0,11,1.0,1.0,0.9,699.0,1107.65,RAKSHAK,MODERATE,two_wheeler,Zomato
1,0,1,1,0,16599.442342067803,10.516597761851056,2,2,13,0.85,1.0,1.0,699.0,828.55,RAKSHAK,SAFE,bicycle,Zepto
1,0,1,1,0,37190.688468180844,8.9928123534547,3,0,0,0.85,1.0,1.0,699.0,881.99,RAKSHAK,SAFE,ev_two_wheeler,Zomato
0,2,0,1,0,24082.788007820393,6.662526287299874,0,1,18,1.25,0.9,1.0,399.0,872.7,SAATHI,HIGH,two_wheeler,Swiggy
1,0,0,2,0,39935.39324586761,10.01922496031058,2,0,4,0.85,0.9,0.95,699.0,803.44,RAKSHAK,SAFE,bicycle,Zomato
0,1,0,3,0,35700.66416856651,5.019909298655859,0,1,23,1.0,0.9,0.9,399.0,834.89,SAATHI,MODERATE,two_wheeler,Swiggy
1,1,1,2,0,31430.5564450788,8.34179554678077,0,3,10,1.0,1.0,0.95,699.0,1071.88,RAKSHAK,MODERATE,two_wheeler,Blinkit
2,0,0,3,0,28414.43529647032,8.047109431075729,0,2,24,0.85,0.9,0.9,999.0,1213.02,SURAKSHA,SAFE,two_wheeler,Zepto
0,1,0,2,1,31802.681760775162,5.220312343314091,0,3,8,1.0,0.9,0.95,399.0,750.8,SAATHI,MODERATE,two_wheeler,Blinkit
2,2,0,1,0,35449.74209206978,6.6571713012395115,0,1,21,1.25,0.9,1.0,999.0,1619.84,SURAKSHA,HIGH,two_wheeler,Swiggy
1,1,1,1,0,28904.20288844389,4.914138400445502,0,0,19,1.0,1.0,1.0,699.0,1117.1,RAKSHAK,MODERATE,two_wheeler,Zomato
1,0,0,1,1,18950.340397200252,8.621055632732379,1,0,19,0.85,0.9,1.0,699.0,1053.59,RAKSHAK,SAFE,three_wheeler,Zomato
1,2,0,1,0,26424.863107390753,11.80433052546205,0,2,8,1.25,0.9,1.0,699.0,1163.14,RAKSHAK,HIGH,two_wheeler,Zepto
0,2,0,1,0,34393.89661807954,6.795095992394664,0,0,16,1.25,0.9,1.0,399.0,864.26,SAATHI,HIGH,two_wheeler,Zomato
0,1,0,2,0,26964.764955202914,7.848703587100688,0,1,5,1.0,0.9,0.95,399.0,604.92,SAATHI,MODERATE,two_wheeler,Swiggy
1,0,0,2,0,12710.817958489657,5.249220778929523,2,1,17,0.85,0.9,0.95,699.0,664.63,RAKSHAK,SAFE,bicycle,Swiggy
2,1,0,2,0,14915.040295568067,10.399328682985516,0,2,2,1.0,0.9,0.95,999.0,1049.03,SURAKSHA,MODERATE,two_wheeler,Zepto
1,2,2,3,0,30706.383823978093,5.639874363326568,3,3,22,1.25,1.15,0.9,699.0,1361.24,RAKSHAK,HIGH,ev_two_wheeler,Blinkit
2,0,1,1,1,30001.91578119909,9.631569081108076,0,2,0,0.85,1.0,1.0,999.0,1183.73,SURAKSHA,SAFE,two_wheeler,Zepto
0,0,1,1,0,22157.221050646473,10.888544159797773,0,3,2,0.85,1.0,1.0,399.0,624.4,SAATHI,SAFE,two_wheeler,Blinkit
2,1,0,3,0,17098.99988700433,7.878226937202769,0,1,16,1.0,0.9,0.9,999.0,1143.24,SURAKSHA,MODERATE,two_wheeler,Swiggy
1,0,0,1,1,31354.212013070322,9.46547085156385,0,2,5,0.85,0.9,1.0,699.0,907.12,RAKSHAK,SAFE,two_wheeler,Zepto
2,0,0,1,0,32165.67228570428,4.852629841029395,0,1,21,0.85,0.9,1.0,999.0,1217.01,SURAKSHA,SAFE,two_wheeler,Swiggy
1,1,1,1,0,23817.009667419246,6.830971012489996,0,0,21,1.0,1.0,1.0,699.0,1142.72,RAKSHAK,MODERATE,two_wheeler,Zomato
1,0,0,3,0,37634.382964173594,9.772262888975245,0,1,7,0.85,0.9,0.9,699.0,878.05,RAKSHAK,SAFE,two_wheeler,Swiggy
1,2,0,2,0,35562.83048868121,10.771262794516458,1,0,12,1.25,0.9,0.95,699.0,1346.79,RAKSHAK,HIGH,three_wheeler,Zomato
0,1,0,2,0,31275.26709997661,7.47861870882997,0,0,6,1.0,0.9,0.95,399.0,677.56,SAATHI,MODERATE,two_wheeler,Zomato
2,1,0,2,1,32502.296819467712,10.452489182891597,0,0,22,1.0,0.9,0.95,999.0,1487.35,SURAKSHA,MODERATE,two_wheeler,Zomato
1,1,0,1,1,38433.661511225175,4.315414490948047,3,1,9,1.0,0.9,1.0,699.0,984.6,RAKSHAK,MODERATE,ev_two_wheeler,Swiggy
1,0,2,3,1,25277.998066408985,10.896341207914507,1,2,6,0.85,1.15,0.9,699.0,1137.25,RAKSHAK,SAFE,three_wheeler,Zepto
1,1,0,1,0,14154.689645617857,9.570310207025118,0,1,7,1.0,0.9,1.0,699.0,805.74,RAKSHAK,MODERATE,two_wheeler,Swiggy
1,2,0,2,1,29244.16926910453,5.86367579802907,0,1,22,1.25,0.9,0.95,699.0,1245.18,RAKSHAK,HIGH,two_wheeler,Swiggy
1,2,0,3,0,39942.15509493345,6.805694523613681,0,0,16,1.25,0.9,0.9,699.0,1182.64,RAKSHAK,HIGH,two_wheeler,Zomato
1,2,0,1,0,32503.610601170065,4.026770896343834,3,1,12,1.25,0.9,1.0,699.0,1018.82,RAKSHAK,HIGH,ev_two_wheeler,Swiggy
1,0,0,1,1,13262.818962169049,4.875740789432921,0,1,24,0.85,0.9,1.0,699.0,914.59,RAKSHAK,SAFE,two_wheeler,Swiggy
2,1,2,3,0,37304.27108090757,11.913479278506871,0,1,6,1.0,1.15,0.9,999.0,1499.73,SURAKSHA,MODERATE,two_wheeler,Swiggy
2,0,0,3,0,13314.470000138765,7.0727248919299965,3,2,8,0.85,0.9,0.9,999.0,855.67,SURAKSHA,SAFE,ev_two_wheeler,Zepto
1,0,0,2,0,19286.534302642765,8.121983394517807,3,0,17,0.85,0.9,0.95,699.0,823.16,RAKSHAK,SAFE,ev_two_wheeler,Zomato
1,0,1,2,0,37057.80035437952,10.88101453134339,2,1,10,0.85,1.0,0.95,699.0,929.46,RAKSHAK,SAFE,bicycle,Swiggy
0,2,0,1,1,32585.954326656676,6.251127684620214,3,3,14,1.25,0.9,1.0,399.0,902.18,SAATHI,HIGH,ev_two_wheeler,Blinkit
0,1,0,1,0,14131.664065728404,10.809655312390149,0,1,7,1.0,0.9,1.0,399.0,613.43,SAATHI,MODERATE,two_wheeler,Swiggy
2,1,0,1,1,34327.928604993984,9.267614677267403,0,3,0,1.0,0.9,1.0,999.0,1299.84,SURAKSHA,MODERATE,two_wheeler,Blinkit
0,0,1,2,0,33076.06590761396,5.26884084234459,0,0,10,0.85,1.0,0.95,399.0,651.14,SAATHI,SAFE,two_wheeler,Zomato
2,0,1,1,1,35299.756982816776,8.05974187008669,2,0,6,0.85,1.0,1.0,999.0,1193.64,SURAKSHA,SAFE,bicycle,Zomato
0,0,1,1,0,27119.590632043954,10.23876316120915,0,0,5,0.85,1.0,1.0,399.0,690.54,SAATHI,SAFE,two_wheeler,Zomato
1,0,2,2,0,20426.979874510856,9.665376709162253,2,1,21,0.85,1.15,0.95,699.0,991.92,RAKSHAK,SAFE,bicycle,Swiggy
1,1,0,3,1,39128.57994799936,9.997214653943399,0,3,2,1.0,0.9,0.9,699.0,975.54,RAKSHAK,MODERATE,two_wheeler,Blinkit
0,2,1,2,0,19661.546655886646,11.97699600126169,0,3,16,1.25,1.0,0.95,399.0,937.22,SAATHI,HIGH,two_wheeler,Blinkit
0,2,1,1,0,31053.980458091966,9.236089714249083,0,0,2,1.25,1.0,1.0,399.0,812.16,SAATHI,HIGH,two_wheeler,Zomato
1,1,0,1,0,32283.834833195277,9.966696096247714,0,0,2,1.0,0.9,1.0,699.0,948.23,RAKSHAK,MODERATE,two_wheeler,Zomato
0,1,0,2,0,17703.634979735678,4.729315923249533,0,2,7,1.0,0.9,0.95,399.0,515.6,SAATHI,MODERATE,two_wheeler,Zepto
1,1,2,3,0,24938.7241414385,4.009854681331407,0,0,6,1.0,1.15,0.9,699.0,926.36,RAKSHAK,MODERATE,two_wheeler,Zomato
0,1,0,1,0,21125.912990658097,8.722111511084979,0,1,7,1.0,0.9,1.0,399.0,615.39,SAATHI,MODERATE,two_wheeler,Swiggy
0,0,2,2,0,33197.65949311425,11.621189104309735,0,1,8,0.85,1.15,0.95,399.0,757.29,SAATHI,SAFE,two_wheeler,Swiggy
0,1,0,2,0,25505.978683444562,5.682796639350949,0,0,0,1.0,0.9,0.95,399.0,493.32,SAATHI,MODERATE,two_wheeler,Zomato
1,1,0,3,0,21018.65166214139,11.819731090518285,0,0,13,1.0,0.9,0.9,699.0,967.41,RAKSHAK,MODERATE,two_wheeler,Zomato
1,2,0,2,0,12884.412055117977,11.489697969949518,0,3,6,1.25,0.9,0.95,699.0,953.58,RAKSHAK,HIGH,two_wheeler,Blinkit
2,2,0,3,0,37054.86636969478,8.38073900922989,0,3,21,1.25,0.9,0.9,999.0,1589.07,SURAKSHA,HIGH,two_wheeler,Blinkit
1,1,0,2,0,30208.23720445671,7.834231428610298,0,1,18,1.0,0.9,0.95,699.0,1026.21,RAKSHAK,MODERATE,two_wheeler,Swiggy
1,1,0,2,0,27189.40180014229,7.946214774270397,0,1,9,1.0,0.9,0.95,699.0,908.85,RAKSHAK,MODERATE,two_wheeler,Swiggy
1,0,0,1,1,32360.733953456624,9.941652169599848,0,2,19,0.85,0.9,1.0,699.0,1170.06,RAKSHAK,SAFE,two_wheeler,Zepto
1,1,0,1,0,25626.73035989168,10.987385904653284,0,2,1,1.0,0.9,1.0,699.0,924.8,RAKSHAK,MODERATE,two_wheeler,Zepto
1,1,2,1,0,29683.686162590577,9.864904179322249,3,1,2,1.0,1.15,1.0,699.0,1060.71,RAKSHAK,MODERATE,ev_two_wheeler,Swiggy
1,1,0,3,0,18922.470083288958,10.96599921018009,0,1,14,1.0,0.9,0.9,699.0,979.6,RAKSHAK,MODERATE,two_wheeler,Swiggy
1,1,0,1,1,19227.73611563157,9.253893316330338,0,2,0,1.0,0.9,1.0,699.0,871.31,RAKSHAK,MODERATE,two_wheeler,Zepto
2,1,0,1,0,30742.93124086212,5.1660525459580136,0,2,4,1.0,0.9,1.0,999.0,1145.03,SURAKSHA,MODERATE,two_wheeler,Zepto
0,1,0,1,0,21988.497485120046,8.268095402397565,1,3,16,1.0,0.9,1.0,399.0,791.92,SAATHI,MODERATE,three_wheeler,Blinkit
1,2,0,3,0,18471.665547974106,4.413574697932216,0,0,0,1.25,0.9,0.9,699.0,794.53,RAKSHAK,HIGH,two_wheeler,Zomato
0,1,0,2,0,23126.611677003228,7.839176652736586,3,0,10,1.0,0.9,0.95,399.0,614.64,SAATHI,MODERATE,ev_two_wheeler,Zomato
0,1,0,1,0,31731.06135662611,5.614827616983587,0,1,22,1.0,0.9,1.0,399.0,839.25,SAATHI,MODERATE,two_wheeler,Swiggy
0,0,0,3,0,31393.526662332606,10.70492231718488,1,0,10,0.85,0.9,0.9,399.0,749.19,SAATHI,SAFE,three_wheeler,Zomato
1,2,0,2,1,28817.067191294613,11.52700285070452,0,3,13,1.25,0.9,0.95,699.0,1329.22,RAKSHAK,HIGH,two_wheeler,Blinkit
1,1,0,2,0,36260.28269077407,11.946695498869028,0,3,12,1.0,0.9,0.95,699.0,1119.18,RAKSHAK,MODERATE,two_wheeler,Blinkit
1,2,2,1,1,36580.952453157166,6.537565734123189,0,1,12,1.25,1.15,1.0,699.0,1523.09,RAKSHAK,HIGH,two_wheeler,Swiggy
2,0,0,2,0,27776.28996575685,7.043357633862382,0,0,24,0.85,0.9,0.95,999.0,1243.69,SURAKSHA,SAFE,two_wheeler,Zomato
1,0,1,2,0,22634.001845018436,10.906669196574601,0,3,15,0.85,1.0,0.95,699.0,1039.8,RAKSHAK,SAFE,two_wheeler,Blinkit
2,2,0,1,0,26940.871308352594,8.863240742347557,2,0,15,1.25,0.9,1.0,999.0,1477.28,SURAKSHA,HIGH,bicycle,Zomato
1,1,0,2,1,18817.50430413638,11.416276358370453,2,2,14,1.0,0.9,0.95,699.0,967.64,RAKSHAK,MODERATE,bicycle,Zepto
0,1,0,1,0,20604.119017936024,10.424207182661307,0,1,2,1.0,0.9,1.0,399.0,575.69,SAATHI,MODERATE,two_wheeler,Swiggy
1,0,0,1,0,17080.273735477553,8.201307069336481,3,1,6,0.85,0.9,1.0,699.0,721.49,RAKSHAK,SAFE,ev_two_wheeler,Swiggy
0,1,2,1,1,27406.34318037533,4.347300262838553,0,3,9,1.0,1.15,1.0,399.0,794.23,SAATHI,MODERATE,two_wheeler,Blinkit
1,1,0,3,1,21895.798620476107,5.8949644717958565,0,3,4,1.0,0.9,0.9,699.0,878.52,RAKSHAK,MODERATE,two_wheeler,Blinkit
1,1,1,1,0,24649.495004642413,8.692867705403792,3,2,14,1.0,1.0,1.0,699.0,1060.62,RAKSHAK,MODERATE,ev_two_wheeler,Zepto
1,1,1,2,0,18494.51869124731,7.127247967244117,0,0,24,1.0,1.0,0.95,699.0,1073.54,RAKSHAK,MODERATE,two_wheeler,Zomato
1,2,1,1,0,32286.471839161306,4.1265687341246595,0,0,23,1.25,1.0,1.0,699.0,1344.8,RAKSHAK,HIGH,two_wheeler,Zomato
0,0,0,1,0,21619.693293719713,8.937246267165175,0,0,12,0.85,0.9,1.0,399.0,681.65,SAATHI,SAFE,two_wheeler,Zomato
1,0,1,1,0,31043.69407089664,5.846633513232097,2,2,2,0.85,1.0,1.0,699.0,685.94,RAKSHAK,SAFE,bicycle,Zepto
2,1,0,3,0,31320.13694297864,5.607469509272452,0,1,15,1.0,0.9,0.9,999.0,1158.66,SURAKSHA,MODERATE,two_wheeler,Swiggy
1,1,0,2,0,37960.97894542468,5.877136654843628,2,3,18,1.0,0.9,0.95,699.0,976.7,RAKSHAK,MODERATE,bicycle,Blinkit
2,1,1,3,0,26191.476090973512,5.274432164951842,0,1,13,1.0,1.0,0.9,999.0,1229.62,SURAKSHA,MODERATE,two_wheeler,Swiggy
0,0,0,3,0,20554.680698424658,7.175852136594267,0,0,22,0.85,0.9,0.9,399.0,697.89,SAATHI,SAFE,two_wheeler,Zomato
1,1,2,1,1,22657.452217344242,11.023794563560557,0,3,13,1.0,1.15,1.0,699.0,1263.32,RAKSHAK,MODERATE,two_wheeler,Blinkit
2,1,0,1,0,18261.204165896714,11.658583103156698,0,0,17,1.0,0.9,1.0,999.0,1349.51,SURAKSHA,MODERATE,two_wheeler,Zomato
0,2,0,3,1,20890.880540548635,11.622380220810355,3,1,5,1.25,0.9,0.9,399.0,760.43,SAATHI,HIGH,ev_two_wheeler,Swiggy
0,0,0,1,0,33748.261653207395,4.97628041699516,0,1,12,0.85,0.9,1.0,399.0,676.89,SAATHI,SAFE,two_wheeler,Swiggy
0,0,0,1,0,24874.411865540966,4.465310364043806,0,2,10,0.85,0.9,1.0,399.0,542.06,SAATHI,SAFE,two_wheeler,Zepto
1,1,0,1,0,20491.704131892675,4.8083664880851735,0,2,15,1.0,0.9,1.0,699.0,932.63,RAKSHAK,MODERATE,two_wheeler,Zepto
1,0,0,2,0,23930.3347489304,5.045683013921596,0,3,19,0.85,0.9,0.95,699.0,906.39,RAKSHAK,SAFE,two_wheeler,Blinkit
1,1,0,3,0,33540.53702195751,4.088250115429178,0,2,1,1.0,0.9,0.9,699.0,762.46,RAKSHAK,MODERATE,two_wheeler,Zepto
1,1,0,1,0,18753.640812787162,11.80699003928043,0,3,17,1.0,0.9,1.0,699.0,1033.11,RAKSHAK,MODERATE,two_wheeler,Blinkit
0,0,0,1,1,14746.312261958848,7.9059290961742255,0,0,3,0.85,0.9,1.0,399.0,522.58,SAATHI,SAFE,two_wheeler,Zomato
1,2,0,2,1,38749.37122210999,10.29522709004236,0,0,8,1.25,0.9,0.95,699.0,1287.8,RAKSHAK,HIGH,two_wheeler,Zomato
2,2,1,1,1,24921.369009492555,9.097611814466244,0,0,1,1.25,1.0,1.0,999.0,1533.36,SURAKSHA,HIGH,two_wheeler,Zomato
0,2,0,2,0,31046.377817833894,4.333383204819074,0,0,24,1.25,0.9,0.95,399.0,835.42,SAATHI,HIGH,two_wheeler,Zomato
1,1,0,3,0,21891.039438057796,6.372284650301242,2,2,10,1.0,0.9,0.9,699.0,713.49,RAKSHAK,MODERATE,bicycle,Zepto
1,1,0,1,0,39100.08097566085,6.363558219819362,2,3,7,1.0,0.9,1.0,699.0,923.04,RAKSHAK,MODERATE,bicycle,Blinkit
1,0,0,1,0,38875.14250612601,7.82604235660739,0,0,17,0.85,0.9,1.0,699.0,1026.73,RAKSHAK,SAFE,two_wheeler,Zomato
1,0,1,3,0,15586.6808982536,6.706140047955987,0,3,7,0.85,1.0,0.9,699.0,708.29,RAKSHAK,SAFE,two_wheeler,Blinkit
1,0,0,2,1,18739.395931310137,4.9720110104073445,0,1,18,0.85,0.9,0.95,699.0,896.04,RAKSHAK,SAFE,two_wheeler,Swiggy
0,2,0,2,0,18189.774400704395,11.827178230404767,3,0,13,1.25,0.9,0.95,399.0,794.89,SAATHI,HIGH,ev_two_wheeler,Zomato
1,1,0,2,0,27107.57417387414,9.823577413845946,0,2,1,1.0,0.9,0.95,699.0,872.97,RAKSHAK,MODERATE,two_wheeler,Zepto
2,0,0,1,0,32815.866010145066,8.895524042698648,0,3,21,0.85,0.9,1.0,999.0,1280.39,SURAKSHA,SAFE,two_wheeler,Blinkit
1,1,2,1,0,27625.185104171076,10.494017734925679,3,2,11,1.0,1.15,1.0,699.0,1171.51,RAKSHAK,MODERATE,ev_two_wheeler,Zepto
2,0,1,2,0,22507.277324394658,8.309565338744314,0,3,3,0.85,1.0,0.95,999.0,1007.68,SURAKSHA,SAFE,two_wheeler,Blinkit
0,1,0,2,0,30994.60703994397,10.050117263131622,0,0,22,1.0,0.9,0.95,399.0,899.89,SAATHI,MODERATE,two_wheeler,Zomato
0,0,2,2,0,23553.411543761467,9.564945171974454,0,1,20,0.85,1.15,0.95,399.0,746.46,SAATHI,SAFE,two_wheeler,Swiggy
0,0,0,2,0,29985.114725346368,4.518828755863747,0,0,15,0.85,0.9,0.95,399.0,658.59,SAATHI,SAFE,two_wheeler,Zomato
0,1,0,3,0,14157.631815761273,4.468407433951834,0,2,12,1.0,0.9,0.9,399.0,484.98,SAATHI,MODERATE,two_wheeler,Zepto
1,2,0,1,0,21189.397101060724,7.472154929391002,0,3,17,1.25,0.9,1.0,699.0,1134.77,RAKSHAK,HIGH,two_wheeler,Blinkit
2,1,1,1,0,33998.24530624649,4.9466895273870986,1,1,5,1.0,1.0,1.0,999.0,1315.64,SURAKSHA,MODERATE,three_wheeler,Swiggy
2,1,0,1,0,21366.316084774102,4.209573668256518,1,1,16,1.0,0.9,1.0,999.0,1278.4,SURAKSHA,MODERATE,three_wheeler,Swiggy
1,2,0,1,1,35574.13987017064,5.4888113427702185,2,2,16,1.25,0.9,1.0,699.0,1229.59,RAKSHAK,HIGH,bicycle,Zepto
1,2,0,2,0,24231.81967322503,9.836065829219173,1,1,5,1.25,0.9,0.95,699.0,1080.78,RAKSHAK,HIGH,three_wheeler,Swiggy
2,1,0,1,0,18915.406374015995,11.250036644168294,0,3,23,1.0,0.9,1.0,999.0,1366.44,SURAKSHA,MODERATE,two_wheeler,Blinkit
2,0,1,1,0,12941.180805131913,4.501225627642836,0,0,10,0.85,1.0,1.0,999.0,1005.25,SURAKSHA,SAFE,two_wheeler,Zomato
1,0,1,2,0,36699.79719989769,7.147582772508732,3,1,11,0.85,1.0,0.95,699.0,914.72,RAKSHAK,SAFE,ev_two_wheeler,Swiggy
1,1,0,2,0,27829.247128005078,7.71145989350669,0,0,24,1.0,0.9,0.95,699.0,1087.32,RAKSHAK,MODERATE,two_wheeler,Zomato
0,1,0,3,0,13894.714133200045,9.66268077783815,0,3,16,1.0,0.9,0.9,399.0,700.33,SAATHI,MODERATE,two_wheeler,Blinkit
1,0,0,3,1,30732.62544521503,7.698364488004858,2,1,15,0.85,0.9,0.9,699.0,916.91,RAKSHAK,SAFE,bicycle,Swiggy
0,1,0,1,0,17638.185899807282,6.06896667910431,0,2,19,1.0,0.9,1.0,399.0,683.06,SAATHI,MODERATE,two_wheeler,Zepto
1,1,0,3,1,36376.19590128819,5.910369691052314,2,2,8,1.0,0.9,0.9,699.0,925.97,RAKSHAK,MODERATE,bicycle,Zepto
1,1,2,2,0,14953.263598785656,9.254240837794352,0,2,24,1.0,1.15,0.95,699.0,1205.87,RAKSHAK,MODERATE,two_wheeler,Zepto
1,0,0,2,0,34199.9237329475,8.620746927049261,0,2,20,0.85,0.9,0.95,699.0,1060.25,RAKSHAK,SAFE,two_wheeler,Zepto
0,2,1,2,0,36001.019195965084,11.249146038126131,0,3,17,1.25,1.0,0.95,399.0,996.29,SAATHI,HIGH,two_wheeler,Blinkit
0,1,0,3,0,16258.919930223641,7.522587346946792,0,2,5,1.0,0.9,0.9,399.0,512.22,SAATHI,MODERATE,two_wheeler,Zepto
1,2,1,2,0,36693.97723253003,7.419917503364921,0,0,22,1.25,1.0,0.95,699.0,1362.45,RAKSHAK,HIGH,two_wheeler,Zomato
0,1,1,3,0,32481.901729530146,5.499295552780658,0,3,8,1.0,1.0,0.9,399.0,669.15,SAATHI,MODERATE,two_wheeler,Blinkit
1,0,1,1,0,34939.14293640091,11.038575311613563,0,2,15,0.85,1.0,1.0,699.0,1147.37,RAKSHAK,SAFE,two_wheeler,Zepto
1,2,0,3,0,17355.29170160843,8.910219350525592,0,0,22,1.25,0.9,0.9,699.0,1090.82,RAKSHAK,HIGH,two_wheeler,Zomato
2,1,0,2,0,20817.748481163093,4.030537072994777,3,2,14,1.0,0.9,0.95,999.0,1110.39,SURAKSHA,MODERATE,ev_two_wheeler,Zepto
0,2,0,1,0,36258.82239903758,5.724238950330655,0,3,14,1.25,0.9,1.0,399.0,887.15,SAATHI,HIGH,two_wheeler,Blinkit
2,2,0,3,0,36478.34827587384,4.001507196452655,2,2,1,1.25,0.9,0.9,999.0,1102.43,SURAKSHA,HIGH,bicycle,Zepto
1,1,0,1,1,25413.961766893834,4.14400071156172,3,3,7,1.0,0.9,1.0,699.0,892.59,RAKSHAK,MODERATE,ev_two_wheeler,Blinkit
0,2,1,2,1,39490.36341129757,8.970755978028237,0,2,8,1.25,1.0,0.95,399.0,984.91,SAATHI,HIGH,two_wheeler,Zepto
1,2,0,1,0,13913.54619490329,6.106526270025601,0,2,8,1.25,0.9,1.0,699.0,955.33,RAKSHAK,HIGH,two_wheeler,Zepto
1,1,1,2,0,36562.704800541615,11.018094102609435,0,2,13,1.0,1.0,0.95,699.0,1165.33,RAKSHAK,MODERATE,two_wheeler,Zepto
1,2,0,2,0,28318.591382337712,11.96350012953048,0,3,17,1.25,0.9,0.95,699.0,1303.39,RAKSHAK,HIGH,two_wheeler,Blinkit
0,0,0,3,0,35220.03038086915,11.03183120225814,0,0,0,0.85,0.9,0.9,399.0,638.59,SAATHI,SAFE,two_wheeler,Zomato
0,1,0,2,0,36990.65211873569,7.547040115033502,0,1,7,1.0,0.9,0.95,399.0,710.07,SAATHI,MODERATE,two_wheeler,Swiggy
1,1,0,1,0,30262.27926727323,11.604248420689629,0,3,1,1.0,0.9,1.0,699.0,971.15,RAKSHAK,MODERATE,two_wheeler,Blinkit
1,2,0,1,0,25229.81394018238,4.36518996401907,0,1,7,1.25,0.9,1.0,699.0,994.89,RAKSHAK,HIGH,two_wheeler,Swiggy
1,1,1,1,0,26464.033596487414,4.044046393283367,0,1,13,1.0,1.0,1.0,699.0,947.77,RAKSHAK,MODERATE,two_wheeler,Swiggy
0,2,0,3,0,26354.69632677966,6.347910585664973,2,0,8,1.25,0.9,0.9,399.0,558.3,SAATHI,HIGH,bicycle,Zomato
1,0,0,1,0,13255.899904659922,7.604776151865072,0,2,13,0.85,0.9,1.0,699.0,784.02,RAKSHAK,SAFE,two_wheeler,Zepto
0,0,2,2,0,20662.4361001579,10.590323073770357,1,3,6,0.85,1.15,0.95,399.0,729.89,SAATHI,SAFE,three_wheeler,Blinkit
0,2,0,1,0,15388.700013585405,7.351582321499803,0,3,19,1.25,0.9,1.0,399.0,800.4,SAATHI,HIGH,two_wheeler,Blinkit
2,1,2,2,0,22133.75974346022,8.749286329668308,0,0,9,1.0,1.15,0.95,999.0,1362.94,SURAKSHA,MODERATE,two_wheeler,Zomato
0,0,0,3,0,26951.089231337384,5.137096990347661,0,1,16,0.85,0.9,0.9,399.0,625.23,SAATHI,SAFE,two_wheeler,Swiggy
1,1,0,1,0,27641.98710061191,6.745338825381266,0,2,22,1.0,0.9,1.0,699.0,1115.34,RAKSHAK,MODERATE,two_wheeler,Zepto
1,0,1,1,0,35027.8264627118,10.86049870129027,0,1,14,0.85,1.0,1.0,699.0,1091.2,RAKSHAK,SAFE,two_wheeler,Swiggy
1,0,0,2,0,31275.340517779834,6.996423096160971,3,3,23,0.85,0.9,0.95,699.0,995.35,RAKSHAK,SAFE,ev_two_wheeler,Blinkit
0,1,0,2,0,21536.916664276167,4.573695110781208,3,2,10,1.0,0.9,0.95,399.0,509.17,SAATHI,MODERATE,ev_two_wheeler,Zepto
1,1,1,2,0,14947.257185516348,5.338877865109024,0,1,17,1.0,1.0,0.95,699.0,922.56,RAKSHAK,MODERATE,two_wheeler,Swiggy
1,2,0,3,0,23072.159503801602,6.505650088561392,0,2,14,1.25,0.9,0.9,699.0,1030.07,RAKSHAK,HIGH,two_wheeler,Zepto
1,0,2,1,1,28882.400541424922,10.6136588779319,2,0,16,0.85,1.15,1.0,699.0,1138.65,RAKSHAK,SAFE,bicycle,Zomato
0,0,0,1,0,27167.734747480114,10.09521450083896,3,1,22,0.85,0.9,1.0,399.0,779.03,SAATHI,SAFE,ev_two_wheeler,Swiggy
1,0,0,2,0,18581.042014507104,10.645508084160614,0,2,3,0.85,0.9,0.95,699.0,769.59,RAKSHAK,SAFE,two_wheeler,Zepto
0,1,0,2,0,20413.702796812104,6.6065849405155985,0,2,23,1.0,0.9,0.95,399.0,706.97,SAATHI,MODERATE,two_wheeler,Zepto
1,0,2,2,1,15706.426612979229,8.74411600288478,0,3,1,0.85,1.15,0.95,699.0,883.29,RAKSHAK,SAFE,two_wheeler,Blinkit
2,0,0,2,0,12964.9152639,11.756861814784763,2,3,18,0.85,0.9,0.95,999.0,1065.11,SURAKSHA,SAFE,bicycle,Blinkit
1,2,0,1,0,26628.436071353004,8.501693592178714,0,3,22,1.25,0.9,1.0,699.0,1279.45,RAKSHAK,HIGH,two_wheeler,Blinkit
1,1,0,1,0,28559.389263829667,10.452714738610215,3,1,2,1.0,0.9,1.0,699.0,840.14,RAKSHAK,MODERATE,ev_two_wheeler,Swiggy
0,0,1,1,0,20733.174240119853,6.048380520839634,3,0,4,0.85,1.0,1.0,399.0,542.31,SAATHI,SAFE,ev_two_wheeler,Zomato
2,0,0,3,0,29711.23507904318,9.15576221696827,0,0,11,0.85,0.9,0.9,999.0,1085.42,SURAKSHA,SAFE,two_wheeler,Zomato
2,0,1,3,0,39850.161963679944,4.718497234262192,0,0,6,0.85,1.0,0.9,999.0,1086.31,SURAKSHA,SAFE,two_wheeler,Zomato
1,0,1,2,0,35685.8003109765,8.908832913899667,0,3,7,0.85,1.0,0.95,699.0,943.19,RAKSHAK,SAFE,two_wheeler,Blinkit
1,1,0,1,0,15107.946766156816,10.465881680073778,0,3,12,1.0,0.9,1.0,699.0,925.38,RAKSHAK,MODERATE,two_wheeler,Blinkit
2,0,0,1,0,18506.76104556934,6.248035991269709,0,1,7,0.85,0.9,1.0,999.0,969.65,SURAKSHA,SAFE,two_wheeler,Swiggy
0,0,0,1,0,29933.329180923633,11.831848921398471,0,1,20,0.85,0.9,1.0,399.0,851.18,SAATHI,SAFE,two_wheeler,Swiggy
1,0,0,2,0,14009.722574342364,9.460937769787218,1,3,13,0.85,0.9,0.95,699.0,820.72,RAKSHAK,SAFE,three_wheeler,Blinkit
1,0,0,2,0,33709.692211287795,6.171275043573715,0,2,22,0.85,0.9,0.95,699.0,1019.01,RAKSHAK,SAFE,two_wheeler,Zepto
0,1,0,1,0,31795.34164876005,4.501516972974927,0,0,17,1.0,0.9,1.0,399.0,767.8,SAATHI,MODERATE,two_wheeler,Zomato
1,0,0,1,0,19571.012018766716,10.74169521728444,3,3,11,0.85,0.9,1.0,699.0,869.6,RAKSHAK,SAFE,ev_two_wheeler,Blinkit
2,1,2,1,0,25826.793132794002,7.1011904436451765,0,3,24,1.0,1.15,1.0,999.0,1629.27,SURAKSHA,MODERATE,two_wheeler,Blinkit
1,0,2,1,0,15628.818233472375,9.408865851315289,0,0,24,0.85,1.15,1.0,699.0,1109.04,RAKSHAK,SAFE,two_wheeler,Zomato
1,1,0,1,1,25327.096468326366,4.887820196681185,0,0,13,1.0,0.9,1.0,699.0,992.57,RAKSHAK,MODERATE,two_wheeler,Zomato
1,0,0,3,1,17935.833531562424,9.258827857361029,3,0,10,0.85,0.9,0.9,699.0,835.86,RAKSHAK,SAFE,ev_two_wheeler,Zomato
1,1,0,2,0,20837.565625373798,9.15866083217851,0,0,20,1.0,0.9,0.95,699.0,1060.19,RAKSHAK,MODERATE,two_wheeler,Zomato
1,1,0,1,0,15122.34194499574,8.126895221698625,0,0,11,1.0,0.9,1.0,699.0,892.08,RAKSHAK,MODERATE,two_wheeler,Zomato
0,2,0,1,0,23320.112923136337,8.24750142729675,2,0,21,1.25,0.9,1.0,399.0,776.51,SAATHI,HIGH,bicycle,Zomato
0,1,0,2,0,33671.75858827735,10.183371855008922,3,1,7,1.0,0.9,0.95,399.0,689.11,SAATHI,MODERATE,ev_two_wheeler,Swiggy
1,0,0,1,0,26502.894775952213,6.784764745346305,0,2,11,0.85,0.9,1.0,699.0,857.85,RAKSHAK,SAFE,two_wheeler,Zepto
0,0,2,2,0,35233.36736805405,8.849172519467839,0,2,23,0.85,1.15,0.95,399.0,888.53,SAATHI,SAFE,two_wheeler,Zepto
1,0,1,1,0,30805.983883288834,8.657670078145848,0,1,7,0.85,1.0,1.0,699.0,914.34,RAKSHAK,SAFE,two_wheeler,Swiggy
2,1,1,2,0,17739.47386675086,9.805017602195328,3,1,6,1.0,1.0,0.95,999.0,1177.54,SURAKSHA,MODERATE,ev_two_wheeler,Swiggy
1,1,0,3,0,29998.92961440488,10.47888149888469,0,0,14,1.0,0.9,0.9,699.0,998.9,RAKSHAK,MODERATE,two_wheeler,Zomato
2,0,0,2,0,38056.99053570304,7.978499569351779,0,2,8,0.85,0.9,0.95,999.0,1098.82,SURAKSHA,SAFE,two_wheeler,Zepto
2,1,2,3,0,38002.48803641672,10.086834756115966,0,0,13,1.0,1.15,0.9,999.0,1531.83,SURAKSHA,MODERATE,two_wheeler,Zomato
1,1,2,1,1,30881.77141265713,5.095992504429371,0,1,10,1.0,1.15,1.0,699.0,1199.02,RAKSHAK,MODERATE,two_wheeler,Swiggy
0,2,0,1,1,26631.11206849749,5.752939835759507,0,2,4,1.25,0.9,1.0,399.0,749.26,SAATHI,HIGH,two_wheeler,Zepto
1,1,0,1,1,32499.432991602764,6.840328451615666,0,1,16,1.0,0.9,1.0,699.0,1133.57,RAKSHAK,MODERATE,two_wheeler,Swiggy
2,1,1,1,0,24830.570210999347,10.25079072491525,0,3,19,1.0,1.0,1.0,999.0,1484.96,SURAKSHA,MODERATE,two_wheeler,Blinkit
1,1,1,2,0,27455.72845938019,10.438024975917559,0,0,20,1.0,1.0,0.95,699.0,1155.06,RAKSHAK,MODERATE,two_wheeler,Zomato
2,1,0,1,1,12012.39788024182,11.21106477313548,0,0,21,1.0,0.9,1.0,999.0,1359.32,SURAKSHA,MODERATE,two_wheeler,Zomato
1,2,0,1,0,14540.207662578068,4.260943586732532,3,3,2,1.25,0.9,1.0,699.0,824.43,RAKSHAK,HIGH,ev_two_wheeler,Blinkit
1,1,0,1,1,37262.61929694266,11.01884489764208,0,3,19,1.0,0.9,1.0,699.0,1305.27,RAKSHAK,MODERATE,two_wheeler,Blinkit
0,1,0,3,0,31027.397959749436,5.7991217345273,0,0,3,1.0,0.9,0.9,399.0,524.89,SAATHI,MODERATE,two_wheeler,Zomato
1,1,0,1,1,35683.78741287909,7.2075340997843735,2,2,13,1.0,0.9,1.0,699.0,1079.31,RAKSHAK,MODERATE,bicycle,Zepto
1,1,0,1,0,28626.469462669233,4.2624769930288675,0,3,13,1.0,0.9,1.0,699.0,939.64,RAKSHAK,MODERATE,two_wheeler,Blinkit
1,2,1,2,0,35094.05997577803,8.125275246851627,2,0,16,1.25,1.0,0.95,699.0,1223.06,RAKSHAK,HIGH,bicycle,Zomato
1,0,0,2,0,28532.07051503541,4.490647645146261,0,0,5,0.85,0.9,0.95,699.0,707.78,RAKSHAK,SAFE,two_wheeler,Zomato
1,0,0,1,0,29937.79659847242,7.32755123665484,0,2,12,0.85,0.9,1.0,699.0,879.21,RAKSHAK,SAFE,two_wheeler,Zepto
1,0,0,1,0,21435.012320088783,11.996351349752754,0,0,3,0.85,0.9,1.0,699.0,858.64,RAKSHAK,SAFE,two_wheeler,Zomato
1,0,0,1,0,19527.708788679614,9.027472379351991,0,1,21,0.85,0.9,1.0,699.0,920.5,RAKSHAK,SAFE,two_wheeler,Swiggy
0,1,0,2,0,31837.711529798326,5.376713834362075,0,0,16,1.0,0.9,0.95,399.0,762.43,SAATHI,MODERATE,two_wheeler,Zomato
1,2,2,1,0,13453.068386515504,5.1373635736311645,0,2,5,1.25,1.15,1.0,699.0,1140.07,RAKSHAK,HIGH,two_wheeler,Zepto
1,2,1,2,0,27380.67360144291,6.495872162611348,3,2,14,1.25,1.0,0.95,699.0,1096.15,RAKSHAK,HIGH,ev_two_wheeler,Zepto
2,0,0,2,1,24254.517188149697,5.879787239967622,2,2,18,0.85,0.9,0.95,999.0,1072.26,SURAKSHA,SAFE,bicycle,Zepto
1,1,0,2,1,17019.15713341812,10.400027854109451,0,0,2,1.0,0.9,0.95,699.0,885.48,RAKSHAK,MODERATE,two_wheeler,Zomato
1,1,1,2,0,29496.47478899597,8.573967865149989,0,1,15,1.0,1.0,0.95,699.0,1097.25,RAKSHAK,MODERATE,two_wheeler,Swiggy
2,1,0,2,0,20589.744786619955,6.823668027618853,0,3,16,1.0,0.9,0.95,999.0,1184.53,SURAKSHA,MODERATE,two_wheeler,Blinkit
2,1,0,1,0,21308.772400163936,4.452685249173725,0,0,14,1.0,0.9,1.0,999.0,1184.2,SURAKSHA,MODERATE,two_wheeler,Zomato
1,2,1,1,0,33026.31435417291,4.810983180425273,2,2,23,1.25,1.0,1.0,699.0,1237.5,RAKSHAK,HIGH,bicycle,Zepto
2,0,0,2,1,27553.871874964083,5.518522423777248,0,0,19,0.85,0.9,0.95,999.0,1158.11,SURAKSHA,SAFE,two_wheeler,Zomato
1,0,1,2,0,29659.61319244598,8.396850148246052,0,2,5,0.85,1.0,0.95,699.0,871.85,RAKSHAK,SAFE,two_wheeler,Zepto
0,0,0,2,0,14578.667090521267,8.427032129013659,3,2,20,0.85,0.9,0.95,399.0,635.04,SAATHI,SAFE,ev_two_wheeler,Zepto
0,2,0,2,0,26721.174147655776,5.996194934705989,0,1,1,1.25,0.9,0.95,399.0,606.75,SAATHI,HIGH,two_wheeler,Swiggy
1,1,1,1,1,27175.722096913443,11.517212090348066,0,3,9,1.0,1.0,1.0,699.0,1176.67,RAKSHAK,MODERATE,two_wheeler,Blinkit
1,2,0,2,0,32799.09929737686,6.616357153214542,0,3,19,1.25,0.9,0.95,699.0,1217.69,RAKSHAK,HIGH,two_wheeler,Blinkit
1,0,0,3,0,27312.527044529248,9.365404203058604,0,0,17,0.85,0.9,0.9,699.0,935.81,RAKSHAK,SAFE,two_wheeler,Zomato
1,0,0,3,0,21967.188909675042,4.1265055698636965,0,2,10,0.85,0.9,0.9,699.0,742.15,RAKSHAK,SAFE,two_wheeler,Zepto
1,1,0,3,0,25818.02778032343,6.266438099399445,0,3,23,1.0,0.9,0.9,699.0,1006.54,RAKSHAK,MODERATE,two_wheeler,Blinkit
0,1,2,1,0,23969.878209989256,5.649739240673119,1,3,10,1.0,1.15,1.0,399.0,730.66,SAATHI,MODERATE,three_wheeler,Blinkit
1,2,1,1,1,29862.719355172685,10.669145073151668,0,3,7,1.25,1.0,1.0,699.0,1332.16,RAKSHAK,HIGH,two_wheeler,Blinkit
1,1,0,2,0,28767.67120222429,5.6087898195413395,3,3,21,1.0,0.9,0.95,699.0,984.7,RAKSHAK,MODERATE,ev_two_wheeler,Blinkit
1,2,1,1,0,37872.75237192052,4.895044932392991,0,2,4,1.25,1.0,1.0,699.0,1162.74,RAKSHAK,HIGH,two_wheeler,Zepto
1,2,1,2,0,20097.248496286596,6.478455002579752,1,2,23,1.25,1.0,0.95,699.0,1245.84,RAKSHAK,HIGH,three_wheeler,Zepto
1,0,0,3,1,21148.791176841143,6.835399590344439,3,0,9,0.85,0.9,0.9,699.0,789.0,RAKSHAK,SAFE,ev_two_wheeler,Zomato
0,0,0,2,0,17428.165902232995,10.870534169345238,0,0,9,0.85,0.9,0.95,399.0,586.7,SAATHI,SAFE,two_wheeler,Zomato
1,1,0,2,0,31430.58853428439,5.836785286031749,0,0,22,1.0,0.9,0.95,699.0,1089.9,RAKSHAK,MODERATE,two_wheeler,Zomato
1,1,1,2,0,14339.521450299313,4.153031731498296,3,0,10,1.0,1.0,0.95,699.0,806.14,RAKSHAK,MODERATE,ev_two_wheeler,Zomato
0,1,0,2,0,13616.500458303282,7.128262953019189,0,1,18,1.0,0.9,0.95,399.0,657.36,SAATHI,MODERATE,two_wheeler,Swiggy
1,1,0,1,0,27145.34010746626,9.571438456288858,0,2,14,1.0,0.9,1.0,699.0,1026.76,RAKSHAK,MODERATE,two_wheeler,Zepto
1,1,0,1,0,15281.709359046536,6.6976526045260165,0,0,23,1.0,0.9,1.0,699.0,1017.51,RAKSHAK,MODERATE,two_wheeler,Zomato
1,0,1,2,1,33741.700474228506,8.890692817733175,0,0,10,0.85,1.0,0.95,699.0,1046.05,RAKSHAK,SAFE,two_wheeler,Zomato
1,1,2,2,0,33073.8722340114,7.720441986405155,0,3,21,1.0,1.15,0.95,699.0,1255.53,RAKSHAK,MODERATE,two_wheeler,Blinkit
2,1,0,2,1,23327.922379312487,7.874755410332069,0,0,10,1.0,0.9,0.95,999.0,1228.65,SURAKSHA,MODERATE,two_wheeler,Zomato
2,2,0,1,0,32806.28310967864,10.783423070106789,0,3,19,1.25,0.9,1.0,999.0,1652.54,SURAKSHA,HIGH,two_wheeler,Blinkit
1,0,2,1,1,13199.451543335172,7.571095122105558,0,0,2,0.85,1.15,1.0,699.0,847.93,RAKSHAK,SAFE,two_wheeler,Zomato
0,0,0,1,1,22618.34304105257,10.65094164977576,0,3,16,0.85,0.9,1.0,399.0,769.43,SAATHI,SAFE,two_wheeler,Blinkit
1,1,0,1,0,28343.980456478188,10.255679817263673,0,3,12,1.0,0.9,1.0,699.0,1078.42,RAKSHAK,MODERATE,two_wheeler,Blinkit
1,0,1,1,0,36931.4664821412,9.999822387616566,0,3,16,0.85,1.0,1.0,699.0,1093.36,RAKSHAK,SAFE,two_wheeler,Blinkit
0,1,2,2,0,16381.348048100816,7.791369760928822,0,1,12,1.0,1.15,0.95,399.0,686.66,SAATHI,MODERATE,two_wheeler,Swiggy
1,0,0,3,0,17261.770662829047,4.615773355046993,0,1,1,0.85,0.9,0.9,699.0,601.31,RAKSHAK,SAFE,two_wheeler,Swiggy
0,1,1,1,0,19393.735571424128,11.512547835602334,0,1,0,1.0,1.0,1.0,399.0,656.84,SAATHI,MODERATE,two_wheeler,Swiggy
1,0,0,2,1,33784.70680805029,10.086810647446253,0,2,5,0.85,0.9,0.95,699.0,957.87,RAKSHAK,SAFE,two_wheeler,Zepto
1,1,0,1,0,12942.939308484993,11.03348618080998,1,0,2,1.0,0.9,1.0,699.0,878.45,RAKSHAK,MODERATE,three_wheeler,Zomato
2,1,2,1,1,39892.41485796581,10.603325312991585,0,1,1,1.0,1.15,1.0,999.0,1634.84,SURAKSHA,MODERATE,two_wheeler,Swiggy
1,2,0,3,0,32949.1495373677,10.453320424214532,1,1,9,1.25,0.9,0.9,699.0,1178.07,RAKSHAK,HIGH,three_wheeler,Swiggy
1,0,0,1,0,27853.059354301986,6.502223913682832,0,2,15,0.85,0.9,1.0,699.0,902.84,RAKSHAK,SAFE,two_wheeler,Zepto
1,0,1,2,0,35439.34957925826,8.956209600290427,0,3,2,0.85,1.0,0.95,699.0,887.88,RAKSHAK,SAFE,two_wheeler,Blinkit
1,0,1,1,0,22898.453207370076,5.831003699867992,0,0,18,0.85,1.0,1.0,699.0,966.45,RAKSHAK,SAFE,two_wheeler,Zomato
2,0,0,1,1,39471.3014203022,9.19607143765958,0,3,16,0.85,0.9,1.0,999.0,1388.47,SURAKSHA,SAFE,two_wheeler,Blinkit
1,2,1,1,1,16685.996902629868,8.002875569724484,2,2,8,1.25,1.0,1.0,699.0,1076.75,RAKSHAK,HIGH,bicycle,Zepto
1,2,0,2,0,17021.968288098746,9.641113164564507,0,1,21,1.25,0.9,0.95,699.0,1135.03,RAKSHAK,HIGH,two_wheeler,Swiggy
2,0,1,2,1,34478.706175086016,11.687361175430597,0,0,2,0.85,1.0,0.95,999.0,1311.18,SURAKSHA,SAFE,two_wheeler,Zomato
1,2,0,1,1,28329.34251975873,8.74272144406488,3,1,7,1.25,0.9,1.0,699.0,1197.57,RAKSHAK,HIGH,ev_two_wheeler,Swiggy
0,0,2,3,0,17914.491281242066,10.903974650870977,3,3,14,0.85,1.15,0.9,399.0,709.31,SAATHI,SAFE,ev_two_wheeler,Blinkit
1,0,1,3,0,37126.244242146095,8.981044268789265,2,3,22,0.85,1.0,0.9,699.0,1029.92,RAKSHAK,SAFE,bicycle,Blinkit
1,0,2,3,1,38263.02648014904,4.680827888958283,0,0,10,0.85,1.15,0.9,699.0,1053.6,RAKSHAK,SAFE,two_wheeler,Zomato
1,1,0,1,0,16689.750494635016,5.178204508416727,0,2,2,1.0,0.9,1.0,699.0,719.9,RAKSHAK,MODERATE,two_wheeler,Zepto
1,0,0,1,0,13751.815582144643,5.684055517322744,0,1,21,0.85,0.9,1.0,699.0,838.33,RAKSHAK,SAFE,two_wheeler,Swiggy
2,1,0,1,0,20467.74631579902,8.507266915870833,0,3,4,1.0,0.9,1.0,999.0,1158.79,SURAKSHA,MODERATE,two_wheeler,Blinkit
1,0,0,1,0,20580.977105198966,10.579049689482835,0,3,9,0.85,0.9,1.0,699.0,856.07,RAKSHAK,SAFE,two_wheeler,Blinkit
0,0,0,2,0,36141.68326242929,6.511003973779764,0,0,22,0.85,0.9,0.95,399.0,806.35,SAATHI,SAFE,two_wheeler,Zomato
0,1,0,2,0,15276.328296022493,10.397743308949757,1,2,15,1.0,0.9,0.95,399.0,762.44,SAATHI,MODERATE,three_wheeler,Zepto
1,1,2,3,1,26284.15465277705,9.889918481070666,2,1,13,1.0,1.15,0.9,699.0,1071.7,RAKSHAK,MODERATE,bicycle,Swiggy
1,0,0,3,0,35919.302091925405,7.926120053698884,0,1,21,0.85,0.9,0.9,699.0,1035.66,RAKSHAK,SAFE,two_wheeler,Swiggy
2,0,0,1,0,19078.356432441644,11.5111596803302,3,3,11,0.85,0.9,1.0,999.0,1118.58,SURAKSHA,SAFE,ev_two_wheeler,Blinkit
1,0,0,2,0,28490.126098475797,10.013409376183354,0,0,12,0.85,0.9,0.95,699.0,925.04,RAKSHAK,SAFE,two_wheeler,Zomato
2,1,0,1,0,17586.148818029036,6.35159280813518,0,0,7,1.0,0.9,1.0,999.0,1067.41,SURAKSHA,MODERATE,two_wheeler,Zomato
0,2,1,2,0,33291.88072710921,8.103377318198126,0,0,6,1.25,1.0,0.95,399.0,797.52,SAATHI,HIGH,two_wheeler,Zomato
2,0,0,1,0,21531.523571199272,8.08464605967648,1,1,19,0.85,0.9,1.0,999.0,1206.75,SURAKSHA,SAFE,three_wheeler,Swiggy
1,0,0,1,1,16499.028371931665,4.199773296936397,0,1,1,0.85,0.9,1.0,699.0,728.37,RAKSHAK,SAFE,two_wheeler,Swiggy
0,0,0,2,0,16857.889409940617,7.03801218335454,0,0,7,0.85,0.9,0.95,399.0,537.41,SAATHI,SAFE,two_wheeler,Zomato
0,1,2,1,0,12536.353595435081,10.614868487782026,3,3,21,1.0,1.15,1.0,399.0,855.04,SAATHI,MODERATE,ev_two_wheeler,Blinkit
0,0,0,3,0,38129.742457260574,6.123971259432579,0,3,16,0.85,0.9,0.9,399.0,706.84,SAATHI,SAFE,two_wheeler,Blinkit
0,1,1,1,0,38974.08897248906,4.082275967485536,0,3,16,1.0,1.0,1.0,399.0,838.09,SAATHI,MODERATE,two_wheeler,Blinkit
1,1,0,1,0,35786.95803366124,4.711917718850773,3,1,15,1.0,0.9,1.0,699.0,987.92,RAKSHAK,MODERATE,ev_two_wheeler,Swiggy
2,0,1,1,0,24565.806511849216,11.30586144337165,0,3,2,0.85,1.0,1.0,999.0,1106.93,SURAKSHA,SAFE,two_wheeler,Blinkit
0,1,1,1,0,20239.468625839203,4.918375418010241,0,1,15,1.0,1.0,1.0,399.0,674.39,SAATHI,MODERATE,two_wheeler,Swiggy
2,0,2,3,1,20788.586142420765,9.528446501914093,1,2,0,0.85,1.15,0.9,999.0,1237.72,SURAKSHA,SAFE,three_wheeler,Zepto
1,1,0,3,0,32577.923727057037,8.251639313514442,3,0,5,1.0,0.9,0.9,699.0,869.83,RAKSHAK,MODERATE,ev_two_wheeler,Zomato
0,1,0,2,1,21630.815223615195,9.864000857780987,0,3,3,1.0,0.9,0.95,399.0,665.7,SAATHI,MODERATE,two_wheeler,Blinkit
1,0,1,3,0,21150.25176401777,4.086488669081571,3,3,22,0.85,1.0,0.9,699.0,880.02,RAKSHAK,SAFE,ev_two_wheeler,Blinkit
0,0,2,1,0,28655.726626053467,9.91093341706426,0,2,18,0.85,1.15,1.0,399.0,855.6,SAATHI,SAFE,two_wheeler,Zepto
1,1,1,2,0,18894.836507176802,7.388383327935171,0,1,8,1.0,1.0,0.95,699.0,884.61,RAKSHAK,MODERATE,two_wheeler,Swiggy
0,0,0,2,0,28173.68912164383,6.873669975861523,0,1,20,0.85,0.9,0.95,399.0,722.34,SAATHI,SAFE,two_wheeler,Swiggy
1,0,0,3,0,17853.66246379169,4.677506735002455,3,3,16,0.85,0.9,0.9,699.0,737.07,RAKSHAK,SAFE,ev_two_wheeler,Blinkit
1,0,1,1,0,20492.004943779924,11.460439027354496,0,2,5,0.85,1.0,1.0,699.0,881.32,RAKSHAK,SAFE,two_wheeler,Zepto
1,0,0,1,0,16514.12673530343,9.251276828005256,0,1,17,0.85,0.9,1.0,699.0,909.34,RAKSHAK,SAFE,two_wheeler,Swiggy
2,0,1,3,0,14150.485352803804,6.837329639880663,0,2,3,0.85,1.0,0.9,999.0,884.9,SURAKSHA,SAFE,two_wheeler,Zepto
1,2,1,1,0,14964.48090996762,6.839181467892432,0,3,12,1.25,1.0,1.0,699.0,1172.58,RAKSHAK,HIGH,two_wheeler,Blinkit
0,0,0,3,0,23737.120525259397,5.3456292461321455,0,3,12,0.85,0.9,0.9,399.0,604.4,SAATHI,SAFE,two_wheeler,Blinkit
1,0,1,3,0,36813.08961962166,11.474432913339921,0,2,18,0.85,1.0,0.9,699.0,1076.79,RAKSHAK,SAFE,two_wheeler,Zepto
0,0,1,1,0,35085.202492927376,5.171490052822529,0,1,4,0.85,1.0,1.0,399.0,586.36,SAATHI,SAFE,two_wheeler,Swiggy
0,2,0,3,0,35637.945108012005,7.872164580075233,0,3,8,1.25,0.9,0.9,399.0,799.36,SAATHI,HIGH,two_wheeler,Blinkit
1,0,1,2,0,18549.114081221698,5.687089821446305,0,2,21,0.85,1.0,0.95,699.0,874.46,RAKSHAK,SAFE,two_wheeler,Zepto
2,1,1,1,1,12721.548765401832,8.828230452008967,0,1,22,1.0,1.0,1.0,999.0,1397.89,SURAKSHA,MODERATE,two_wheeler,Swiggy
1,0,0,1,0,23681.41571980814,5.28180480781205,0,0,12,0.85,0.9,1.0,699.0,779.65,RAKSHAK,SAFE,two_wheeler,Zomato
1,1,0,1,0,12464.58945771274,9.293749461151652,2,1,19,1.0,0.9,1.0,699.0,868.21,RAKSHAK,MODERATE,bicycle,Swiggy
0,2,0,1,1,37940.986342773176,7.357019062454483,3,2,21,1.25,0.9,1.0,399.0,1030.92,SAATHI,HIGH,ev_two_wheeler,Zepto
0,1,0,2,0,34046.414828179644,6.451462581626973,0,2,15,1.0,0.9,0.95,399.0,738.28,SAATHI,MODERATE,two_wheeler,Zepto
1,0,1,1,1,22492.21517420654,8.398948502209642,0,2,7,0.85,1.0,1.0,699.0,976.38,RAKSHAK,SAFE,two_wheeler,Zepto
0,1,0,1,1,38051.15576474111,4.762887370184028,0,2,21,1.0,0.9,1.0,399.0,946.82,SAATHI,MODERATE,two_wheeler,Zepto
0,0,2,2,0,25562.95319682378,9.550444455739294,2,0,19,0.85,1.15,0.95,399.0,724.8,SAATHI,SAFE,bicycle,Zomato
0,1,2,2,0,21703.64527486333,7.261726165321802,2,2,15,1.0,1.15,0.95,399.0,684.43,SAATHI,MODERATE,bicycle,Zepto
1,0,1,1,1,37079.31843946526,6.378297634250612,2,2,6,0.85,1.0,1.0,699.0,895.65,RAKSHAK,SAFE,bicycle,Zepto
0,1,1,2,1,23115.780541809276,5.250535765670887,3,2,10,1.0,1.0,0.95,399.0,709.02,SAATHI,MODERATE,ev_two_wheeler,Zepto
0,0,0,1,0,21850.54017948987,10.093407009709301,3,1,20,0.85,0.9,1.0,399.0,703.37,SAATHI,SAFE,ev_two_wheeler,Swiggy
2,0,0,1,0,30630.22583572932,8.00568740669337,0,1,15,0.85,0.9,1.0,999.0,1212.59,SURAKSHA,SAFE,two_wheeler,Swiggy
1,1,0,1,0,17460.25145228124,9.216744495053206,0,1,20,1.0,0.9,1.0,699.0,1046.69,RAKSHAK,MODERATE,two_wheeler,Swiggy
1,0,0,1,0,38987.04850459726,5.080641169806086,3,3,2,0.85,0.9,1.0,699.0,804.78,RAKSHAK,SAFE,ev_two_wheeler,Blinkit
1,1,0,1,0,24993.86730332613,11.544495179255772,0,1,0,1.0,0.9,1.0,699.0,942.15,RAKSHAK,MODERATE,two_wheeler,Swiggy
1,1,1,1,0,31638.73199567132,4.907526536831334,0,0,15,1.0,1.0,1.0,699.0,1063.11,RAKSHAK,MODERATE,two_wheeler,Zomato
2,0,1,3,1,25515.977246154165,10.219643737459084,0,0,18,0.85,1.0,0.9,999.0,1250.88,SURAKSHA,SAFE,two_wheeler,Zomato
1,0,1,1,1,28576.47159809376,5.32720819496629,0,2,6,0.85,1.0,1.0,699.0,896.98,RAKSHAK,SAFE,two_wheeler,Zepto
0,1,2,1,1,39760.69989959818,9.814710648385901,0,3,15,1.0,1.15,1.0,399.0,1068.24,SAATHI,MODERATE,two_wheeler,Blinkit
2,1,1,3,0,12031.138637493248,6.1756364751855894,0,0,4,1.0,1.0,0.9,999.0,1036.53,SURAKSHA,MODERATE,two_wheeler,Zomato
1,0,2,3,0,15535.591839016492,10.507475858594113,1,3,16,0.85,1.15,0.9,699.0,1067.29,RAKSHAK,SAFE,three_wheeler,Blinkit
2,2,2,2,0,20365.920389519044,11.129600584508818,0,0,20,1.25,1.15,0.95,999.0,1806.87,SURAKSHA,HIGH,two_wheeler,Zomato
0,0,2,3,1,27487.135189634402,10.498064967922735,0,3,21,0.85,1.15,0.9,399.0,981.76,SAATHI,SAFE,two_wheeler,Blinkit
1,2,0,1,0,16953.11462307155,11.898689268636367,0,3,23,1.25,0.9,1.0,699.0,1256.08,RAKSHAK,HIGH,two_wheeler,Blinkit
0,2,0,1,0,30830.203354862177,9.45753351404079,0,2,15,1.25,0.9,1.0,399.0,900.07,SAATHI,HIGH,two_wheeler,Zepto
0,1,0,2,0,34514.6787497406,7.407501667735516,0,2,18,1.0,0.9,0.95,399.0,840.04,SAATHI,MODERATE,two_wheeler,Zepto
0,0,0,2,0,18328.929510082256,8.408407626359459,0,3,15,0.85,0.9,0.95,399.0,660.76,SAATHI,SAFE,two_wheeler,Blinkit
0,0,0,1,0,28396.45514843315,8.354759101074569,0,0,13,0.85,0.9,1.0,399.0,693.65,SAATHI,SAFE,two_wheeler,Zomato
2,1,0,1,0,37142.188216424634,10.479395362423194,0,1,19,1.0,0.9,1.0,999.0,1469.72,SURAKSHA,MODERATE,two_wheeler,Swiggy
1,0,2,2,0,21444.479421089618,11.53261482187147,0,0,4,0.85,1.15,0.95,699.0,913.66,RAKSHAK,SAFE,two_wheeler,Zomato
1,0,0,1,0,34120.415563676695,6.543860410722679,2,1,10,0.85,0.9,1.0,699.0,829.33,RAKSHAK,SAFE,bicycle,Swiggy
2,0,0,1,0,25980.482488401107,4.850698378785817,0,2,13,0.85,0.9,1.0,999.0,1036.26,SURAKSHA,SAFE,two_wheeler,Zepto
0,2,1,2,0,23114.5432421602,7.643065083844861,0,1,24,1.25,1.0,0.95,399.0,897.41,SAATHI,HIGH,two_wheeler,Swiggy
2,1,0,1,0,15113.844925470125,10.945354362612033,3,0,0,1.0,0.9,1.0,999.0,1041.92,SURAKSHA,MODERATE,ev_two_wheeler,Zomato
0,1,0,1,0,14760.638446774221,4.931822797386697,0,1,23,1.0,0.9,1.0,399.0,667.71,SAATHI,MODERATE,two_wheeler,Swiggy
2,1,0,1,0,36605.538994201605,8.46681852051291,0,2,3,1.0,0.9,1.0,999.0,1249.49,SURAKSHA,MODERATE,two_wheeler,Zepto
1,1,0,1,0,35202.2813713121,10.26775648039414,0,1,20,1.0,0.9,1.0,699.0,1255.11,RAKSHAK,MODERATE,two_wheeler,Swiggy
0,1,2,1,0,13127.994525783957,7.24338260111324,0,1,4,1.0,1.15,1.0,399.0,606.71,SAATHI,MODERATE,two_wheeler,Swiggy
1,0,1,1,0,24315.957911987378,9.15165263558091,3,3,20,0.85,1.0,1.0,699.0,1009.48,RAKSHAK,SAFE,ev_two_wheeler,Blinkit
0,0,0,1,0,13354.155909365865,10.563900675842198,0,1,3,0.85,0.9,1.0,399.0,483.34,SAATHI,SAFE,two_wheeler,Swiggy
1,0,1,2,0,23595.949910038653,11.6635668794091,0,2,13,0.85,1.0,0.95,699.0,962.05,RAKSHAK,SAFE,two_wheeler,Zepto
0,1,0,1,0,28922.06095201359,10.109538154802564,0,0,9,1.0,0.9,1.0,399.0,686.25,SAATHI,MODERATE,two_wheeler,Zomato
1,0,0,1,0,23138.21634601475,8.093659576917606,0,1,18,0.85,0.9,1.0,699.0,956.25,RAKSHAK,SAFE,two_wheeler,Swiggy
2,0,0,1,0,28068.243790958695,8.528147399102568,0,2,15,0.85,0.9,1.0,999.0,1163.15,SURAKSHA,SAFE,two_wheeler,Zepto
0,2,0,2,0,13276.384422562725,11.567767118764795,2,1,13,1.25,0.9,0.95,399.0,640.04,SAATHI,HIGH,bicycle,Swiggy
1,1,0,1,0,18883.72838981521,6.865117732233156,3,0,10,1.0,0.9,1.0,699.0,875.11,RAKSHAK,MODERATE,ev_two_wheeler,Zomato
0,2,0,1,0,29970.94647044019,7.286310479996894,0,3,14,1.25,0.9,1.0,399.0,865.41,SAATHI,HIGH,two_wheeler,Blinkit
1,1,0,1,1,28782.072301180637,9.829250273892821,0,3,15,1.0,0.9,1.0,699.0,1150.31,RAKSHAK,MODERATE,two_wheeler,Blinkit
0,0,1,2,0,37828.15994237148,4.581879582229347,0,1,17,0.85,1.0,0.95,399.0,734.95,SAATHI,SAFE,two_wheeler,Swiggy
1,1,0,3,1,18290.407133969464,7.194660641593781,2,2,18,1.0,0.9,0.9,699.0,904.32,RAKSHAK,MODERATE,bicycle,Zepto
0,0,0,2,1,34516.635819548756,10.9313854683176,2,3,16,0.85,0.9,0.95,399.0,827.85,SAATHI,SAFE,bicycle,Blinkit
2,2,0,1,0,39902.736646361336,5.081738509702838,0,3,15,1.25,0.9,1.0,999.0,1521.48,SURAKSHA,HIGH,two_wheeler,Blinkit
0,1,1,1,0,22018.714981396606,8.750245055547618,0,2,22,1.0,1.0,1.0,399.0,901.24,SAATHI,MODERATE,two_wheeler,Zepto
0,1,0,1,0,12705.57465498995,6.838654844345301,0,2,17,1.0,0.9,1.0,399.0,642.69,SAATHI,MODERATE,two_wheeler,Zepto
1,1,1,2,0,15729.099518690655,6.09066414308307,0,0,20,1.0,1.0,0.95,699.0,989.02,RAKSHAK,MODERATE,two_wheeler,Zomato
0,1,0,1,0,32569.032419894982,4.191570122163868,0,1,13,1.0,0.9,1.0,399.0,682.69,SAATHI,MODERATE,two_wheeler,Swiggy
0,1,0,3,0,12631.806327749722,10.893319077592807,0,3,10,1.0,0.9,0.9,399.0,604.93,SAATHI,MODERATE,two_wheeler,Blinkit
1,0,0,2,1,28019.442984221776,5.446281204499036,0,2,1,0.85,0.9,0.95,699.0,781.01,RAKSHAK,SAFE,two_wheeler,Zepto
1,1,0,2,0,14458.07063762848,5.374635682861268,0,0,24,1.0,0.9,0.95,699.0,934.61,RAKSHAK,MODERATE,two_wheeler,Zomato
0,0,1,1,1,20646.46370978923,6.3482783396692835,0,0,16,0.85,1.0,1.0,399.0,735.6,SAATHI,SAFE,two_wheeler,Zomato
1,1,0,2,0,15721.985195823514,9.107910278393085,0,0,13,1.0,0.9,0.95,699.0,926.56,RAKSHAK,MODERATE,two_wheeler,Zomato
0,0,0,3,0,30897.009685516336,5.912531072600237,0,0,23,0.85,0.9,0.9,399.0,756.52,SAATHI,SAFE,two_wheeler,Zomato
1,2,1,3,0,33892.945563912916,10.126869151077937,0,3,24,1.25,1.0,0.9,699.0,1373.6,RAKSHAK,HIGH,two_wheeler,Blinkit
0,0,1,2,0,17790.901007735098,8.035647533354844,0,0,2,0.85,1.0,0.95,399.0,536.68,SAATHI,SAFE,two_wheeler,Zomato
1,0,0,3,1,35105.91839526967,10.36046414084905,0,2,11,0.85,0.9,0.9,699.0,992.62,RAKSHAK,SAFE,two_wheeler,Zepto
2,2,1,1,0,37290.94694266365,6.139322227776861,0,1,18,1.25,1.0,1.0,999.0,1705.59,SURAKSHA,HIGH,two_wheeler,Swiggy
2,2,2,2,0,37530.92160321056,4.780061539711002,0,0,5,1.25,1.15,0.95,999.0,1632.26,SURAKSHA,HIGH,two_wheeler,Zomato
1,0,0,1,0,13783.173490070469,5.417017153586032,0,3,13,0.85,0.9,1.0,699.0,728.54,RAKSHAK,SAFE,two_wheeler,Blinkit
1,0,2,1,1,15687.233296213797,9.640327250828742,3,2,7,0.85,1.15,1.0,699.0,967.85,RAKSHAK,SAFE,ev_two_wheeler,Zepto
1,0,0,3,1,18095.95036338824,4.705217265093156,3,1,22,0.85,0.9,0.9,699.0,877.61,RAKSHAK,SAFE,ev_two_wheeler,Swiggy
1,0,0,1,0,39474.76472875294,11.459911388718414,1,0,14,0.85,0.9,1.0,699.0,1129.38,RAKSHAK,SAFE,three_wheeler,Zomato
0,2,2,1,0,15898.911648635067,8.896068239675643,0,0,21,1.25,1.15,1.0,399.0,972.49,SAATHI,HIGH,two_wheeler,Zomato
1,0,2,1,1,28313.602089130236,11.963793218774516,0,2,19,0.85,1.15,1.0,699.0,1296.74,RAKSHAK,SAFE,two_wheeler,Zepto
1,2,0,1,0,24952.619318944286,4.266143769354867,0,3,24,1.25,0.9,1.0,699.0,1194.78,RAKSHAK,HIGH,two_wheeler,Blinkit
1,1,0,3,1,35890.78913751929,9.388372625051126,0,0,10,1.0,0.9,0.9,699.0,1073.43,RAKSHAK,MODERATE,two_wheeler,Zomato
1,0,1,2,0,35678.298623765586,6.076826269667828,2,0,15,0.85,1.0,0.95,699.0,919.25,RAKSHAK,SAFE,bicycle,Zomato
1,2,2,3,0,16698.8086780888,4.9629086096798884,0,2,13,1.25,1.15,0.9,699.0,1084.55,RAKSHAK,HIGH,two_wheeler,Zepto
2,1,0,2,0,22495.097881799935,8.970644993245658,0,0,9,1.0,0.9,0.95,999.0,1158.86,SURAKSHA,MODERATE,two_wheeler,Zomato
2,0,1,3,0,30804.456802289926,4.253779934528249,0,2,1,0.85,1.0,0.9,999.0,936.4,SURAKSHA,SAFE,two_wheeler,Zepto
1,2,0,1,0,36822.07074597327,7.189139953704512,0,1,17,1.25,0.9,1.0,699.0,1275.94,RAKSHAK,HIGH,two_wheeler,Swiggy
1,0,0,1,1,13922.162652140423,11.935113567579933,0,2,21,0.85,0.9,1.0,699.0,1037.75,RAKSHAK,SAFE,two_wheeler,Zepto
0,0,0,1,0,22171.638299169186,7.5091800019684385,0,2,10,0.85,0.9,1.0,399.0,592.39,SAATHI,SAFE,two_wheeler,Zepto
1,0,1,3,0,30872.490976751084,10.754518913219059,3,3,23,0.85,1.0,0.9,699.0,1105.71,RAKSHAK,SAFE,ev_two_wheeler,Blinkit
0,1,0,2,0,36210.26592887688,4.94928491579631,0,3,0,1.0,0.9,0.95,399.0,564.74,SAATHI,MODERATE,two_wheeler,Blinkit
2,0,1,2,0,34483.476436654906,11.846350443316679,0,0,20,0.85,1.0,0.95,999.0,1405.0,SURAKSHA,SAFE,two_wheeler,Zomato
0,0,1,1,0,31626.19022050398,5.554188568014411,0,3,16,0.85,1.0,1.0,399.0,771.39,SAATHI,SAFE,two_wheeler,Blinkit
1,1,0,2,0,17206.922211607696,11.606549279331452,0,0,12,1.0,0.9,0.95,699.0,951.84,RAKSHAK,MODERATE,two_wheeler,Zomato
2,2,1,3,0,31766.7746242402,8.029508874625911,0,2,0,1.25,1.0,0.9,999.0,1438.1,SURAKSHA,HIGH,two_wheeler,Zepto
1,1,0,1,1,37694.12378132413,11.099751521703059,2,2,17,1.0,0.9,1.0,699.0,1175.68,RAKSHAK,MODERATE,bicycle,Zepto
2,2,1,1,0,28701.078111579223,10.515071365352652,0,3,16,1.25,1.0,1.0,999.0,1732.17,SURAKSHA,HIGH,two_wheeler,Blinkit
1,1,1,1,1,17714.454512361288,7.7523259801452316,3,3,17,1.0,1.0,1.0,699.0,1082.94,RAKSHAK,MODERATE,ev_two_wheeler,Blinkit
1,0,0,2,0,31321.312875464588,6.528810492375764,0,0,9,0.85,0.9,0.95,699.0,816.16,RAKSHAK,SAFE,two_wheeler,Zomato
0,0,0,1,1,12169.317209151395,7.870881750914491,0,1,23,0.85,0.9,1.0,399.0,784.87,SAATHI,SAFE,two_wheeler,Swiggy
1,2,0,2,0,24425.597494582864,6.25894335234125,0,3,9,1.25,0.9,0.95,699.0,980.88,RAKSHAK,HIGH,two_wheeler,Blinkit
0,2,2,1,0,26056.2295366971,8.665022587622953,0,0,14,1.25,1.15,1.0,399.0,967.26,SAATHI,HIGH,two_wheeler,Zomato
2,0,0,3,0,25646.764366817202,9.531328460105216,0,2,13,0.85,0.9,0.9,999.0,1078.01,SURAKSHA,SAFE,two_wheeler,Zepto
1,0,0,1,0,32303.11247813285,10.370405307321057,3,0,2,0.85,0.9,1.0,699.0,847.98,RAKSHAK,SAFE,ev_two_wheeler,Zomato
2,1,1,3,1,23061.493459990288,4.410107673407985,0,1,9,1.0,1.0,0.9,999.0,1190.83,SURAKSHA,MODERATE,two_wheeler,Swiggy
1,1,0,2,0,17713.802879304814,6.335289387982458,0,3,24,1.0,0.9,0.95,699.0,978.63,RAKSHAK,MODERATE,two_wheeler,Blinkit
1,0,0,2,1,20390.723147561745,11.69681683332022,3,0,0,0.85,0.9,0.95,699.0,764.72,RAKSHAK,SAFE,ev_two_wheeler,Zomato
1,0,0,1,0,21342.504937743393,7.101561238712054,0,3,15,0.85,0.9,1.0,699.0,888.7,RAKSHAK,SAFE,two_wheeler,Blinkit
1,0,0,2,1,23712.151110617604,6.475302358963555,1,2,11,0.85,0.9,0.95,699.0,909.92,RAKSHAK,SAFE,three_wheeler,Zepto
2,0,1,1,0,27553.92384474968,8.671354314089083,0,2,19,0.85,1.0,1.0,999.0,1315.92,SURAKSHA,SAFE,two_wheeler,Zepto
2,0,1,1,1,32716.2991448113,10.312182756385074,2,2,8,0.85,1.0,1.0,999.0,1198.94,SURAKSHA,SAFE,bicycle,Zepto
0,0,1,3,0,20575.500836129213,6.120650274708581,0,2,9,0.85,1.0,0.9,399.0,553.27,SAATHI,SAFE,two_wheeler,Zepto
2,1,1,1,0,34724.01612184335,7.858192000652348,0,0,6,1.0,1.0,1.0,999.0,1317.2,SURAKSHA,MODERATE,two_wheeler,Zomato
1,1,0,1,0,17145.970623021232,6.627083996932843,3,0,10,1.0,0.9,1.0,699.0,837.48,RAKSHAK,MODERATE,ev_two_wheeler,Zomato
1,1,0,1,0,34768.134344703576,6.059831809149799,0,3,3,1.0,0.9,1.0,699.0,901.27,RAKSHAK,MODERATE,two_wheeler,Blinkit
1,1,0,1,1,22859.359547990643,6.303037424557447,0,0,5,1.0,0.9,1.0,699.0,892.39,RAKSHAK,MODERATE,two_wheeler,Zomato
2,2,2,1,0,32738.580269865528,7.88014390019233,0,1,9,1.25,1.15,1.0,999.0,1773.98,SURAKSHA,HIGH,two_wheeler,Swiggy
0,0,0,1,0,35449.230549325686,5.918559617652722,0,0,9,0.85,0.9,1.0,399.0,686.62,SAATHI,SAFE,two_wheeler,Zomato
1,1,0,2,0,23898.69853374805,7.063065178273468,0,1,6,1.0,0.9,0.95,699.0,871.53,RAKSHAK,MODERATE,two_wheeler,Swiggy
0,1,2,1,0,21805.56306865013,8.937756663955664,0,2,11,1.0,1.15,1.0,399.0,778.74,SAATHI,MODERATE,two_wheeler,Zepto
0,1,2,3,0,31624.239522828637,6.2816464214433125,3,1,18,1.0,1.15,0.9,399.0,789.03,SAATHI,MODERATE,ev_two_wheeler,Swiggy
0,0,2,1,0,37558.42241142013,8.882904062545256,0,3,21,0.85,1.15,1.0,399.0,985.34,SAATHI,SAFE,two_wheeler,Blinkit
0,0,0,2,1,32816.184870773446,8.262616299211153,3,2,4,0.85,0.9,0.95,399.0,632.3,SAATHI,SAFE,ev_two_wheeler,Zepto
1,2,0,2,1,16496.62346121264,8.29872397474545,0,3,10,1.25,0.9,0.95,699.0,1084.53,RAKSHAK,HIGH,two_wheeler,Blinkit
2,1,1,1,0,23266.445420229094,6.384054857550043,0,1,14,1.0,1.0,1.0,999.0,1335.11,SURAKSHA,MODERATE,two_wheeler,Swiggy
1,0,2,1,0,24399.222370761076,10.77815527970179,0,0,12,0.85,1.15,1.0,699.0,1060.41,RAKSHAK,SAFE,two_wheeler,Zomato
0,0,1,3,0,12245.761934542024,7.057063270607903,2,3,15,0.85,1.0,0.9,399.0,464.5,SAATHI,SAFE,bicycle,Blinkit
1,1,0,3,0,38357.36299803325,9.412937868420052,0,2,13,1.0,0.9,0.9,699.0,1043.37,RAKSHAK,MODERATE,two_wheeler,Zepto
0,1,1,2,1,17734.467453573867,10.383984281753792,0,2,5,1.0,1.0,0.95,399.0,682.03,SAATHI,MODERATE,two_wheeler,Zepto
0,0,1,2,1,22561.64990881388,10.414721347622447,3,2,2,0.85,1.0,0.95,399.0,579.41,SAATHI,SAFE,ev_two_wheeler,Zepto
1,2,0,1,0,23025.14396383139,8.865691014131574,1,1,12,1.25,0.9,1.0,699.0,1161.7,RAKSHAK,HIGH,three_wheeler,Swiggy
2,0,0,1,0,13606.97162327166,8.666457985473636,0,0,9,0.85,0.9,1.0,999.0,969.47,SURAKSHA,SAFE,two_wheeler,Zomato
1,0,0,2,0,26129.844063368175,4.058824356435416,0,2,23,0.85,0.9,0.95,699.0,921.48,RAKSHAK,SAFE,two_wheeler,Zepto
1,1,0,3,0,28297.96367147826,10.382437450728581,0,2,14,1.0,0.9,0.9,699.0,999.21,RAKSHAK,MODERATE,two_wheeler,Zepto
1,2,2,2,0,36162.86945276451,7.844479526690145,0,1,16,1.25,1.15,0.95,699.0,1448.39,RAKSHAK,HIGH,two_wheeler,Swiggy
0,0,2,2,0,25143.39157569923,10.862862268139912,0,2,12,0.85,1.15,0.95,399.0,782.41,SAATHI,SAFE,two_wheeler,Zepto
0,0,2,1,0,14108.440140757153,7.006819721455834,0,3,1,0.85,1.15,1.0,399.0,461.8,SAATHI,SAFE,two_wheeler,Blinkit
2,1,1,2,0,38919.60713186189,9.087286125677906,1,3,20,1.0,1.0,0.95,999.0,1570.62,SURAKSHA,MODERATE,three_wheeler,Blinkit
0,0,0,2,0,12758.986265414527,10.26801202070327,0,1,0,0.85,0.9,0.95,399.0,443.7,SAATHI,SAFE,two_wheeler,Swiggy
1,1,0,3,1,21402.858209962968,8.920558032117583,3,3,15,1.0,0.9,0.9,699.0,958.5,RAKSHAK,MODERATE,ev_two_wheeler,Blinkit
2,1,2,1,0,21081.208615835065,11.61715133661081,0,1,18,1.0,1.15,1.0,999.0,1608.61,SURAKSHA,MODERATE,two_wheeler,Swiggy
0,0,0,1,0,36351.07705362256,7.777811406049635,0,1,15,0.85,0.9,1.0,399.0,755.94,SAATHI,SAFE,two_wheeler,Swiggy
2,0,1,2,1,31031.733800151353,8.561453054037552,0,2,9,0.85,1.0,0.95,999.0,1250.31,SURAKSHA,SAFE,two_wheeler,Zepto
0,0,1,1,1,38763.60812090458,5.893722446758958,0,3,6,0.85,1.0,1.0,399.0,768.09,SAATHI,SAFE,two_wheeler,Blinkit
1,0,0,3,0,19606.597358182353,4.830050748286851,3,0,4,0.85,0.9,0.9,699.0,599.63,RAKSHAK,SAFE,ev_two_wheeler,Zomato
1,0,0,3,0,18710.081978811584,4.2591131022079605,2,2,2,0.85,0.9,0.9,699.0,480.34,RAKSHAK,SAFE,bicycle,Zepto
1,0,0,2,0,16019.253166425502,5.483270802992434,2,0,6,0.85,0.9,0.95,699.0,485.21,RAKSHAK,SAFE,bicycle,Zomato
2,1,2,1,0,37923.166484418485,9.279947601082537,3,2,3,1.0,1.15,1.0,999.0,1498.62,SURAKSHA,MODERATE,ev_two_wheeler,Zepto
0,1,1,1,0,27409.835807485026,8.111643573525665,0,2,3,1.0,1.0,1.0,399.0,644.41,SAATHI,MODERATE,two_wheeler,Zepto
2,0,0,2,0,13380.24579740366,7.090301641164362,0,2,0,0.85,0.9,0.95,999.0,837.95,SURAKSHA,SAFE,two_wheeler,Zepto
1,0,0,1,1,23511.17567585576,7.557702214866686,3,3,11,0.85,0.9,1.0,699.0,919.96,RAKSHAK,SAFE,ev_two_wheeler,Blinkit
1,0,0,3,0,23071.711566786587,9.497519971749412,0,1,5,0.85,0.9,0.9,699.0,780.11,RAKSHAK,SAFE,two_wheeler,Swiggy
2,1,1,1,0,25539.395822130333,5.7607205283781795,0,1,12,1.0,1.0,1.0,999.0,1276.15,SURAKSHA,MODERATE,two_wheeler,Swiggy
0,0,1,1,0,15900.945506585298,10.929816244629414,0,0,23,0.85,1.0,1.0,399.0,804.11,SAATHI,SAFE,two_wheeler,Zomato
2,2,1,1,0,24102.46966612623,4.73190014709967,0,3,13,1.25,1.0,1.0,999.0,1521.98,SURAKSHA,HIGH,two_wheeler,Blinkit
1,0,2,2,0,16928.693141151747,10.929862962141364,0,0,21,0.85,1.15,0.95,699.0,1120.28,RAKSHAK,SAFE,two_wheeler,Zomato
1,2,2,3,1,13472.083138708089,4.835322955984944,0,1,12,1.25,1.15,0.9,699.0,1186.68,RAKSHAK,HIGH,two_wheeler,Swiggy
0,1,0,1,0,32222.050762862094,5.393253539163171,0,0,9,1.0,0.9,1.0,399.0,677.73,SAATHI,MODERATE,two_wheeler,Zomato
1,1,0,1,1,15489.174798993166,9.219807644057857,0,2,1,1.0,0.9,1.0,699.0,858.18,RAKSHAK,MODERATE,two_wheeler,Zepto
0,2,0,2,0,37192.80619544841,9.027255661127917,3,0,14,1.25,0.9,0.95,399.0,840.7,SAATHI,HIGH,ev_two_wheeler,Zomato
1,2,0,3,0,35064.898862622416,4.682146732893419,0,3,4,1.25,0.9,0.9,699.0,926.34,RAKSHAK,HIGH,two_wheeler,Blinkit
1,0,0,1,0,25679.189060327197,8.193570168506458,0,1,12,0.85,0.9,1.0,699.0,874.39,RAKSHAK,SAFE,two_wheeler,Swiggy
1,0,0,2,0,20840.815269553037,8.972149792272388,0,0,6,0.85,0.9,0.95,699.0,756.01,RAKSHAK,SAFE,two_wheeler,Zomato
1,2,0,2,0,38105.7479657439,10.865654327816237,0,2,18,1.25,0.9,0.95,699.0,1309.79,RAKSHAK,HIGH,two_wheeler,Zepto
1,1,2,1,0,32309.13894060459,10.691028619283195,2,0,5,1.0,1.15,1.0,699.0,1088.33,RAKSHAK,MODERATE,bicycle,Zomato
1,0,1,2,0,17954.6000223176,4.776145745896716,0,2,11,0.85,1.0,0.95,699.0,802.4,RAKSHAK,SAFE,two_wheeler,Zepto
1,2,0,3,0,20726.28166633017,8.20254611560577,3,1,16,1.25,0.9,0.9,699.0,1055.59,RAKSHAK,HIGH,ev_two_wheeler,Swiggy
2,1,1,2,0,20838.717472593846,5.002009848769664,2,0,15,1.0,1.0,0.95,999.0,1129.55,SURAKSHA,MODERATE,bicycle,Zomato
0,1,2,3,0,36341.864427785724,9.894611646012033,3,2,5,1.0,1.15,0.9,399.0,779.36,SAATHI,MODERATE,ev_two_wheeler,Zepto
0,0,0,2,0,28961.104454586162,9.055041273975082,3,2,15,0.85,0.9,0.95,399.0,653.3,SAATHI,SAFE,ev_two_wheeler,Zepto
1,1,0,1,0,13596.066851454152,8.702387594973478,2,1,7,1.0,0.9,1.0,699.0,737.72,RAKSHAK,MODERATE,bicycle,Swiggy
0,0,0,2,0,12745.034250175155,9.881828144812768,3,0,10,0.85,0.9,0.95,399.0,492.94,SAATHI,SAFE,ev_two_wheeler,Zomato
2,1,0,1,0,15635.99637570067,9.409565970852313,0,1,20,1.0,0.9,1.0,999.0,1275.06,SURAKSHA,MODERATE,two_wheeler,Swiggy
1,0,0,2,0,31691.762376508646,10.675666022848773,0,1,11,0.85,0.9,0.95,699.0,951.95,RAKSHAK,SAFE,two_wheeler,Swiggy
1,1,1,1,1,12935.860028194105,8.63834275066364,3,3,14,1.0,1.0,1.0,699.0,1044.65,RAKSHAK,MODERATE,ev_two_wheeler,Blinkit
0,1,0,1,0,26017.346905350067,11.294280899054172,0,0,15,1.0,0.9,1.0,399.0,830.38,SAATHI,MODERATE,two_wheeler,Zomato
1,0,1,2,0,20664.952140493107,7.5837732510575195,3,2,2,0.85,1.0,0.95,699.0,673.8,RAKSHAK,SAFE,ev_two_wheeler,Zepto
2,0,2,1,1,24680.734091634327,11.565720867528196,3,1,12,0.85,1.15,1.0,999.0,1426.99,SURAKSHA,SAFE,ev_two_wheeler,Swiggy
1,0,0,2,0,26371.294127972382,4.8577791536679,0,1,18,0.85,0.9,0.95,699.0,880.83,RAKSHAK,SAFE,two_wheeler,Swiggy
0,0,0,1,0,22245.18036129861,5.835148017235056,0,3,3,0.85,0.9,1.0,399.0,453.45,SAATHI,SAFE,two_wheeler,Blinkit
1,1,0,1,0,15936.573708854237,7.39826673219349,0,1,16,1.0,0.9,1.0,699.0,949.08,RAKSHAK,MODERATE,two_wheeler,Swiggy
1,2,0,3,0,18261.153354194612,10.856775516879328,3,2,17,1.25,0.9,0.9,699.0,1063.0,RAKSHAK,HIGH,ev_two_wheeler,Zepto
1,1,0,2,0,24579.687314786195,11.523977588104085,0,2,4,1.0,0.9,0.95,699.0,922.02,RAKSHAK,MODERATE,two_wheeler,Zepto
0,0,0,1,0,20840.191633573682,10.330903352983087,0,0,14,0.85,0.9,1.0,399.0,701.18,SAATHI,SAFE,two_wheeler,Zomato
1,1,2,3,1,36319.47926200346,5.391687101569804,0,3,5,1.0,1.15,0.9,699.0,1116.65,RAKSHAK,MODERATE,two_wheeler,Blinkit
2,0,1,1,0,33560.594396763205,9.04140067909633,0,1,4,0.85,1.0,1.0,999.0,1172.2,SURAKSHA,SAFE,two_wheeler,Swiggy
2,2,0,1,0,17705.153603798426,6.085293238663493,0,1,8,1.25,0.9,1.0,999.0,1293.8,SURAKSHA,HIGH,two_wheeler,Swiggy
0,2,0,1,0,32369.358183901906,10.292045708224977,2,0,17,1.25,0.9,1.0,399.0,903.18,SAATHI,HIGH,bicycle,Zomato
1,1,1,1,0,29844.46038306467,4.5655728654749295,0,1,5,1.0,1.0,1.0,699.0,886.74,RAKSHAK,MODERATE,two_wheeler,Swiggy
0,1,1,2,1,23506.391465803077,8.834435358571831,3,1,6,1.0,1.0,0.95,399.0,718.18,SAATHI,MODERATE,ev_two_wheeler,Swiggy
2,0,0,3,0,17922.188979889506,9.888283203408523,0,3,7,0.85,0.9,0.9,999.0,968.31,SURAKSHA,SAFE,two_wheeler,Blinkit
1,0,0,1,0,24751.05734694234,8.144122791268158,0,2,9,0.85,0.9,1.0,699.0,821.9,RAKSHAK,SAFE,two_wheeler,Zepto
1,1,1,1,1,28476.074732696663,5.68610479543925,0,0,4,1.0,1.0,1.0,699.0,985.02,RAKSHAK,MODERATE,two_wheeler,Zomato
1,1,1,1,0,17719.1811022191,9.014421040518751,1,3,15,1.0,1.0,1.0,699.0,1088.47,RAKSHAK,MODERATE,three_wheeler,Blinkit
1,1,0,3,1,24631.64195433956,9.749594127782368,0,0,8,1.0,0.9,0.9,699.0,934.42,RAKSHAK,MODERATE,two_wheeler,Zomato
1,0,0,1,1,29838.404887932033,11.18934161242131,3,1,15,0.85,0.9,1.0,699.0,1061.37,RAKSHAK,SAFE,ev_two_wheeler,Swiggy
1,0,0,1,0,25112.416560778784,10.825025375281893,0,0,1,0.85,0.9,1.0,699.0,788.09,RAKSHAK,SAFE,two_wheeler,Zomato
1,0,0,2,0,24035.650752808353,6.451538692401944,3,1,11,0.85,0.9,0.95,699.0,812.95,RAKSHAK,SAFE,ev_two_wheeler,Swiggy
1,0,2,1,0,14812.811391067116,8.073263724500821,1,0,4,0.85,1.15,1.0,699.0,938.02,RAKSHAK,SAFE,three_wheeler,Zomato
1,0,0,1,1,22251.167302005037,4.829093811846365,0,1,18,0.85,0.9,1.0,699.0,922.84,RAKSHAK,SAFE,two_wheeler,Swiggy
1,0,0,3,0,32776.628652633284,4.252104344657693,0,2,20,0.85,0.9,0.9,699.0,871.12,RAKSHAK,SAFE,two_wheeler,Zepto
1,1,1,1,0,13039.172958944464,4.645358139129419,2,0,16,1.0,1.0,1.0,699.0,852.21,RAKSHAK,MODERATE,bicycle,Zomato
2,0,1,1,0,39109.847544161355,5.18281950289907,3,3,20,0.85,1.0,1.0,999.0,1318.85,SURAKSHA,SAFE,ev_two_wheeler,Blinkit
1,1,0,2,0,31638.179688692362,4.114983614222221,0,3,1,1.0,0.9,0.95,699.0,755.61,RAKSHAK,MODERATE,two_wheeler,Blinkit
1,2,2,2,1,30685.291790695414,5.0046568216812855,0,0,24,1.25,1.15,0.95,699.0,1500.94,RAKSHAK,HIGH,two_wheeler,Zomato
0,1,0,2,0,30005.70781912083,10.100272302204278,0,0,1,1.0,0.9,0.95,399.0,674.91,SAATHI,MODERATE,two_wheeler,Zomato
1,0,1,3,0,32580.732174942765,10.931608505992333,2,2,23,0.85,1.0,0.9,699.0,1079.98,RAKSHAK,SAFE,bicycle,Zepto
0,1,2,3,0,14214.128587346147,7.580023117596065,3,2,7,1.0,1.15,0.9,399.0,622.97,SAATHI,MODERATE,ev_two_wheeler,Zepto
1,0,2,2,0,19676.593054824403,6.560453815082328,0,2,9,0.85,1.15,0.95,699.0,892.26,RAKSHAK,SAFE,two_wheeler,Zepto
0,1,0,3,0,14210.035941075545,5.533370550642195,0,1,22,1.0,0.9,0.9,399.0,677.12,SAATHI,MODERATE,two_wheeler,Swiggy
1,2,0,2,0,34553.05592513643,6.70888983290106,0,3,0,1.25,0.9,0.95,699.0,989.18,RAKSHAK,HIGH,two_wheeler,Blinkit
1,1,2,2,0,27608.347080580796,11.826646461417983,0,2,23,1.0,1.15,0.95,699.0,1366.23,RAKSHAK,MODERATE,two_wheeler,Zepto
2,0,0,1,0,36564.672613405,6.322895082933448,0,0,11,0.85,0.9,1.0,999.0,1181.09,SURAKSHA,SAFE,two_wheeler,Zomato
1,0,0,2,0,31860.291559941506,4.16919858679533,0,1,2,0.85,0.9,0.95,699.0,680.0,RAKSHAK,SAFE,two_wheeler,Swiggy
1,0,0,2,0,35871.19405651401,5.585571091373345,1,0,21,0.85,0.9,0.95,699.0,1060.15,RAKSHAK,SAFE,three_wheeler,Zomato
1,0,0,1,0,17487.445171649335,11.550131057696115,0,3,21,0.85,0.9,1.0,699.0,986.33,RAKSHAK,SAFE,two_wheeler,Blinkit
1,0,0,2,0,39695.508935044534,6.120378299274266,0,1,9,0.85,0.9,0.95,699.0,860.3,RAKSHAK,SAFE,two_wheeler,Swiggy
0,0,1,2,0,16235.399964954926,6.277397910771709,2,0,4,0.85,1.0,0.95,399.0,368.98,SAATHI,SAFE,bicycle,Zomato
0,2,0,1,0,38129.401677372516,9.099219849673773,0,3,18,1.25,0.9,1.0,399.0,937.44,SAATHI,HIGH,two_wheeler,Blinkit
0,2,0,1,0,39820.18883893812,5.399071489558901,2,2,11,1.25,0.9,1.0,399.0,734.18,SAATHI,HIGH,bicycle,Zepto
1,0,1,1,0,39877.333669435786,9.325204005007677,0,3,20,0.85,1.0,1.0,699.0,1167.78,RAKSHAK,SAFE,two_wheeler,Blinkit
0,0,0,1,0,30187.202840902493,6.42098546343004,0,1,7,0.85,0.9,1.0,399.0,578.5,SAATHI,SAFE,two_wheeler,Swiggy
1,0,2,1,1,28007.008593792678,6.65326275341614,2,1,14,0.85,1.15,1.0,699.0,989.89,RAKSHAK,SAFE,bicycle,Swiggy
0,2,0,1,0,19191.241056305185,4.740132969464756,0,0,23,1.25,0.9,1.0,399.0,824.01,SAATHI,HIGH,two_wheeler,Zomato
1,1,1,1,1,14621.72101334162,11.640505497009892,3,2,7,1.0,1.0,1.0,699.0,998.49,RAKSHAK,MODERATE,ev_two_wheeler,Zepto
2,1,2,1,0,34090.46347017795,9.454283982307636,0,0,21,1.0,1.15,1.0,999.0,1742.9,SURAKSHA,MODERATE,two_wheeler,Zomato
0,1,0,1,0,27840.77672998524,4.1224846930152435,0,0,4,1.0,0.9,1.0,399.0,568.39,SAATHI,MODERATE,two_wheeler,Zomato
0,0,0,3,0,21938.07362710445,8.025433336410757,0,1,5,0.85,0.9,0.9,399.0,533.93,SAATHI,SAFE,two_wheeler,Swiggy
2,1,2,1,0,23745.481582514953,7.12554829680759,0,1,22,1.0,1.15,1.0,999.0,1626.92,SURAKSHA,MODERATE,two_wheeler,Swiggy
1,1,0,1,0,36972.44764023548,6.2973181210444595,0,1,7,1.0,0.9,1.0,699.0,982.46,RAKSHAK,MODERATE,two_wheeler,Swiggy
0,0,1,3,0,15373.491028277102,10.812297375183405,0,3,2,0.85,1.0,0.9,399.0,504.28,SAATHI,SAFE,two_wheeler,Blinkit
2,0,0,2,0,37994.43145546217,4.5250087054225405,3,2,0,0.85,0.9,0.95,999.0,896.37,SURAKSHA,SAFE,ev_two_wheeler,Zepto
2,2,0,3,0,35152.299720854135,8.50124338322194,2,1,0,1.25,0.9,0.9,999.0,1179.8,SURAKSHA,HIGH,bicycle,Swiggy
1,2,0,1,0,39004.10102790346,9.742964644415428,0,0,21,1.25,0.9,1.0,699.0,1402.01,RAKSHAK,HIGH,two_wheeler,Zomato
2,2,1,1,0,31689.593973713636,4.173600762204333,0,2,2,1.25,1.0,1.0,999.0,1435.89,SURAKSHA,HIGH,two_wheeler,Zepto
1,0,1,3,1,25547.79916093025,9.827379898395506,0,3,8,0.85,1.0,0.9,699.0,979.38,RAKSHAK,SAFE,two_wheeler,Blinkit
1,0,1,1,0,26266.248450277653,8.365997438235485,0,1,24,0.85,1.0,1.0,699.0,1059.72,RAKSHAK,SAFE,two_wheeler,Swiggy
1,0,0,1,0,27066.65059539112,8.069647873730133,0,1,13,0.85,0.9,1.0,699.0,857.68,RAKSHAK,SAFE,two_wheeler,Swiggy
1,0,2,2,0,30816.55334105498,9.083423365623776,0,3,22,0.85,1.15,0.95,699.0,1162.95,RAKSHAK,SAFE,two_wheeler,Blinkit
0,2,2,1,0,16166.644006508928,10.206978316353013,0,0,15,1.25,1.15,1.0,399.0,923.5,SAATHI,HIGH,two_wheeler,Zomato
1,2,1,1,0,18726.86051700051,7.7584345715894525,3,0,17,1.25,1.0,1.0,699.0,1147.08,RAKSHAK,HIGH,ev_two_wheeler,Zomato
0,1,1,1,0,30968.973918719254,8.206162693465803,2,3,22,1.0,1.0,1.0,399.0,841.06,SAATHI,MODERATE,bicycle,Blinkit
1,2,0,1,0,30076.68443699464,11.136470881677553,3,2,6,1.25,0.9,1.0,699.0,1154.63,RAKSHAK,HIGH,ev_two_wheeler,Zepto
1,0,1,2,0,15934.204487040612,7.543608085983462,0,1,13,0.85,1.0,0.95,699.0,890.22,RAKSHAK,SAFE,two_wheeler,Swiggy
1,0,0,2,0,28325.895163820023,11.681744579062597,0,1,15,0.85,0.9,0.95,699.0,980.1,RAKSHAK,SAFE,two_wheeler,Swiggy
1,1,0,1,0,15517.237168374606,6.488056029367099,3,1,15,1.0,0.9,1.0,699.0,891.51,RAKSHAK,MODERATE,ev_two_wheeler,Swiggy
1,2,0,3,0,21417.680348036294,8.693984951738743,2,3,24,1.25,0.9,0.9,699.0,1061.65,RAKSHAK,HIGH,bicycle,Blinkit
1,1,0,1,0,30644.017454055764,7.0293936797822685,3,3,15,1.0,0.9,1.0,699.0,1027.08,RAKSHAK,MODERATE,ev_two_wheeler,Blinkit
1,1,0,2,0,39126.81133617852,7.873705114781133,0,3,21,1.0,0.9,0.95,699.0,1146.48,RAKSHAK,MODERATE,two_wheeler,Blinkit
0,0,0,2,0,13150.306218755548,6.778307794445582,0,3,11,0.85,0.9,0.95,399.0,505.89,SAATHI,SAFE,two_wheeler,Blinkit
1,2,1,1,0,13975.401783877049,11.472263929045114,3,2,3,1.25,1.0,1.0,699.0,1038.73,RAKSHAK,HIGH,ev_two_wheeler,Zepto
1,1,2,2,0,26788.97619984448,5.014982624504746,0,2,18,1.0,1.15,0.95,699.0,1152.25,RAKSHAK,MODERATE,two_wheeler,Zepto
1,0,0,1,1,22741.053129944434,7.394976208429077,0,2,16,0.85,0.9,1.0,699.0,964.67,RAKSHAK,SAFE,two_wheeler,Zepto
1,0,0,1,0,18209.8257741393,10.243769107041238,0,0,6,0.85,0.9,1.0,699.0,793.75,RAKSHAK,SAFE,two_wheeler,Zomato
0,1,1,1,0,19821.665346074344,6.790963332842323,0,3,4,1.0,1.0,1.0,399.0,591.21,SAATHI,MODERATE,two_wheeler,Blinkit
1,0,0,2,0,29564.79583628735,7.773590135129676,2,1,15,0.85,0.9,0.95,699.0,831.33,RAKSHAK,SAFE,bicycle,Swiggy
1,2,1,1,1,27529.37375391206,11.213049835890882,1,3,23,1.25,1.0,1.0,699.0,1531.8,RAKSHAK,HIGH,three_wheeler,Blinkit
2,2,0,2,0,34539.07134868719,11.738624890827758,0,2,6,1.25,0.9,0.95,999.0,1473.7,SURAKSHA,HIGH,two_wheeler,Zepto
2,1,0,1,0,26611.264508545304,8.685234683430394,0,1,19,1.0,0.9,1.0,999.0,1364.69,SURAKSHA,MODERATE,two_wheeler,Swiggy
0,0,0,1,0,16335.559050128739,6.849551547691036,3,0,19,0.85,0.9,1.0,399.0,567.15,SAATHI,SAFE,ev_two_wheeler,Zomato
0,1,0,1,0,36675.225897364326,4.623031912730326,0,1,15,1.0,0.9,1.0,399.0,781.63,SAATHI,MODERATE,two_wheeler,Swiggy
1,1,0,2,0,25179.627985749725,4.393187122761416,3,1,12,1.0,0.9,0.95,699.0,836.1,RAKSHAK,MODERATE,ev_two_wheeler,Swiggy
1,1,1,1,0,37453.751201108484,4.232990279912842,0,2,11,1.0,1.0,1.0,699.0,1059.03,RAKSHAK,MODERATE,two_wheeler,Zepto
1,1,0,1,0,34920.61045044703,11.196804758105888,0,2,11,1.0,0.9,1.0,699.0,1123.67,RAKSHAK,MODERATE,two_wheeler,Zepto
1,2,0,2,0,30558.00051682258,8.721366189197951,2,0,14,1.25,0.9,0.95,699.0,1118.57,RAKSHAK,HIGH,bicycle,Zomato
0,1,1,3,0,13991.09982997623,6.765255484334874,0,1,17,1.0,1.0,0.9,399.0,650.67,SAATHI,MODERATE,two_wheeler,Swiggy
1,1,2,3,0,24779.57631194788,8.877512489996544,0,0,8,1.0,1.15,0.9,699.0,1077.6,RAKSHAK,MODERATE,two_wheeler,Zomato
0,1,0,1,1,37095.18806120421,9.485702150597447,0,3,17,1.0,0.9,1.0,399.0,942.43,SAATHI,MODERATE,two_wheeler,Blinkit
1,0,0,1,0,19033.376128925083,6.564540688131992,0,0,9,0.85,0.9,1.0,699.0,777.17,RAKSHAK,SAFE,two_wheeler,Zomato
1,2,2,2,0,32844.3806994515,5.21584145979241,0,0,0,1.25,1.15,0.95,699.0,1203.44,RAKSHAK,HIGH,two_wheeler,Zomato
1,2,0,3,0,19089.632574359348,8.442366602625452,0,3,15,1.25,0.9,0.9,699.0,1063.66,RAKSHAK,HIGH,two_wheeler,Blinkit
1,0,0,1,0,27217.564000324404,4.581890094217572,0,0,9,0.85,0.9,1.0,699.0,782.98,RAKSHAK,SAFE,two_wheeler,Zomato
0,1,0,2,0,29081.21367281704,7.059875684660755,2,3,16,1.0,0.9,0.95,399.0,686.34,SAATHI,MODERATE,bicycle,Blinkit
1,0,1,1,0,18365.01798996077,6.713898724230936,0,0,8,0.85,1.0,1.0,699.0,822.77,RAKSHAK,SAFE,two_wheeler,Zomato
0,1,0,1,0,18821.87994167632,7.7488144809720785,2,2,15,1.0,0.9,1.0,399.0,577.84,SAATHI,MODERATE,bicycle,Zepto
1,0,0,3,0,12114.973681128557,4.08810686668486,0,0,9,0.85,0.9,0.9,699.0,638.79,RAKSHAK,SAFE,two_wheeler,Zomato
1,0,0,3,0,15999.685412573865,10.114012784555165,0,0,8,0.85,0.9,0.9,699.0,774.64,RAKSHAK,SAFE,two_wheeler,Zomato
1,2,1,3,0,15197.1458466397,8.146549779433464,0,3,22,1.25,1.0,0.9,699.0,1180.14,RAKSHAK,HIGH,two_wheeler,Blinkit
0,0,0,3,0,13769.271819686453,8.785499999508229,0,0,5,0.85,0.9,0.9,399.0,516.18,SAATHI,SAFE,two_wheeler,Zomato
1,1,0,3,0,16612.46509026973,7.43865006010402,0,3,7,1.0,0.9,0.9,699.0,812.8,RAKSHAK,MODERATE,two_wheeler,Blinkit
0,0,0,1,0,26087.739532952954,6.527486579085094,0,1,19,0.85,0.9,1.0,399.0,722.69,SAATHI,SAFE,two_wheeler,Swiggy
1,2,0,2,0,19130.52722010851,11.985560435822286,0,0,12,1.25,0.9,0.95,699.0,1132.69,RAKSHAK,HIGH,two_wheeler,Zomato
0,1,1,1,0,34075.18686645755,10.544833346573988,0,2,8,1.0,1.0,1.0,399.0,772.53,SAATHI,MODERATE,two_wheeler,Zepto
1,1,1,3,0,13531.99689534192,8.283764596730705,0,0,24,1.0,1.0,0.9,699.0,1010.66,RAKSHAK,MODERATE,two_wheeler,Zomato
1,2,2,3,0,34710.92785654891,5.577941329336134,2,1,9,1.25,1.15,0.9,699.0,1160.63,RAKSHAK,HIGH,bicycle,Swiggy
1,0,0,1,0,16463.05677359926,11.74417737636591,3,0,20,0.85,0.9,1.0,699.0,939.98,RAKSHAK,SAFE,ev_two_wheeler,Zomato
1,1,2,1,0,24567.838238256085,8.79208835370854,1,1,13,1.0,1.15,1.0,699.0,1216.87,RAKSHAK,MODERATE,three_wheeler,Swiggy
1,1,0,2,0,37468.427461505766,9.071115694659536,0,1,23,1.0,0.9,0.95,699.0,1222.78,RAKSHAK,MODERATE,two_wheeler,Swiggy
2,2,0,2,0,20579.166354134817,5.218321976541242,0,0,12,1.25,0.9,0.95,999.0,1299.39,SURAKSHA,HIGH,two_wheeler,Zomato
1,0,0,1,0,31716.915573451315,4.238324032260977,3,0,0,0.85,0.9,1.0,699.0,683.39,RAKSHAK,SAFE,ev_two_wheeler,Zomato
0,0,0,3,0,35575.538785630335,7.862838119863574,0,1,10,0.85,0.9,0.9,399.0,699.72,SAATHI,SAFE,two_wheeler,Swiggy
2,0,0,1,1,26822.937397730937,7.852713121754901,0,1,18,0.85,0.9,1.0,999.0,1264.6,SURAKSHA,SAFE,two_wheeler,Swiggy
2,1,0,1,1,35841.697086103304,7.864529961546421,2,3,20,1.0,0.9,1.0,999.0,1403.34,SURAKSHA,MODERATE,bicycle,Blinkit
1,1,1,1,1,13356.998509323024,5.682209423214891,0,3,19,1.0,1.0,1.0,699.0,1077.49,RAKSHAK,MODERATE,two_wheeler,Blinkit
2,1,1,2,0,20975.770282105885,4.748160988783276,0,3,18,1.0,1.0,0.95,999.0,1265.86,SURAKSHA,MODERATE,two_wheeler,Blinkit
0,1,0,3,1,30844.228656082956,4.375715379261338,0,1,0,1.0,0.9,0.9,399.0,556.32,SAATHI,MODERATE,two_wheeler,Swiggy
1,0,2,2,0,37434.22729156629,4.744857252067121,0,2,11,0.85,1.15,0.95,699.0,1022.99,RAKSHAK,SAFE,two_wheeler,Zepto
1,0,0,1,1,29979.086580714593,6.385202850212445,0,0,22,0.85,0.9,1.0,699.0,1101.88,RAKSHAK,SAFE,two_wheeler,Zomato
2,0,0,1,0,29993.582185906085,10.798740836776194,0,2,11,0.85,0.9,1.0,999.0,1231.69,SURAKSHA,SAFE,two_wheeler,Zepto
2,1,0,2,0,21119.661924175663,7.780606824350845,0,1,4,1.0,0.9,0.95,999.0,1056.55,SURAKSHA,MODERATE,two_wheeler,Swiggy
1,1,2,3,0,31428.542989005247,5.277062054187521,0,3,3,1.0,1.15,0.9,699.0,1001.42,RAKSHAK,MODERATE,two_wheeler,Blinkit
2,0,1,1,0,31320.723070338332,7.097466193247475,0,2,14,0.85,1.0,1.0,999.0,1271.14,SURAKSHA,SAFE,two_wheeler,Zepto
1,0,0,1,0,28986.522833724295,9.6730175318875,0,3,20,0.85,0.9,1.0,699.0,1058.84,RAKSHAK,SAFE,two_wheeler,Blinkit
1,2,0,1,1,22737.471432101192,5.2178257113349344,1,2,8,1.25,0.9,1.0,699.0,1112.39,RAKSHAK,HIGH,three_wheeler,Zepto
0,1,2,3,1,16303.155802602912,10.903712371803802,0,3,24,1.0,1.15,0.9,399.0,952.17,SAATHI,MODERATE,two_wheeler,Blinkit
1,0,1,2,0,15793.846530007653,7.580559604063777,3,0,4,0.85,1.0,0.95,699.0,733.61,RAKSHAK,SAFE,ev_two_wheeler,Zomato
1,2,0,3,0,27565.53647808097,7.231810266424668,0,1,24,1.25,0.9,0.9,699.0,1201.69,RAKSHAK,HIGH,two_wheeler,Swiggy
1,1,0,1,0,37885.83991767348,8.173945806327318,0,2,7,1.0,0.9,1.0,699.0,1036.92,RAKSHAK,MODERATE,two_wheeler,Zepto
1,1,1,1,1,36483.676102667,8.568745299476117,0,1,6,1.0,1.0,1.0,699.0,1178.43,RAKSHAK,MODERATE,two_wheeler,Swiggy
1,1,0,2,0,13063.327091948982,11.956753497775521,0,3,8,1.0,0.9,0.95,699.0,859.19,RAKSHAK,MODERATE,two_wheeler,Blinkit
2,1,0,1,1,30318.439383996483,6.203439229115783,0,3,5,1.0,0.9,1.0,999.0,1243.55,SURAKSHA,MODERATE,two_wheeler,Blinkit
0,0,0,3,0,17937.25578272328,4.8407804017091065,0,1,10,0.85,0.9,0.9,399.0,486.5,SAATHI,SAFE,two_wheeler,Swiggy
0,1,0,1,0,15171.553085811202,10.183044619708145,3,3,7,1.0,0.9,1.0,399.0,604.1,SAATHI,MODERATE,ev_two_wheeler,Blinkit
1,1,0,1,0,37524.55437857154,8.433009306866193,0,0,6,1.0,0.9,1.0,699.0,1012.29,RAKSHAK,MODERATE,two_wheeler,Zomato
1,0,1,2,0,38481.74192289772,5.060592619875859,3,0,19,0.85,1.0,0.95,699.0,1014.77,RAKSHAK,SAFE,ev_two_wheeler,Zomato
1,2,1,2,0,38946.2288607268,11.121765364436449,0,0,14,1.25,1.0,0.95,699.0,1360.12,RAKSHAK,HIGH,two_wheeler,Zomato
2,1,0,2,0,36207.15756429834,7.996531707007462,0,3,18,1.0,0.9,0.95,999.0,1355.33,SURAKSHA,MODERATE,two_wheeler,Blinkit
2,1,2,3,0,34616.70020962,6.8511239943992335,0,3,23,1.0,1.15,0.9,999.0,1566.0,SURAKSHA,MODERATE,two_wheeler,Blinkit
1,2,0,1,1,15772.923423665408,6.5184404713645465,2,3,3,1.25,0.9,1.0,699.0,850.67,RAKSHAK,HIGH,bicycle,Blinkit
1,1,1,2,1,36825.23369170196,6.104289420311442,0,0,4,1.0,1.0,0.95,699.0,1077.08,RAKSHAK,MODERATE,two_wheeler,Zomato
1,2,1,3,0,37622.333334026094,6.346789013360716,3,3,4,1.25,1.0,0.9,699.0,1058.18,RAKSHAK,HIGH,ev_two_wheeler,Blinkit
1,1,2,1,1,33885.7924724099,4.828103576049048,0,0,4,1.0,1.15,1.0,699.0,1097.15,RAKSHAK,MODERATE,two_wheeler,Zomato
1,2,2,1,0,39103.154309558755,6.0414578301938455,3,0,8,1.25,1.15,1.0,699.0,1400.09,RAKSHAK,HIGH,ev_two_wheeler,Zomato
1,1,0,2,0,25256.178140633365,8.905362885944935,0,2,22,1.0,0.9,0.95,699.0,1118.94,RAKSHAK,MODERATE,two_wheeler,Zepto
0,1,2,1,0,19966.334872788437,4.376489583015579,3,1,6,1.0,1.15,1.0,399.0,584.77,SAATHI,MODERATE,ev_two_wheeler,Swiggy
2,2,2,2,0,19112.86849837161,11.857081475489203,3,1,15,1.25,1.15,0.95,999.0,1747.9,SURAKSHA,HIGH,ev_two_wheeler,Swiggy
2,1,1,1,1,14218.988971638008,5.5319169192649555,0,0,17,1.0,1.0,1.0,999.0,1292.69,SURAKSHA,MODERATE,two_wheeler,Zomato
2,0,0,1,1,20440.773219498704,4.756450758195106,0,3,0,0.85,0.9,1.0,999.0,890.31,SURAKSHA,SAFE,two_wheeler,Blinkit
2,1,0,2,0,26113.96223295588,8.359053488235148,0,0,7,1.0,0.9,0.95,999.0,1156.14,SURAKSHA,MODERATE,two_wheeler,Zomato
1,2,0,1,1,16438.566552767465,7.899742683711792,0,0,17,1.25,0.9,1.0,699.0,1210.44,RAKSHAK,HIGH,two_wheeler,Zomato
1,0,0,2,0,19187.05656620738,9.711207467172784,0,3,17,0.85,0.9,0.95,699.0,900.45,RAKSHAK,SAFE,two_wheeler,Blinkit
1,0,2,2,0,20980.526585650845,10.941132917761788,0,0,11,0.85,1.15,0.95,699.0,1020.69,RAKSHAK,SAFE,two_wheeler,Zomato
1,1,1,2,0,18617.424527525032,4.7828560217316,1,1,8,1.0,1.0,0.95,699.0,895.38,RAKSHAK,MODERATE,three_wheeler,Swiggy
2,0,0,1,0,31785.99060897015,11.52511999348891,0,2,4,0.85,0.9,1.0,999.0,1108.07,SURAKSHA,SAFE,two_wheeler,Zepto
1,0,0,2,1,38481.692076236905,5.5768483105892175,0,0,23,0.85,0.9,0.95,699.0,1139.78,RAKSHAK,SAFE,two_wheeler,Zomato
1,0,0,2,0,37225.41644747574,9.39349559063691,1,0,11,0.85,0.9,0.95,699.0,983.83,RAKSHAK,SAFE,three_wheeler,Zomato
0,1,0,2,0,28486.68756437425,4.713777344457909,0,0,12,1.0,0.9,0.95,399.0,685.63,SAATHI,MODERATE,two_wheeler,Zomato
2,1,0,3,0,23866.629184860078,9.1989113736206,0,2,15,1.0,0.9,0.9,999.0,1204.35,SURAKSHA,MODERATE,two_wheeler,Zepto
2,1,1,1,0,31309.87855044937,6.411134366130874,0,2,16,1.0,1.0,1.0,999.0,1426.52,SURAKSHA,MODERATE,two_wheeler,Zepto
1,0,0,1,0,14506.565510311584,7.470226195257229,0,3,12,0.85,0.9,1.0,699.0,828.46,RAKSHAK,SAFE,two_wheeler,Blinkit
0,2,2,1,0,15253.056079114496,8.9300323245665,0,1,14,1.25,1.15,1.0,399.0,859.52,SAATHI,HIGH,two_wheeler,Swiggy
1,1,1,1,1,31683.768332110947,5.729007986790098,0,0,20,1.0,1.0,1.0,699.0,1261.36,RAKSHAK,MODERATE,two_wheeler,Zomato
1,2,0,1,0,15567.426007472011,9.114103065450902,2,2,3,1.25,0.9,1.0,699.0,909.08,RAKSHAK,HIGH,bicycle,Zepto
2,1,0,2,0,27019.490726240852,7.497184840360277,2,0,2,1.0,0.9,0.95,999.0,976.49,SURAKSHA,MODERATE,bicycle,Zomato
1,1,1,1,0,19198.690503063128,7.835639825198125,0,2,13,1.0,1.0,1.0,699.0,993.87,RAKSHAK,MODERATE,two_wheeler,Zepto
2,1,1,2,0,34901.316951308305,4.306910890845609,3,3,15,1.0,1.0,0.95,999.0,1307.16,SURAKSHA,MODERATE,ev_two_wheeler,Blinkit
0,1,1,1,1,24508.706708719,6.7437321576006255,0,3,1,1.0,1.0,1.0,399.0,647.13,SAATHI,MODERATE,two_wheeler,Blinkit
1,0,2,2,1,15061.965287065408,7.178330343567246,3,3,22,0.85,1.15,0.95,699.0,1067.45,RAKSHAK,SAFE,ev_two_wheeler,Blinkit
1,2,0,3,1,23336.07690930804,8.050804426246499,0,2,4,1.25,0.9,0.9,699.0,1034.55,RAKSHAK,HIGH,two_wheeler,Zepto
1,0,0,1,0,38924.856716096605,10.157137311069235,0,0,17,0.85,0.9,1.0,699.0,1095.33,RAKSHAK,SAFE,two_wheeler,Zomato
2,0,1,1,0,30418.085841013213,11.672898335970352,0,1,17,0.85,1.0,1.0,999.0,1400.63,SURAKSHA,SAFE,two_wheeler,Swiggy
1,1,0,1,1,16161.73003618078,7.64926992895858,0,2,20,1.0,0.9,1.0,699.0,1026.86,RAKSHAK,MODERATE,two_wheeler,Zepto
1,0,0,3,0,23701.40954627146,9.987250755240304,0,0,5,0.85,0.9,0.9,699.0,731.23,RAKSHAK,SAFE,two_wheeler,Zomato
2,1,0,2,0,29656.483524639218,7.596791248061899,0,1,0,1.0,0.9,0.95,999.0,1077.15,SURAKSHA,MODERATE,two_wheeler,Swiggy
1,0,1,2,0,32177.25613858402,8.002441250836117,0,3,11,0.85,1.0,0.95,699.0,978.92,RAKSHAK,SAFE,two_wheeler,Blinkit
0,1,0,1,0,12233.93171681988,5.348792387472295,0,3,10,1.0,0.9,1.0,399.0,512.05,SAATHI,MODERATE,two_wheeler,Blinkit
2,1,1,2,0,25698.437205729162,7.063499058332937,0,0,15,1.0,1.0,0.95,999.0,1320.04,SURAKSHA,MODERATE,two_wheeler,Zomato
0,0,2,3,1,34692.22439723751,6.994447947250597,2,2,24,0.85,1.15,0.9,399.0,915.1,SAATHI,SAFE,bicycle,Zepto
1,0,0,3,0,30767.11132924206,5.503228710387332,0,1,15,0.85,0.9,0.9,699.0,862.25,RAKSHAK,SAFE,two_wheeler,Swiggy
1,0,0,1,0,20975.012670581877,9.955354030506609,3,3,24,0.85,0.9,1.0,699.0,1005.61,RAKSHAK,SAFE,ev_two_wheeler,Blinkit
0,1,1,2,0,36911.24755200662,7.523476565248369,0,2,17,1.0,1.0,0.95,399.0,873.54,SAATHI,MODERATE,two_wheeler,Zepto
0,1,1,1,0,29452.80414525361,4.450666222393918,3,0,21,1.0,1.0,1.0,399.0,761.81,SAATHI,MODERATE,ev_two_wheeler,Zomato
2,2,0,1,0,26407.991255498415,5.601233689994935,0,2,8,1.25,0.9,1.0,999.0,1409.51,SURAKSHA,HIGH,two_wheeler,Zepto
0,2,1,2,0,30742.791862756338,7.8159353230254,0,3,6,1.25,1.0,0.95,399.0,805.59,SAATHI,HIGH,two_wheeler,Blinkit
1,2,0,1,0,31398.433561637445,10.96774079890034,0,1,14,1.25,0.9,1.0,699.0,1248.68,RAKSHAK,HIGH,two_wheeler,Swiggy
1,2,0,2,1,14059.77391804144,4.427476819128137,3,3,2,1.25,0.9,0.95,699.0,870.3,RAKSHAK,HIGH,ev_two_wheeler,Blinkit
0,1,0,2,0,20727.693001798736,6.449913961827203,0,2,0,1.0,0.9,0.95,399.0,516.13,SAATHI,MODERATE,two_wheeler,Zepto
0,2,1,1,0,21631.429816858363,6.218067330793489,0,0,0,1.25,1.0,1.0,399.0,647.88,SAATHI,HIGH,two_wheeler,Zomato
0,0,0,1,0,33336.916189093434,8.29903352355084,0,3,8,0.85,0.9,1.0,399.0,671.53,SAATHI,SAFE,two_wheeler,Blinkit
0,1,0,2,0,29913.70564397183,4.437476966026924,0,0,18,1.0,0.9,0.95,399.0,716.88,SAATHI,MODERATE,two_wheeler,Zomato
0,0,0,1,0,38143.00937172218,8.33909248152351,0,1,7,0.85,0.9,1.0,399.0,661.95,SAATHI,SAFE,two_wheeler,Swiggy
2,1,1,1,0,16590.088186689678,9.887628484121425,0,2,23,1.0,1.0,1.0,999.0,1417.05,SURAKSHA,MODERATE,two_wheeler,Zepto
2,0,1,1,0,16431.92541958246,9.504941273650802,0,3,8,0.85,1.0,1.0,999.0,1107.95,SURAKSHA,SAFE,two_wheeler,Blinkit
1,1,2,1,0,14456.093968159,7.1322967968130335,3,1,24,1.0,1.15,1.0,699.0,1185.06,RAKSHAK,MODERATE,ev_two_wheeler,Swiggy
2,1,0,2,0,31845.437705678327,5.991548198374982,2,2,15,1.0,0.9,0.95,999.0,1166.3,SURAKSHA,MODERATE,bicycle,Zepto
1,1,0,3,0,38453.00224588593,7.913729989504725,3,1,18,1.0,0.9,0.9,699.0,1091.66,RAKSHAK,MODERATE,ev_two_wheeler,Swiggy
2,1,0,1,0,30263.392166425565,9.817049575055421,0,2,2,1.0,0.9,1.0,999.0,1176.93,SURAKSHA,MODERATE,two_wheeler,Zepto
0,2,0,1,0,32144.879094759213,10.836549312261127,0,1,11,1.25,0.9,1.0,399.0,908.98,SAATHI,HIGH,two_wheeler,Swiggy
2,0,0,1,0,26446.484598711853,6.027950026057523,0,2,0,0.85,0.9,1.0,999.0,922.1,SURAKSHA,SAFE,two_wheeler,Zepto
1,2,1,1,1,38434.65400605021,6.687569227031471,0,2,24,1.25,1.0,1.0,699.0,1523.07,RAKSHAK,HIGH,two_wheeler,Zepto
1,1,0,3,0,24758.503003486574,8.845593923679004,0,2,16,1.0,0.9,0.9,699.0,911.59,RAKSHAK,MODERATE,two_wheeler,Zepto
0,1,1,2,1,25832.32677678056,4.947693640755855,0,3,3,1.0,1.0,0.95,399.0,615.62,SAATHI,MODERATE,two_wheeler,Blinkit
0,1,0,1,0,23494.63796183998,5.850789705601204,0,3,8,1.0,0.9,1.0,399.0,594.39,SAATHI,MODERATE,two_wheeler,Blinkit
0,0,0,3,0,21683.19996866863,6.862729269132266,0,0,6,0.85,0.9,0.9,399.0,521.37,SAATHI,SAFE,two_wheeler,Zomato
1,1,2,2,0,30305.781842772376,7.096400095479096,1,3,3,1.0,1.15,0.95,699.0,1040.01,RAKSHAK,MODERATE,three_wheeler,Blinkit
1,0,0,3,0,23034.34215828089,6.532819478619303,0,2,15,0.85,0.9,0.9,699.0,771.09,RAKSHAK,SAFE,two_wheeler,Zepto
1,2,0,1,1,31769.627209864862,7.923635268158278,0,2,14,1.25,0.9,1.0,699.0,1238.65,RAKSHAK,HIGH,two_wheeler,Zepto
1,1,0,3,0,34289.918711114246,7.158202534173463,2,2,14,1.0,0.9,0.9,699.0,851.84,RAKSHAK,MODERATE,bicycle,Zepto
2,1,0,1,0,31056.326601725483,4.970119146873094,1,2,10,1.0,0.9,1.0,999.0,1237.0,SURAKSHA,MODERATE,three_wheeler,Zepto
1,2,2,1,1,36177.76061295891,10.180180734100356,0,2,0,1.25,1.15,1.0,699.0,1420.15,RAKSHAK,HIGH,two_wheeler,Zepto
0,1,0,1,0,26273.1978732244,8.682087004078772,0,3,5,1.0,0.9,1.0,399.0,691.89,SAATHI,MODERATE,two_wheeler,Blinkit
0,0,1,2,1,19808.413935307017,11.601689646923441,3,0,6,0.85,1.0,0.95,399.0,690.65,SAATHI,SAFE,ev_two_wheeler,Zomato
0,1,0,2,1,16208.697429551125,4.308732495505071,2,1,6,1.0,0.9,0.95,399.0,405.29,SAATHI,MODERATE,bicycle,Swiggy
2,2,0,1,0,37062.80081385484,11.861219291948554,0,2,18,1.25,0.9,1.0,999.0,1727.62,SURAKSHA,HIGH,two_wheeler,Zepto
0,0,0,3,0,32487.747636248245,9.673445630355237,0,2,4,0.85,0.9,0.9,399.0,632.71,SAATHI,SAFE,two_wheeler,Zepto
0,1,1,1,0,15835.50222466678,9.49493194987928,2,2,20,1.0,1.0,1.0,399.0,670.06,SAATHI,MODERATE,bicycle,Zepto
0,0,1,1,0,31748.585991005963,9.88349275113749,0,1,17,0.85,1.0,1.0,399.0,819.4,SAATHI,SAFE,two_wheeler,Swiggy
2,1,1,1,0,13581.535872097498,9.382840302477529,0,3,16,1.0,1.0,1.0,999.0,1334.45,SURAKSHA,MODERATE,two_wheeler,Blinkit
1,0,0,3,0,32242.415882904515,5.649576634041618,0,2,22,0.85,0.9,0.9,699.0,966.27,RAKSHAK,SAFE,two_wheeler,Zepto
1,0,0,2,1,13665.444567034907,8.887260177267173,0,0,18,0.85,0.9,0.95,699.0,937.49,RAKSHAK,SAFE,two_wheeler,Zomato
0,0,1,1,1,26937.397325376194,4.422052918656727,2,1,0,0.85,1.0,1.0,399.0,447.29,SAATHI,SAFE,bicycle,Swiggy
0,1,1,1,0,31764.708451088205,11.293109517882428,0,3,12,1.0,1.0,1.0,399.0,908.17,SAATHI,MODERATE,two_wheeler,Blinkit
1,0,0,2,0,19199.318111963446,11.589232647223925,0,0,20,0.85,0.9,0.95,699.0,921.45,RAKSHAK,SAFE,two_wheeler,Zomato
1,1,1,1,0,19909.96434538701,8.441277838321238,0,1,14,1.0,1.0,1.0,699.0,1029.22,RAKSHAK,MODERATE,two_wheeler,Swiggy
1,2,0,1,0,31125.948105323474,9.285819144873212,3,2,0,1.25,0.9,1.0,699.0,1058.92,RAKSHAK,HIGH,ev_two_wheeler,Zepto
0,0,0,3,0,37349.01119453051,4.6643100624814915,0,3,0,0.85,0.9,0.9,399.0,500.1,SAATHI,SAFE,two_wheeler,Blinkit
0,2,0,3,0,17559.200048309645,7.958627652971361,2,0,1,1.25,0.9,0.9,399.0,492.59,SAATHI,HIGH,bicycle,Zomato
0,1,0,1,0,18781.136476625496,5.373679911789505,0,1,24,1.0,0.9,1.0,399.0,770.15,SAATHI,MODERATE,two_wheeler,Swiggy
1,2,1,1,0,15554.209614876938,11.468923022680752,0,2,3,1.25,1.0,1.0,699.0,1122.0,RAKSHAK,HIGH,two_wheeler,Zepto
1,2,0,1,0,31346.638255502763,7.23318745421645,0,3,15,1.25,0.9,1.0,699.0,1184.16,RAKSHAK,HIGH,two_wheeler,Blinkit
0,1,0,2,0,20552.117450460384,10.250055630262818,0,1,14,1.0,0.9,0.95,399.0,724.26,SAATHI,MODERATE,two_wheeler,Swiggy
2,0,1,1,1,15533.462548734624,9.423159347968703,3,3,20,0.85,1.0,1.0,999.0,1245.66,SURAKSHA,SAFE,ev_two_wheeler,Blinkit
1,1,0,1,0,31195.081375753452,7.489715336960363,1,0,0,1.0,0.9,1.0,699.0,931.09,RAKSHAK,MODERATE,three_wheeler,Zomato
1,0,2,1,0,13579.238017302134,10.946376145290623,0,1,24,0.85,1.15,1.0,699.0,1152.03,RAKSHAK,SAFE,two_wheeler,Swiggy
0,0,0,1,1,26564.48624468308,6.918544770462855,0,3,5,0.85,0.9,1.0,399.0,590.25,SAATHI,SAFE,two_wheeler,Blinkit
0,0,0,2,0,31140.58790621233,4.02273722931178,0,3,0,0.85,0.9,0.95,399.0,433.54,SAATHI,SAFE,two_wheeler,Blinkit
2,0,0,3,0,36498.3033568748,10.486624906898168,0,1,6,0.85,0.9,0.9,999.0,1049.75,SURAKSHA,SAFE,two_wheeler,Swiggy
1,1,1,3,1,16567.210903267005,5.993630164730298,0,3,14,1.0,1.0,0.9,699.0,989.34,RAKSHAK,MODERATE,two_wheeler,Blinkit
1,1,1,1,0,20771.728311869003,8.214074301537721,0,2,20,1.0,1.0,1.0,699.0,1133.41,RAKSHAK,MODERATE,two_wheeler,Zepto
1,0,1,2,0,31161.202212747467,6.8793122897229075,1,1,4,0.85,1.0,0.95,699.0,905.91,RAKSHAK,SAFE,three_wheeler,Swiggy
1,2,1,2,0,18921.743330057732,11.968709818116098,2,3,15,1.25,1.0,0.95,699.0,1172.53,RAKSHAK,HIGH,bicycle,Blinkit
0,0,0,1,0,28934.44933163099,7.841009832113674,2,3,8,0.85,0.9,1.0,399.0,541.82,SAATHI,SAFE,bicycle,Blinkit
1,0,0,3,0,16579.2792310759,4.269197787192213,0,2,16,0.85,0.9,0.9,699.0,722.58,RAKSHAK,SAFE,two_wheeler,Zepto
1,2,1,2,0,37292.431566885265,9.37823063579264,3,2,11,1.25,1.0,0.95,699.0,1256.09,RAKSHAK,HIGH,ev_two_wheeler,Zepto
1,2,0,2,1,35245.391765948,11.649062850738952,0,3,21,1.25,0.9,0.95,699.0,1411.86,RAKSHAK,HIGH,two_wheeler,Blinkit
1,0,1,3,0,34221.70759915627,8.93168702583038,0,3,17,0.85,1.0,0.9,699.0,1051.65,RAKSHAK,SAFE,two_wheeler,Blinkit
1,2,0,3,0,36017.43535442838,7.959862357699688,3,3,6,1.25,0.9,0.9,699.0,1023.81,RAKSHAK,HIGH,ev_two_wheeler,Blinkit
1,1,0,3,1,25008.31740429889,9.954945634431926,0,0,5,1.0,0.9,0.9,699.0,914.02,RAKSHAK,MODERATE,two_wheeler,Zomato
1,0,0,3,0,24953.339614144425,10.280574892508103,0,0,10,0.85,0.9,0.9,699.0,861.95,RAKSHAK,SAFE,two_wheeler,Zomato
0,1,2,2,0,20883.1460605916,6.255436414012486,3,3,20,1.0,1.15,0.95,399.0,787.69,SAATHI,MODERATE,ev_two_wheeler,Blinkit
1,1,0,1,0,26479.384867173252,10.108883836913268,3,3,5,1.0,0.9,1.0,699.0,895.38,RAKSHAK,MODERATE,ev_two_wheeler,Blinkit
1,1,0,1,0,18351.438865113865,8.604008147752472,0,1,7,1.0,0.9,1.0,699.0,869.92,RAKSHAK,MODERATE,two_wheeler,Swiggy
1,0,2,1,0,39314.76521258525,6.665933924405821,0,2,24,0.85,1.15,1.0,699.0,1274.03,RAKSHAK,SAFE,two_wheeler,Zepto
1,2,1,2,0,24597.55787039415,10.8669870380885,1,2,4,1.25,1.0,0.95,699.0,1181.21,RAKSHAK,HIGH,three_wheeler,Zepto
1,2,0,3,1,23870.054980830653,4.5317850416733725,0,1,11,1.25,0.9,0.9,699.0,1013.49,RAKSHAK,HIGH,two_wheeler,Swiggy
2,0,2,3,0,16647.642204908538,9.967138120523858,0,3,4,0.85,1.15,0.9,999.0,1046.16,SURAKSHA,SAFE,two_wheeler,Blinkit
1,1,0,1,0,39604.03633150625,6.469061188191605,3,1,0,1.0,0.9,1.0,699.0,817.69,RAKSHAK,MODERATE,ev_two_wheeler,Swiggy
0,0,0,1,0,30312.646174445294,7.3297362482585156,1,3,11,0.85,0.9,1.0,399.0,713.97,SAATHI,SAFE,three_wheeler,Blinkit
1,1,0,1,1,29814.127202741653,9.845472779366212,3,1,12,1.0,0.9,1.0,699.0,1061.79,RAKSHAK,MODERATE,ev_two_wheeler,Swiggy
2,0,1,2,0,38692.96225215915,4.808708753393719,3,2,14,0.85,1.0,0.95,999.0,1228.81,SURAKSHA,SAFE,ev_two_wheeler,Zepto
0,0,0,1,1,32195.221422147093,9.416850929570227,0,1,21,0.85,0.9,1.0,399.0,951.01,SAATHI,SAFE,two_wheeler,Swiggy
2,0,0,1,0,15828.591276418587,10.112294585339775,0,0,8,0.85,0.9,1.0,999.0,1061.22,SURAKSHA,SAFE,two_wheeler,Zomato
0,0,2,3,1,20051.40110391241,6.664697050707816,2,3,23,0.85,1.15,0.9,399.0,704.47,SAATHI,SAFE,bicycle,Blinkit
1,1,2,2,0,34035.12215622878,4.93078759885923,0,1,21,1.0,1.15,0.95,699.0,1231.82,RAKSHAK,MODERATE,two_wheeler,Swiggy
2,2,1,2,0,19061.667260461265,11.647350399696354,3,2,17,1.25,1.0,0.95,999.0,1565.8,SURAKSHA,HIGH,ev_two_wheeler,Zepto
0,1,0,2,0,24435.16414491138,10.250849747161602,2,0,20,1.0,0.9,0.95,399.0,688.76,SAATHI,MODERATE,bicycle,Zomato
1,2,0,2,0,16946.004836373148,6.282891087982837,0,0,20,1.25,0.9,0.95,699.0,1114.49,RAKSHAK,HIGH,two_wheeler,Zomato
1,1,0,1,1,34471.806961761475,10.765668653733817,2,2,11,1.0,0.9,1.0,699.0,1065.16,RAKSHAK,MODERATE,bicycle,Zepto
2,2,0,1,0,13878.624513636605,8.749646263611478,0,0,22,1.25,0.9,1.0,999.0,1504.36,SURAKSHA,HIGH,two_wheeler,Zomato
2,1,0,1,0,20808.283303294364,5.616665320063389,3,2,15,1.0,0.9,1.0,999.0,1177.4,SURAKSHA,MODERATE,ev_two_wheeler,Zepto
1,0,2,1,0,16838.961440780666,6.756047147152506,0,1,19,0.85,1.15,1.0,699.0,1007.88,RAKSHAK,SAFE,two_wheeler,Swiggy
1,0,0,3,0,26366.162114305396,9.365977603774187,0,0,18,0.85,0.9,0.9,699.0,924.5,RAKSHAK,SAFE,two_wheeler,Zomato
0,1,1,2,0,21737.562732924256,8.164164269132115,0,0,2,1.0,1.0,0.95,399.0,580.22,SAATHI,MODERATE,two_wheeler,Zomato
1,2,0,2,0,29927.025618663734,11.019913933851903,3,0,14,1.25,0.9,0.95,699.0,1182.27,RAKSHAK,HIGH,ev_two_wheeler,Zomato
1,1,0,3,1,14735.803710829237,4.1199880030170934,0,2,20,1.0,0.9,0.9,699.0,927.33,RAKSHAK,MODERATE,two_wheeler,Zepto
1,2,2,1,0,30878.149708527115,5.77194839087712,2,0,0,1.25,1.15,1.0,699.0,1108.27,RAKSHAK,HIGH,bicycle,Zomato
1,2,1,1,0,28919.266447633905,10.617265187420987,2,3,12,1.25,1.0,1.0,699.0,1233.42,RAKSHAK,HIGH,bicycle,Blinkit
1,1,0,2,0,17514.701645844198,7.302066562219148,0,3,11,1.0,0.9,0.95,699.0,799.67,RAKSHAK,MODERATE,two_wheeler,Blinkit
1,0,0,1,0,36651.813280460934,7.469789622651368,0,3,5,0.85,0.9,1.0,699.0,875.03,RAKSHAK,SAFE,two_wheeler,Blinkit
0,0,0,1,0,16023.253505157956,9.67946458747397,0,2,18,0.85,0.9,1.0,399.0,683.76,SAATHI,SAFE,two_wheeler,Zepto
0,0,2,1,0,23664.582377957566,9.188216214593623,2,2,22,0.85,1.15,1.0,399.0,751.2,SAATHI,SAFE,bicycle,Zepto
1,1,0,1,0,13768.4947885959,11.30808773464993,0,2,11,1.0,0.9,1.0,699.0,923.28,RAKSHAK,MODERATE,two_wheeler,Zepto
1,2,1,2,0,37367.262578259295,10.908372253371429,2,3,21,1.25,1.0,0.95,699.0,1342.95,RAKSHAK,HIGH,bicycle,Blinkit
2,0,1,3,0,12885.36107064899,6.068004541596752,0,0,15,0.85,1.0,0.9,999.0,1001.36,SURAKSHA,SAFE,two_wheeler,Zomato
1,0,1,3,1,29454.930836757332,9.325723482057125,2,2,23,0.85,1.0,0.9,699.0,1014.21,RAKSHAK,SAFE,bicycle,Zepto
0,1,2,1,0,24543.872730728308,4.96623617946063,0,3,12,1.0,1.15,1.0,399.0,716.06,SAATHI,MODERATE,two_wheeler,Blinkit
1,1,0,2,0,29288.956941570195,10.085290736188853,0,1,4,1.0,0.9,0.95,699.0,890.55,RAKSHAK,MODERATE,two_wheeler,Swiggy
0,0,0,1,0,23693.892164323675,9.893215001798303,3,1,20,0.85,0.9,1.0,399.0,753.9,SAATHI,SAFE,ev_two_wheeler,Swiggy
2,0,1,2,0,23159.658276035574,5.361221129156135,0,2,20,0.85,1.0,0.95,999.0,1178.36,SURAKSHA,SAFE,two_wheeler,Zepto
0,1,2,1,0,21491.157932839,5.144651163338511,1,3,19,1.0,1.15,1.0,399.0,881.93,SAATHI,MODERATE,three_wheeler,Blinkit
1,0,0,1,0,14457.641595456336,9.345445295663241,0,2,4,0.85,0.9,1.0,699.0,725.57,RAKSHAK,SAFE,two_wheeler,Zepto
1,0,0,2,0,25345.37277669513,10.108922391693254,0,3,7,0.85,0.9,0.95,699.0,850.46,RAKSHAK,SAFE,two_wheeler,Blinkit
1,0,1,1,0,13134.256842357012,4.98328946033796,0,3,12,0.85,1.0,1.0,699.0,763.52,RAKSHAK,SAFE,two_wheeler,Blinkit
0,1,0,1,0,21583.436598112894,4.670989908416097,0,3,21,1.0,0.9,1.0,399.0,722.13,SAATHI,MODERATE,two_wheeler,Blinkit
1,2,0,2,0,22960.71958224519,6.096903776134372,1,1,18,1.25,0.9,0.95,699.0,1198.63,RAKSHAK,HIGH,three_wheeler,Swiggy
1,2,0,2,0,21864.46592254928,6.3915818246382425,0,2,3,1.25,0.9,0.95,699.0,909.62,RAKSHAK,HIGH,two_wheeler,Zepto
0,2,0,2,1,30273.175248925898,4.490390355593789,0,1,16,1.25,0.9,0.95,399.0,853.43,SAATHI,HIGH,two_wheeler,Swiggy
1,1,0,2,0,24718.379066592337,5.910127152031786,0,2,7,1.0,0.9,0.95,699.0,836.84,RAKSHAK,MODERATE,two_wheeler,Zepto
1,2,0,2,0,21806.62520115815,11.336788041374355,1,0,12,1.25,0.9,0.95,699.0,1175.59,RAKSHAK,HIGH,three_wheeler,Zomato
2,1,0,1,0,28383.406505959494,7.543312784335709,0,2,0,1.0,0.9,1.0,999.0,1112.46,SURAKSHA,MODERATE,two_wheeler,Zepto
2,1,1,2,0,14790.589818149725,6.179737472264768,0,3,1,1.0,1.0,0.95,999.0,1050.91,SURAKSHA,MODERATE,two_wheeler,Blinkit
0,1,0,1,1,22222.34285196322,11.300673743398583,0,3,3,1.0,0.9,1.0,399.0,706.49,SAATHI,MODERATE,two_wheeler,Blinkit
1,1,1,1,0,23987.45429891449,5.565662013110303,0,1,23,1.0,1.0,1.0,699.0,1110.49,RAKSHAK,MODERATE,two_wheeler,Swiggy
0,1,1,2,0,36138.91405664144,10.713538742972307,0,3,24,1.0,1.0,0.95,399.0,1020.55,SAATHI,MODERATE,two_wheeler,Blinkit
2,0,0,3,0,15032.101981521671,7.367017997945649,0,2,6,0.85,0.9,0.9,999.0,879.93,SURAKSHA,SAFE,two_wheeler,Zepto
1,1,1,1,0,39002.735725953054,4.916362396691858,0,0,13,1.0,1.0,1.0,699.0,1080.79,RAKSHAK,MODERATE,two_wheeler,Zomato
2,0,1,3,0,19785.364953333497,7.188527692800432,3,1,22,0.85,1.0,0.9,999.0,1140.59,SURAKSHA,SAFE,ev_two_wheeler,Swiggy
1,0,0,1,0,17376.942266121892,9.106734004648718,0,0,10,0.85,0.9,1.0,699.0,813.56,RAKSHAK,SAFE,two_wheeler,Zomato
0,1,0,1,0,27385.708058330973,9.4273540137097,0,0,14,1.0,0.9,1.0,399.0,765.12,SAATHI,MODERATE,two_wheeler,Zomato
1,1,1,1,0,33272.19720306591,10.189179160442674,0,1,9,1.0,1.0,1.0,699.0,1111.82,RAKSHAK,MODERATE,two_wheeler,Swiggy
1,0,1,2,0,24842.42286578637,9.138557207805954,0,1,3,0.85,1.0,0.95,699.0,775.08,RAKSHAK,SAFE,two_wheeler,Swiggy
1,0,0,1,0,19022.353383134956,9.517613138916985,3,0,14,0.85,0.9,1.0,699.0,849.88,RAKSHAK,SAFE,ev_two_wheeler,Zomato
1,0,0,1,0,37970.09943630412,7.666265731090185,0,3,18,0.85,0.9,1.0,699.0,1016.37,RAKSHAK,SAFE,two_wheeler,Blinkit
2,1,2,2,1,22306.397854654002,5.000625814530603,0,1,6,1.0,1.15,0.95,999.0,1378.85,SURAKSHA,MODERATE,two_wheeler,Swiggy
1,1,0,2,0,28159.42355760438,9.619340225202917,0,0,11,1.0,0.9,0.95,699.0,975.68,RAKSHAK,MODERATE,two_wheeler,Zomato
1,2,1,1,0,24105.96778010941,11.9335956881485,0,3,7,1.25,1.0,1.0,699.0,1219.82,RAKSHAK,HIGH,two_wheeler,Blinkit
2,1,2,1,0,38365.72908158568,9.689036144024719,0,1,13,1.0,1.15,1.0,999.0,1655.83,SURAKSHA,MODERATE,two_wheeler,Swiggy
1,1,0,3,0,36014.49111718318,6.129867956142411,0,1,4,1.0,0.9,0.9,699.0,878.09,RAKSHAK,MODERATE,two_wheeler,Swiggy
0,1,1,2,0,17726.12148339828,6.70375983392383,2,1,12,1.0,1.0,0.95,399.0,568.13,SAATHI,MODERATE,bicycle,Swiggy
1,0,1,1,0,12972.052261149049,4.816599398128783,0,0,9,0.85,1.0,1.0,699.0,722.88,RAKSHAK,SAFE,two_wheeler,Zomato
1,1,2,3,0,33604.00030120727,8.181550192356296,3,3,2,1.0,1.15,0.9,699.0,984.9,RAKSHAK,MODERATE,ev_two_wheeler,Blinkit
1,2,0,2,1,26777.621853928555,8.320233538085501,2,1,2,1.25,0.9,0.95,699.0,960.63,RAKSHAK,HIGH,bicycle,Swiggy
0,1,2,3,1,36895.654999736034,7.742793466336344,0,3,16,1.0,1.15,0.9,399.0,977.89,SAATHI,MODERATE,two_wheeler,Blinkit
1,1,0,2,0,19519.59993737795,10.212854718371124,3,0,0,1.0,0.9,0.95,699.0,782.24,RAKSHAK,MODERATE,ev_two_wheeler,Zomato
1,1,1,1,0,38925.933784828514,8.09174032034094,2,2,23,1.0,1.0,1.0,699.0,1160.32,RAKSHAK,MODERATE,bicycle,Zepto
1,0,0,1,0,25890.113398014873,5.352831203365212,2,2,10,0.85,0.9,1.0,699.0,755.23,RAKSHAK,SAFE,bicycle,Zepto
1,0,0,3,0,33536.75634666045,6.948499752221711,0,3,2,0.85,0.9,0.9,699.0,760.48,RAKSHAK,SAFE,two_wheeler,Blinkit
0,0,0,1,0,29411.087808531644,8.810876858226834,0,2,4,0.85,0.9,1.0,399.0,611.95,SAATHI,SAFE,two_wheeler,Zepto
0,1,0,1,0,17073.444865137113,9.375551086789201,0,3,8,1.0,0.9,1.0,399.0,643.4,SAATHI,MODERATE,two_wheeler,Blinkit
0,2,0,2,1,25467.446889297185,5.6481897886566745,2,2,23,1.25,0.9,0.95,399.0,857.53,SAATHI,HIGH,bicycle,Zepto
1,2,0,3,0,36505.87452454471,8.097688134482278,0,0,16,1.25,0.9,0.9,699.0,1193.79,RAKSHAK,HIGH,two_wheeler,Zomato
1,1,0,2,0,29678.568219072018,8.772128005589046,0,0,5,1.0,0.9,0.95,699.0,890.2,RAKSHAK,MODERATE,two_wheeler,Zomato
1,2,1,2,0,20158.7628085805,10.581891888347451,2,0,10,1.25,1.0,0.95,699.0,1058.94,RAKSHAK,HIGH,bicycle,Zomato
2,0,0,2,0,13558.838818711316,10.380139253567087,1,1,7,0.85,0.9,0.95,999.0,1033.79,SURAKSHA,SAFE,three_wheeler,Swiggy
0,0,0,1,1,26377.942917572,5.1132800872636945,0,0,13,0.85,0.9,1.0,399.0,688.96,SAATHI,SAFE,two_wheeler,Zomato
1,0,0,2,1,18056.426328292535,10.45753576321728,0,3,19,0.85,0.9,0.95,699.0,1026.17,RAKSHAK,SAFE,two_wheeler,Blinkit
1,2,0,2,0,29731.937505323873,10.485765383561398,0,3,18,1.25,0.9,0.95,699.0,1224.37,RAKSHAK,HIGH,two_wheeler,Blinkit
0,0,1,1,0,34694.461624418414,11.8120157891681,0,0,15,0.85,1.0,1.0,399.0,848.64,SAATHI,SAFE,two_wheeler,Zomato
1,0,0,3,1,38174.37115085799,10.72739075018768,0,0,13,0.85,0.9,0.9,699.0,1054.81,RAKSHAK,SAFE,two_wheeler,Zomato
1,1,0,2,1,37262.877446694474,11.005736292471514,3,2,5,1.0,0.9,0.95,699.0,1119.1,RAKSHAK,MODERATE,ev_two_wheeler,Zepto
1,0,0,3,0,32944.97270156448,5.11167924199133,0,0,1,0.85,0.9,0.9,699.0,680.46,RAKSHAK,SAFE,two_wheeler,Zomato
1,0,0,3,0,25804.50983748209,10.286021791093862,0,2,7,0.85,0.9,0.9,699.0,830.27,RAKSHAK,SAFE,two_wheeler,Zepto
1,1,0,3,0,14081.283438089684,11.818952486221086,0,1,18,1.0,0.9,0.9,699.0,955.79,RAKSHAK,MODERATE,two_wheeler,Swiggy
2,1,0,1,0,32218.72849550066,5.393473504544134,2,2,5,1.0,0.9,1.0,999.0,1036.96,SURAKSHA,MODERATE,bicycle,Zepto
1,1,2,1,0,19032.435238031998,8.833643838906433,0,0,0,1.0,1.15,1.0,699.0,948.65,RAKSHAK,MODERATE,two_wheeler,Zomato
1,1,0,1,0,35393.612358012295,5.301217745519205,0,2,7,1.0,0.9,1.0,699.0,901.5,RAKSHAK,MODERATE,two_wheeler,Zepto
1,0,0,1,0,26144.592512212817,8.250646341385405,0,0,13,0.85,0.9,1.0,699.0,920.62,RAKSHAK,SAFE,two_wheeler,Zomato
1,1,2,1,0,31468.930589482767,7.275583501018473,3,3,17,1.0,1.15,1.0,699.0,1180.38,RAKSHAK,MODERATE,ev_two_wheeler,Blinkit
0,0,0,1,0,36544.74732738052,11.299880433842947,0,0,2,0.85,0.9,1.0,399.0,656.84,SAATHI,SAFE,two_wheeler,Zomato
0,1,1,1,0,12259.070628205265,7.684528060498046,1,0,23,1.0,1.0,1.0,399.0,848.27,SAATHI,MODERATE,three_wheeler,Zomato
1,0,0,1,0,23400.864680768507,5.858186918324006,0,2,20,0.85,0.9,1.0,699.0,922.32,RAKSHAK,SAFE,two_wheeler,Zepto
0,1,0,1,0,28749.108475176068,6.115234383437163,0,0,5,1.0,0.9,1.0,399.0,596.58,SAATHI,MODERATE,two_wheeler,Zomato
2,0,0,1,1,33761.20546430907,6.2832423224227325,0,1,15,0.85,0.9,1.0,999.0,1285.92,SURAKSHA,SAFE,two_wheeler,Swiggy
2,0,2,1,0,31500.25819566197,5.317017972523321,1,2,21,0.85,1.15,1.0,999.0,1470.5,SURAKSHA,SAFE,three_wheeler,Zepto
1,0,0,3,0,28836.871081412235,8.501060766939107,0,1,17,0.85,0.9,0.9,699.0,896.45,RAKSHAK,SAFE,two_wheeler,Swiggy
1,1,0,1,0,35105.40217455932,6.439034859129657,0,2,0,1.0,0.9,1.0,699.0,849.93,RAKSHAK,MODERATE,two_wheeler,Zepto
1,1,0,1,0,32035.75916530251,9.772612208680215,0,0,4,1.0,0.9,1.0,699.0,912.7,RAKSHAK,MODERATE,two_wheeler,Zomato
1,1,0,2,0,23097.972815089295,4.622713224884112,3,2,17,1.0,0.9,0.95,699.0,893.77,RAKSHAK,MODERATE,ev_two_wheeler,Zepto
0,0,0,2,0,14305.776030999994,4.021609734673308,0,1,19,0.85,0.9,0.95,399.0,546.24,SAATHI,SAFE,two_wheeler,Swiggy
1,0,1,2,0,17873.71158581503,4.592869994403106,0,1,21,0.85,1.0,0.95,699.0,871.93,RAKSHAK,SAFE,two_wheeler,Swiggy
0,1,2,2,1,17024.466652263887,4.203365481436199,1,3,0,1.0,1.15,0.95,399.0,601.16,SAATHI,MODERATE,three_wheeler,Blinkit
1,1,1,1,0,29984.65076214851,6.208688707914098,0,2,21,1.0,1.0,1.0,699.0,1142.58,RAKSHAK,MODERATE,two_wheeler,Zepto
1,0,1,1,0,25006.343014114165,11.831437176135923,0,2,1,0.85,1.0,1.0,699.0,908.23,RAKSHAK,SAFE,two_wheeler,Zepto
1,1,1,1,0,17890.823525835473,6.322356125591317,0,2,11,1.0,1.0,1.0,699.0,930.49,RAKSHAK,MODERATE,two_wheeler,Zepto
0,0,0,1,1,15238.906262147264,11.570115944024657,0,2,17,0.85,0.9,1.0,399.0,788.45,SAATHI,SAFE,two_wheeler,Zepto
0,1,1,2,1,14023.607852317842,9.525608315993328,0,1,20,1.0,1.0,0.95,399.0,831.96,SAATHI,MODERATE,two_wheeler,Swiggy
1,1,2,1,1,23260.378691631093,4.819155702345412,0,1,1,1.0,1.15,1.0,699.0,1029.49,RAKSHAK,MODERATE,two_wheeler,Swiggy
1,1,0,1,0,27333.135555998662,5.156121791255602,0,1,20,1.0,0.9,1.0,699.0,1005.54,RAKSHAK,MODERATE,two_wheeler,Swiggy
0,1,0,1,0,26285.961661387417,5.022797895947736,0,2,15,1.0,0.9,1.0,399.0,713.38,SAATHI,MODERATE,two_wheeler,Zepto
0,2,0,1,0,33629.93969069679,5.367559148540686,0,1,1,1.25,0.9,1.0,399.0,702.95,SAATHI,HIGH,two_wheeler,Swiggy
1,0,0,1,0,31591.96616032144,5.970165872825386,2,3,22,0.85,0.9,1.0,699.0,921.41,RAKSHAK,SAFE,bicycle,Blinkit
2,1,0,1,1,22837.884774956212,8.501127977984796,0,0,18,1.0,0.9,1.0,999.0,1403.02,SURAKSHA,MODERATE,two_wheeler,Zomato
1,2,2,3,0,20256.237585951516,11.307303505312255,0,0,9,1.25,1.15,0.9,699.0,1239.43,RAKSHAK,HIGH,two_wheeler,Zomato
0,1,0,2,0,23657.785966300085,10.6638565975875,0,1,6,1.0,0.9,0.95,399.0,647.17,SAATHI,MODERATE,two_wheeler,Swiggy
1,1,0,1,0,27755.285162140426,11.559579366572036,0,3,6,1.0,0.9,1.0,699.0,1021.88,RAKSHAK,MODERATE,two_wheeler,Blinkit
1,0,1,1,0,23535.83170578083,8.63133226074174,0,0,21,0.85,1.0,1.0,699.0,1059.36,RAKSHAK,SAFE,two_wheeler,Zomato
1,1,1,1,0,15941.793520342497,8.105908576771673,0,0,6,1.0,1.0,1.0,699.0,850.0,RAKSHAK,MODERATE,two_wheeler,Zomato
1,0,0,1,0,20345.190638157965,7.064811468724676,3,3,23,0.85,0.9,1.0,699.0,917.96,RAKSHAK,SAFE,ev_two_wheeler,Blinkit
2,1,1,1,1,26643.482422963312,4.916049571751851,0,1,0,1.0,1.0,1.0,999.0,1239.74,SURAKSHA,MODERATE,two_wheeler,Swiggy
0,1,0,3,1,36221.75083956209,7.9998181196993485,2,0,13,1.0,0.9,0.9,399.0,759.68,SAATHI,MODERATE,bicycle,Zomato
0,2,0,1,0,32549.07038518861,4.588650355917527,0,3,24,1.25,0.9,1.0,399.0,952.5,SAATHI,HIGH,two_wheeler,Blinkit
1,1,0,1,0,28107.828655933,5.047010667661496,1,1,3,1.0,0.9,1.0,699.0,899.88,RAKSHAK,MODERATE,three_wheeler,Swiggy
0,1,1,1,0,26281.686399236023,8.975700993047813,0,1,2,1.0,1.0,1.0,399.0,624.48,SAATHI,MODERATE,two_wheeler,Swiggy
1,1,2,3,0,21562.199099153222,10.236611590890156,0,0,2,1.0,1.15,0.9,699.0,986.88,RAKSHAK,MODERATE,two_wheeler,Zomato
0,0,0,2,1,12054.093600162145,9.806168375662219,0,0,22,0.85,0.9,0.95,399.0,775.96,SAATHI,SAFE,two_wheeler,Zomato
1,2,1,1,0,31076.769189740757,8.267159132054436,0,1,17,1.25,1.0,1.0,699.0,1300.98,RAKSHAK,HIGH,two_wheeler,Swiggy
1,2,0,3,0,24086.22391716268,4.417964669606623,0,2,17,1.25,0.9,0.9,699.0,1027.05,RAKSHAK,HIGH,two_wheeler,Zepto
0,1,1,2,0,25666.716444439164,9.696234856435611,0,0,0,1.0,1.0,0.95,399.0,622.06,SAATHI,MODERATE,two_wheeler,Zomato
2,0,1,1,0,30922.72580079652,8.47906532461587,0,0,9,0.85,1.0,1.0,999.0,1187.33,SURAKSHA,SAFE,two_wheeler,Zomato
1,0,1,1,0,38798.99868800144,9.57436411171473,0,3,11,0.85,1.0,1.0,699.0,1046.56,RAKSHAK,SAFE,two_wheeler,Blinkit
0,1,1,2,0,17555.482833419755,7.9518974411479295,0,2,19,1.0,1.0,0.95,399.0,751.34,SAATHI,MODERATE,two_wheeler,Zepto
1,0,2,1,1,15327.872197334642,4.119599768833911,0,2,0,0.85,1.15,1.0,699.0,827.82,RAKSHAK,SAFE,two_wheeler,Zepto
1,0,2,3,0,31886.813573963256,4.923198866246626,0,3,0,0.85,1.15,0.9,699.0,851.35,RAKSHAK,SAFE,two_wheeler,Blinkit
2,2,0,1,0,35772.96637193725,8.172796103928974,3,1,8,1.25,0.9,1.0,999.0,1484.52,SURAKSHA,HIGH,ev_two_wheeler,Swiggy
1,2,0,1,1,16888.351570938088,6.288480413274284,1,0,17,1.25,0.9,1.0,699.0,1231.9,RAKSHAK,HIGH,three_wheeler,Zomato
0,0,0,2,0,23840.541117069806,8.526012513796658,0,3,21,0.85,0.9,0.95,399.0,784.84,SAATHI,SAFE,two_wheeler,Blinkit
2,0,0,1,0,18033.144116977914,5.602806811587247,0,1,23,0.85,0.9,1.0,999.0,1151.53,SURAKSHA,SAFE,two_wheeler,Swiggy
1,0,0,3,0,23600.632745356845,7.788555988597171,1,0,11,0.85,0.9,0.9,699.0,869.17,RAKSHAK,SAFE,three_wheeler,Zomato
1,2,2,2,0,22362.499841959187,4.146707112085199,0,1,15,1.25,1.15,0.95,699.0,1241.85,RAKSHAK,HIGH,two_wheeler,Swiggy
1,2,0,3,0,27210.162642280506,4.163816666897583,0,0,0,1.25,0.9,0.9,699.0,828.08,RAKSHAK,HIGH,two_wheeler,Zomato
1,1,1,2,0,20717.498802023663,8.542215651455026,0,3,6,1.0,1.0,0.95,699.0,896.37,RAKSHAK,MODERATE,two_wheeler,Blinkit
1,1,1,1,0,35436.61965815326,4.6312146359296085,3,0,19,1.0,1.0,1.0,699.0,1104.95,RAKSHAK,MODERATE,ev_two_wheeler,Zomato
0,0,0,2,1,26847.370317873763,6.828729167658548,0,3,9,0.85,0.9,0.95,399.0,652.85,SAATHI,SAFE,two_wheeler,Blinkit
1,1,2,2,0,36009.58710461417,4.0014815623635425,0,3,20,1.0,1.15,0.95,699.0,1186.32,RAKSHAK,MODERATE,two_wheeler,Blinkit
1,0,0,2,1,38109.76983377503,10.000739302829112,1,0,6,0.85,0.9,0.95,699.0,1048.3,RAKSHAK,SAFE,three_wheeler,Zomato
2,2,0,2,0,38688.68094959269,8.865706179036602,0,3,2,1.25,0.9,0.95,999.0,1384.45,SURAKSHA,HIGH,two_wheeler,Blinkit
1,0,0,2,1,25582.015595768866,11.248872645176302,0,1,16,0.85,0.9,0.95,699.0,1041.33,RAKSHAK,SAFE,two_wheeler,Swiggy
0,0,2,2,1,20878.05012538335,11.514680125943894,0,0,18,0.85,1.15,0.95,399.0,913.22,SAATHI,SAFE,two_wheeler,Zomato
1,1,0,1,0,29488.72304256432,7.334676921782349,3,3,23,1.0,0.9,1.0,699.0,1088.48,RAKSHAK,MODERATE,ev_two_wheeler,Blinkit
0,0,0,1,0,31665.47615485213,6.232681089210268,0,3,11,0.85,0.9,1.0,399.0,649.2,SAATHI,SAFE,two_wheeler,Blinkit
1,1,2,2,1,38862.63592283453,5.664879971364059,0,0,4,1.0,1.15,0.95,699.0,1163.99,RAKSHAK,MODERATE,two_wheeler,Zomato
0,2,0,2,0,15264.883060006421,6.942296683844509,0,2,6,1.25,0.9,0.95,399.0,555.74,SAATHI,HIGH,two_wheeler,Zepto
1,2,1,1,0,15833.727071878562,6.728136744953624,2,3,15,1.25,1.0,1.0,699.0,1098.39,RAKSHAK,HIGH,bicycle,Blinkit
0,1,1,2,0,26100.15309748056,11.152436841631094,1,0,18,1.0,1.0,0.95,399.0,923.94,SAATHI,MODERATE,three_wheeler,Zomato
2,0,2,1,0,24380.315186024316,4.454724565699108,0,3,0,0.85,1.15,1.0,999.0,1133.24,SURAKSHA,SAFE,two_wheeler,Blinkit
1,1,0,2,0,18195.744549853152,5.291335901500592,0,0,11,1.0,0.9,0.95,699.0,798.43,RAKSHAK,MODERATE,two_wheeler,Zomato
2,2,0,1,0,26902.88259996986,8.854878462407427,0,1,7,1.25,0.9,1.0,999.0,1415.5,SURAKSHA,HIGH,two_wheeler,Swiggy
0,1,0,2,0,12678.727252626912,9.000155633344832,0,0,1,1.0,0.9,0.95,399.0,492.65,SAATHI,MODERATE,two_wheeler,Zomato
0,0,2,1,1,31124.512917836506,9.148193282993514,0,3,10,0.85,1.15,1.0,399.0,887.21,SAATHI,SAFE,two_wheeler,Blinkit
1,1,0,1,0,25620.50512734933,9.001736469222818,3,3,23,1.0,0.9,1.0,699.0,1099.49,RAKSHAK,MODERATE,ev_two_wheeler,Blinkit
1,1,0,3,1,22364.141713811674,4.569242047060649,0,1,17,1.0,0.9,0.9,699.0,984.29,RAKSHAK,MODERATE,two_wheeler,Swiggy
1,2,0,1,0,19214.39664375234,6.92992944906892,0,1,2,1.25,0.9,1.0,699.0,944.24,RAKSHAK,HIGH,two_wheeler,Swiggy
2,2,1,1,0,12942.209299781585,9.395460451748775,0,2,14,1.25,1.0,1.0,999.0,1547.55,SURAKSHA,HIGH,two_wheeler,Zepto
1,1,0,1,1,27179.850260572668,9.517085935320967,0,0,10,1.0,0.9,1.0,699.0,1017.84,RAKSHAK,MODERATE,two_wheeler,Zomato
1,1,0,1,1,21326.395346628444,5.180190673418775,0,2,14,1.0,0.9,1.0,699.0,984.79,RAKSHAK,MODERATE,two_wheeler,Zepto
0,1,1,1,0,32821.603000820905,11.8864545680674,0,3,18,1.0,1.0,1.0,399.0,957.04,SAATHI,MODERATE,two_wheeler,Blinkit
0,1,0,1,0,17745.1193350645,10.308414736066052,0,3,6,1.0,0.9,1.0,399.0,615.02,SAATHI,MODERATE,two_wheeler,Blinkit
1,2,0,3,0,29430.444315556048,6.520451972860795,0,2,0,1.25,0.9,0.9,699.0,957.52,RAKSHAK,HIGH,two_wheeler,Zepto
1,0,2,1,0,27277.037003960217,9.654324035174515,0,0,17,0.85,1.15,1.0,699.0,1123.12,RAKSHAK,SAFE,two_wheeler,Zomato
1,0,0,3,0,21717.316726705758,7.3525974650035275,3,2,24,0.85,0.9,0.9,699.0,880.18,RAKSHAK,SAFE,ev_two_wheeler,Zepto
0,1,0,2,0,15633.342537895402,10.000490593154778,0,3,12,1.0,0.9,0.95,399.0,663.26,SAATHI,MODERATE,two_wheeler,Blinkit
1,2,0,2,1,14352.04800657752,9.452208239093203,0,2,6,1.25,0.9,0.95,699.0,1032.48,RAKSHAK,HIGH,two_wheeler,Zepto
1,1,0,1,0,20684.122190542457,7.610693801232778,3,3,9,1.0,0.9,1.0,699.0,882.87,RAKSHAK,MODERATE,ev_two_wheeler,Blinkit
1,0,1,1,0,23466.51744780399,6.997848180286079,0,0,16,0.85,1.0,1.0,699.0,976.88,RAKSHAK,SAFE,two_wheeler,Zomato
1,1,0,1,0,16023.365003328548,8.178986111734408,3,3,5,1.0,0.9,1.0,699.0,795.76,RAKSHAK,MODERATE,ev_two_wheeler,Blinkit
1,2,0,1,1,37514.5606888108,10.565019147352295,2,0,2,1.25,0.9,1.0,699.0,1161.13,RAKSHAK,HIGH,bicycle,Zomato
1,0,2,1,1,20665.484217456273,11.811305779072448,1,0,8,0.85,1.15,1.0,699.0,1160.89,RAKSHAK,SAFE,three_wheeler,Zomato
1,1,0,2,0,38757.398633877965,4.229049550685223,0,0,6,1.0,0.9,0.95,699.0,900.5,RAKSHAK,MODERATE,two_wheeler,Zomato
0,2,2,2,0,14492.08898351503,9.551936867114204,0,3,14,1.25,1.15,0.95,399.0,841.75,SAATHI,HIGH,two_wheeler,Blinkit
1,2,2,1,0,37967.83942151735,8.167931109194857,0,3,1,1.25,1.15,1.0,699.0,1284.35,RAKSHAK,HIGH,two_wheeler,Blinkit
1,0,1,1,0,34013.11473754997,7.015599773490177,0,1,5,0.85,1.0,1.0,699.0,918.6,RAKSHAK,SAFE,two_wheeler,Swiggy
1,0,0,1,1,22255.084167957277,8.812388051037649,2,0,20,0.85,0.9,1.0,699.0,926.92,RAKSHAK,SAFE,bicycle,Zomato
1,2,0,2,0,13484.721588834702,5.944015313030286,0,2,18,1.25,0.9,0.95,699.0,1046.87,RAKSHAK,HIGH,two_wheeler,Zepto
1,0,0,3,0,20667.175772138464,8.552855842902432,3,0,22,0.85,0.9,0.9,699.0,908.02,RAKSHAK,SAFE,ev_two_wheeler,Zomato
2,1,2,3,0,23198.939488350257,7.386613816180217,0,3,23,1.0,1.15,0.9,999.0,1450.87,SURAKSHA,MODERATE,two_wheeler,Blinkit
0,0,0,3,0,13175.174095369875,5.414054939387686,0,1,8,0.85,0.9,0.9,399.0,423.59,SAATHI,SAFE,two_wheeler,Swiggy
1,1,0,1,0,22718.199270237463,5.258188272611146,0,3,3,1.0,0.9,1.0,699.0,758.98,RAKSHAK,MODERATE,two_wheeler,Blinkit
1,1,0,1,0,35713.832787425396,7.011107971532887,0,0,3,1.0,0.9,1.0,699.0,937.3,RAKSHAK,MODERATE,two_wheeler,Zomato
0,0,2,2,0,22882.368043218383,7.463740375992428,0,2,3,0.85,1.15,0.95,399.0,611.46,SAATHI,SAFE,two_wheeler,Zepto
1,2,0,1,0,38461.049030180926,4.386175095663852,3,3,21,1.25,0.9,1.0,699.0,1217.61,RAKSHAK,HIGH,ev_two_wheeler,Blinkit
1,2,0,1,0,16055.879163510835,8.652243794216885,2,0,12,1.25,0.9,1.0,699.0,989.78,RAKSHAK,HIGH,bicycle,Zomato
1,2,1,3,0,14891.246664210312,4.416703255417207,3,1,13,1.25,1.0,0.9,699.0,1044.79,RAKSHAK,HIGH,ev_two_wheeler,Swiggy
1,2,0,1,1,21148.749749366394,7.989842920735452,2,2,15,1.25,0.9,1.0,699.0,1078.21,RAKSHAK,HIGH,bicycle,Zepto
1,1,1,1,1,34807.506036559906,8.268840808978476,0,1,17,1.0,1.0,1.0,699.0,1243.13,RAKSHAK,MODERATE,two_wheeler,Swiggy
0,0,1,1,0,32920.87677511021,7.700506466510396,0,0,22,0.85,1.0,1.0,399.0,886.2,SAATHI,SAFE,two_wheeler,Zomato
1,1,0,1,1,16679.707684780456,9.587843742519098,0,3,14,1.0,0.9,1.0,699.0,1021.52,RAKSHAK,MODERATE,two_wheeler,Blinkit
1,1,2,1,1,28775.32317496303,11.93701177081821,0,3,3,1.0,1.15,1.0,699.0,1175.26,RAKSHAK,MODERATE,two_wheeler,Blinkit
1,1,2,1,0,35897.45866274171,7.1852395566782,0,0,15,1.0,1.15,1.0,699.0,1217.05,RAKSHAK,MODERATE,two_wheeler,Zomato
1,0,0,1,0,29149.706198718333,9.903624962023507,0,1,19,0.85,0.9,1.0,699.0,1006.2,RAKSHAK,SAFE,two_wheeler,Swiggy
1,1,0,1,0,28120.14054927372,8.667089858621985,0,2,6,1.0,0.9,1.0,699.0,910.12,RAKSHAK,MODERATE,two_wheeler,Zepto
0,0,0,3,0,38831.03282251009,4.728094455060136,1,0,5,0.85,0.9,0.9,399.0,633.33,SAATHI,SAFE,three_wheeler,Zomato
1,1,0,2,1,20310.40574145149,6.834125770621006,0,1,20,1.0,0.9,0.95,699.0,1051.96,RAKSHAK,MODERATE,two_wheeler,Swiggy
0,1,0,3,0,39742.437966486264,7.7782477146304085,0,3,16,1.0,0.9,0.9,399.0,822.25,SAATHI,MODERATE,two_wheeler,Blinkit
0,0,0,2,0,23456.026061693425,6.032169192764502,0,2,5,0.85,0.9,0.95,399.0,548.48,SAATHI,SAFE,two_wheeler,Zepto
0,0,0,1,0,17834.743012247112,9.290431698294935,0,3,12,0.85,0.9,1.0,399.0,631.4,SAATHI,SAFE,two_wheeler,Blinkit
1,2,2,2,0,15921.807662050222,6.786196922905532,0,1,10,1.25,1.15,0.95,699.0,1172.02,RAKSHAK,HIGH,two_wheeler,Swiggy
2,0,0,1,0,20140.82824493887,8.9181676252501,0,3,15,0.85,0.9,1.0,999.0,1122.03,SURAKSHA,SAFE,two_wheeler,Blinkit
1,1,0,2,0,18156.723711805775,6.946483056693854,0,3,19,1.0,0.9,0.95,699.0,941.98,RAKSHAK,MODERATE,two_wheeler,Blinkit
2,1,1,1,0,25581.549266767026,6.050345298356861,2,0,21,1.0,1.0,1.0,999.0,1327.74,SURAKSHA,MODERATE,bicycle,Zomato
2,2,1,1,0,19690.14940031767,9.84509537010302,0,0,13,1.25,1.0,1.0,999.0,1603.73,SURAKSHA,HIGH,two_wheeler,Zomato
1,0,1,1,0,19253.097883374412,4.558056098496081,3,1,21,0.85,1.0,1.0,699.0,885.35,RAKSHAK,SAFE,ev_two_wheeler,Swiggy
0,0,1,2,1,28738.283316239325,4.118951794764158,2,2,12,0.85,1.0,0.95,399.0,578.06,SAATHI,SAFE,bicycle,Zepto
0,1,0,1,1,20639.861932489675,11.935147865141161,0,1,9,1.0,0.9,1.0,399.0,777.62,SAATHI,MODERATE,two_wheeler,Swiggy
2,2,0,2,0,17162.310664551427,7.544607463467591,0,3,0,1.25,0.9,0.95,999.0,1184.67,SURAKSHA,HIGH,two_wheeler,Blinkit
0,0,1,2,0,15253.061700332946,8.44014819364233,0,2,8,0.85,1.0,0.95,399.0,526.88,SAATHI,SAFE,two_wheeler,Zepto
0,0,0,3,0,35835.219763589004,5.324326358584698,0,0,7,0.85,0.9,0.9,399.0,576.26,SAATHI,SAFE,two_wheeler,Zomato
1,2,2,2,0,22197.66223418645,5.679454653387875,0,3,23,1.25,1.15,0.95,699.0,1323.2,RAKSHAK,HIGH,two_wheeler,Blinkit
0,0,1,1,0,12516.802315118439,10.655104510053835,2,1,15,0.85,1.0,1.0,399.0,570.48,SAATHI,SAFE,bicycle,Swiggy
1,0,0,2,0,33069.24654620128,4.244843970695234,0,3,13,0.85,0.9,0.95,699.0,838.08,RAKSHAK,SAFE,two_wheeler,Blinkit
0,2,0,2,0,28451.729620194354,6.828390833634697,3,3,1,1.25,0.9,0.95,399.0,612.57,SAATHI,HIGH,ev_two_wheeler,Blinkit
1,1,0,3,0,30702.22884734583,10.450842246348717,0,0,19,1.0,0.9,0.9,699.0,1073.82,RAKSHAK,MODERATE,two_wheeler,Zomato
2,1,0,2,0,18503.44032233071,11.179863078363397,3,2,9,1.0,0.9,0.95,999.0,1158.61,SURAKSHA,MODERATE,ev_two_wheeler,Zepto
1,1,1,2,0,30800.824876410115,6.01944955281632,0,0,13,1.0,1.0,0.95,699.0,1051.58,RAKSHAK,MODERATE,two_wheeler,Zomato
1,1,2,1,0,22427.218648989972,10.211130949221808,3,2,1,1.0,1.15,1.0,699.0,1043.53,RAKSHAK,MODERATE,ev_two_wheeler,Zepto
1,0,1,2,0,36912.589373925584,9.602450831070456,0,2,7,0.85,1.0,0.95,699.0,998.81,RAKSHAK,SAFE,two_wheeler,Zepto
0,1,1,2,0,37892.92932420212,10.814694470551466,0,0,20,1.0,1.0,0.95,399.0,1009.18,SAATHI,MODERATE,two_wheeler,Zomato
2,0,0,2,1,28098.69781042996,11.119448447120783,0,0,20,0.85,0.9,0.95,999.0,1360.51,SURAKSHA,SAFE,two_wheeler,Zomato
1,1,0,3,1,13501.594930400577,8.007754414870947,0,3,8,1.0,0.9,0.9,699.0,834.74,RAKSHAK,MODERATE,two_wheeler,Blinkit
2,0,0,2,0,34793.87336663547,8.848876798823785,0,0,1,0.85,0.9,0.95,999.0,1008.05,SURAKSHA,SAFE,two_wheeler,Zomato
1,1,0,2,0,22321.37826995208,4.526737316069237,2,1,15,1.0,0.9,0.95,699.0,784.14,RAKSHAK,MODERATE,bicycle,Swiggy
2,2,0,1,0,14806.492588936011,11.45729375370906,1,0,18,1.25,0.9,1.0,999.0,1621.16,SURAKSHA,HIGH,three_wheeler,Zomato
1,0,0,1,1,14237.023258158104,10.843887637567661,0,2,1,0.85,0.9,1.0,699.0,742.31,RAKSHAK,SAFE,two_wheeler,Zepto
2,0,0,1,0,38763.263231123725,10.402885229252771,0,0,14,0.85,0.9,1.0,999.0,1324.22,SURAKSHA,SAFE,two_wheeler,Zomato
1,1,1,3,0,17040.50526142259,7.468848267276281,0,3,7,1.0,1.0,0.9,699.0,849.16,RAKSHAK,MODERATE,two_wheeler,Blinkit
0,0,0,1,0,19697.43344950274,9.734381733594965,0,3,17,0.85,0.9,1.0,399.0,701.23,SAATHI,SAFE,two_wheeler,Blinkit
1,0,0,3,1,22402.548106820053,5.671111141718745,3,0,6,0.85,0.9,0.9,699.0,723.91,RAKSHAK,SAFE,ev_two_wheeler,Zomato
0,1,0,2,0,20709.16774159555,6.560087913976507,3,3,16,1.0,0.9,0.95,399.0,657.96,SAATHI,MODERATE,ev_two_wheeler,Blinkit
2,0,0,1,1,36045.03525734498,7.228563139596811,0,3,9,0.85,0.9,1.0,999.0,1213.61,SURAKSHA,SAFE,two_wheeler,Blinkit
1,2,0,1,0,36960.74180757842,5.327023397300284,0,0,17,1.25,0.9,1.0,699.0,1278.6,RAKSHAK,HIGH,two_wheeler,Zomato
0,0,0,3,0,37026.63921006565,11.070634587803884,3,2,3,0.85,0.9,0.9,399.0,660.8,SAATHI,SAFE,ev_two_wheeler,Zepto
1,1,0,1,0,31316.884502675297,11.248779597150264,0,0,24,1.0,0.9,1.0,699.0,1251.99,RAKSHAK,MODERATE,two_wheeler,Zomato
0,1,2,1,1,31562.395442274723,6.057417088195418,0,0,5,1.0,1.15,1.0,399.0,791.66,SAATHI,MODERATE,two_wheeler,Zomato
1,2,0,1,1,29961.73033380006,11.015351454966776,0,2,2,1.25,0.9,1.0,699.0,1197.62,RAKSHAK,HIGH,two_wheeler,Zepto
1,1,1,3,0,38684.4529291324,9.6222630173278,3,1,3,1.0,1.0,0.9,699.0,968.6,RAKSHAK,MODERATE,ev_two_wheeler,Swiggy
2,1,1,1,0,31790.94446028403,7.9143212600301,0,1,0,1.0,1.0,1.0,999.0,1272.82,SURAKSHA,MODERATE,two_wheeler,Swiggy
2,1,0,3,1,19258.31364006443,4.97870860769713,0,3,8,1.0,0.9,0.9,999.0,1090.04,SURAKSHA,MODERATE,two_wheeler,Blinkit
1,1,1,1,0,32984.51006214823,8.314785638727038,0,0,4,1.0,1.0,1.0,699.0,1044.4,RAKSHAK,MODERATE,two_wheeler,Zomato
2,0,0,1,0,13359.411961848169,9.209538465206887,1,2,17,0.85,0.9,1.0,999.0,1107.21,SURAKSHA,SAFE,three_wheeler,Zepto
0,0,0,1,1,38979.38878294382,7.549722152961916,0,2,14,0.85,0.9,1.0,399.0,790.41,SAATHI,SAFE,two_wheeler,Zepto
0,0,0,1,0,22664.783419045518,7.51979013633904,2,3,20,0.85,0.9,1.0,399.0,637.51,SAATHI,SAFE,bicycle,Blinkit
2,1,1,2,0,25176.570842449943,5.6912014764872,0,3,14,1.0,1.0,0.95,999.0,1300.83,SURAKSHA,MODERATE,two_wheeler,Blinkit
2,1,0,1,0,39140.88169154143,6.549401229862926,3,1,2,1.0,0.9,1.0,999.0,1150.77,SURAKSHA,MODERATE,ev_two_wheeler,Swiggy
1,0,1,1,0,24141.432433246868,8.55609495475537,3,3,12,0.85,1.0,1.0,699.0,902.97,RAKSHAK,SAFE,ev_two_wheeler,Blinkit
2,2,0,1,0,12508.423036998207,9.779690482711633,0,0,5,1.25,0.9,1.0,999.0,1350.33,SURAKSHA,HIGH,two_wheeler,Zomato
1,2,1,1,0,31008.590506936707,8.50558473958529,0,0,19,1.25,1.0,1.0,699.0,1319.22,RAKSHAK,HIGH,two_wheeler,Zomato
1,0,2,1,0,12566.090564138329,9.366080173692271,2,1,1,0.85,1.15,1.0,699.0,714.28,RAKSHAK,SAFE,bicycle,Swiggy
0,0,0,2,0,23638.508042012574,10.656325913750209,2,0,14,0.85,0.9,0.95,399.0,613.98,SAATHI,SAFE,bicycle,Zomato
0,2,0,3,0,21214.684648813265,8.271652375479471,0,2,16,1.25,0.9,0.9,399.0,753.9,SAATHI,HIGH,two_wheeler,Zepto
0,1,1,1,0,27727.07890220909,8.74490222659782,0,2,10,1.0,1.0,1.0,399.0,756.68,SAATHI,MODERATE,two_wheeler,Zepto
0,1,0,1,0,18653.19760544999,8.28366647167473,3,0,21,1.0,0.9,1.0,399.0,739.25,SAATHI,MODERATE,ev_two_wheeler,Zomato
1,1,0,2,0,19425.06450364904,10.68196438190402,2,2,10,1.0,0.9,0.95,699.0,809.31,RAKSHAK,MODERATE,bicycle,Zepto
1,1,1,3,1,33745.92208243345,5.8266466927464835,2,0,15,1.0,1.0,0.9,699.0,1035.47,RAKSHAK,MODERATE,bicycle,Zomato
2,0,0,3,0,24102.358113749182,9.34346988364594,0,2,7,0.85,0.9,0.9,999.0,987.24,SURAKSHA,SAFE,two_wheeler,Zepto
1,0,0,1,0,38397.61603094774,6.136487521914882,0,3,14,0.85,0.9,1.0,699.0,981.23,RAKSHAK,SAFE,two_wheeler,Blinkit
1,0,1,1,0,26814.891494492276,11.00962689779988,0,0,17,0.85,1.0,1.0,699.0,1138.68,RAKSHAK,SAFE,two_wheeler,Zomato
1,1,0,1,0,35861.997788243425,8.430191634355506,0,1,14,1.0,0.9,1.0,699.0,1094.1,RAKSHAK,MODERATE,two_wheeler,Swiggy
2,1,2,1,0,37082.36801024756,6.197095038535863,0,2,18,1.0,1.15,1.0,999.0,1630.1,SURAKSHA,MODERATE,two_wheeler,Zepto
1,0,1,1,1,19405.800453729396,5.199154362625265,0,3,15,0.85,1.0,1.0,699.0,980.94,RAKSHAK,SAFE,two_wheeler,Blinkit
1,0,0,1,0,33435.35391478084,4.553066686539915,0,0,17,0.85,0.9,1.0,699.0,918.84,RAKSHAK,SAFE,two_wheeler,Zomato
1,1,0,3,0,20584.774142696515,10.674223192443645,0,3,6,1.0,0.9,0.9,699.0,807.59,RAKSHAK,MODERATE,two_wheeler,Blinkit
1,0,0,2,0,19906.2498914576,6.364792999879028,0,3,16,0.85,0.9,0.95,699.0,837.48,RAKSHAK,SAFE,two_wheeler,Blinkit
0,0,0,1,1,32473.986959895872,9.314678755698223,0,3,20,0.85,0.9,1.0,399.0,887.56,SAATHI,SAFE,two_wheeler,Blinkit
1,1,0,1,1,20784.58724765031,7.54071218659567,3,2,2,1.0,0.9,1.0,699.0,841.59,RAKSHAK,MODERATE,ev_two_wheeler,Zepto
1,2,0,1,0,36057.10158351103,7.228182132057835,0,3,9,1.25,0.9,1.0,699.0,1186.05,RAKSHAK,HIGH,two_wheeler,Blinkit
0,0,0,1,0,35589.38506964382,8.77313124314988,3,3,4,0.85,0.9,1.0,399.0,640.09,SAATHI,SAFE,ev_two_wheeler,Blinkit
1,0,2,1,0,22104.26485544385,4.139745042232021,0,2,10,0.85,1.15,1.0,699.0,864.28,RAKSHAK,SAFE,two_wheeler,Zepto
1,0,0,1,0,18131.44643696361,8.62210453998166,1,0,9,0.85,0.9,1.0,699.0,842.55,RAKSHAK,SAFE,three_wheeler,Zomato
2,1,1,3,0,20775.574215902765,7.044697559182136,1,0,21,1.0,1.0,0.9,999.0,1382.43,SURAKSHA,MODERATE,three_wheeler,Zomato
1,0,0,1,1,21975.08520116644,8.911166737663308,0,3,9,0.85,0.9,1.0,699.0,940.94,RAKSHAK,SAFE,two_wheeler,Blinkit
1,0,0,1,1,39175.47041678284,7.396576814722856,2,2,8,0.85,0.9,1.0,699.0,946.78,RAKSHAK,SAFE,bicycle,Zepto
1,2,0,3,1,20314.462686700015,10.331907058758059,0,0,5,1.25,0.9,0.9,699.0,1009.38,RAKSHAK,HIGH,two_wheeler,Zomato
2,0,0,2,0,24495.343050677162,9.558311988790278,2,0,22,0.85,0.9,0.95,999.0,1098.78,SURAKSHA,SAFE,bicycle,Zomato
1,1,0,1,0,39423.756447859865,7.715223250565168,0,0,24,1.0,0.9,1.0,699.0,1247.86,RAKSHAK,MODERATE,two_wheeler,Zomato
1,0,0,2,0,24429.667545303113,7.873704526078325,3,3,23,0.85,0.9,0.95,699.0,954.25,RAKSHAK,SAFE,ev_two_wheeler,Blinkit
1,1,2,1,0,12699.185212155673,7.196051802084514,2,2,7,1.0,1.15,1.0,699.0,841.11,RAKSHAK,MODERATE,bicycle,Zepto
0,1,0,1,0,21418.32393274387,9.376675124848504,0,0,16,1.0,0.9,1.0,399.0,785.18,SAATHI,MODERATE,two_wheeler,Zomato
1,0,2,1,0,39959.68695758192,7.464608820694341,0,1,12,0.85,1.15,1.0,699.0,1124.59,RAKSHAK,SAFE,two_wheeler,Swiggy
2,1,1,1,0,28149.30372820588,5.324282341550928,0,0,2,1.0,1.0,1.0,999.0,1159.93,SURAKSHA,MODERATE,two_wheeler,Zomato
1,0,0,3,0,23639.700191978012,10.295654483832331,0,3,9,0.85,0.9,0.9,699.0,831.23,RAKSHAK,SAFE,two_wheeler,Blinkit
1,0,0,3,0,21545.659457378533,8.34827502699299,0,0,13,0.85,0.9,0.9,699.0,814.32,RAKSHAK,SAFE,two_wheeler,Zomato
2,1,0,2,1,22684.082859114496,9.920287559873415,0,2,2,1.0,0.9,0.95,999.0,1148.26,SURAKSHA,MODERATE,two_wheeler,Zepto
1,2,0,3,0,22301.28190801572,6.69339067402954,0,0,10,1.25,0.9,0.9,699.0,971.44,RAKSHAK,HIGH,two_wheeler,Zomato
2,1,0,1,0,21802.934519967785,5.794934621539038,0,3,9,1.0,0.9,1.0,999.0,1137.78,SURAKSHA,MODERATE,two_wheeler,Blinkit
1,1,0,1,0,20444.705008485857,8.902404577089047,2,3,4,1.0,0.9,1.0,699.0,781.48,RAKSHAK,MODERATE,bicycle,Blinkit
2,1,1,3,0,33309.690751089336,8.196684632588195,3,3,4,1.0,1.0,0.9,999.0,1193.61,SURAKSHA,MODERATE,ev_two_wheeler,Blinkit
0,2,0,1,0,15106.775308961429,6.749656737084944,0,2,0,1.25,0.9,1.0,399.0,551.57,SAATHI,HIGH,two_wheeler,Zepto
1,0,0,2,0,13029.778196526517,11.234662780260319,2,1,24,0.85,0.9,0.95,699.0,867.4,RAKSHAK,SAFE,bicycle,Swiggy
1,1,2,2,0,30585.4686114076,7.313604434437147,0,1,3,1.0,1.15,0.95,699.0,1046.01,RAKSHAK,MODERATE,two_wheeler,Swiggy
1,1,0,1,1,34315.654333251594,8.119838485186758,3,1,16,1.0,0.9,1.0,699.0,1116.82,RAKSHAK,MODERATE,ev_two_wheeler,Swiggy
2,0,1,1,0,21840.366857179135,5.336800702125071,0,2,2,0.85,1.0,1.0,999.0,1016.31,SURAKSHA,SAFE,two_wheeler,Zepto
0,2,0,3,0,34001.90021102512,6.570959645926963,3,1,17,1.25,0.9,0.9,399.0,794.65,SAATHI,HIGH,ev_two_wheeler,Swiggy
2,0,0,1,0,25595.853663936017,6.7431367307918375,2,1,15,0.85,0.9,1.0,999.0,1049.72,SURAKSHA,SAFE,bicycle,Swiggy
1,0,2,1,0,29183.941091918387,8.989007578378114,0,3,12,0.85,1.15,1.0,699.0,1081.0,RAKSHAK,SAFE,two_wheeler,Blinkit
2,2,0,1,0,34814.176045805085,6.873547219113452,0,2,13,1.25,0.9,1.0,999.0,1568.97,SURAKSHA,HIGH,two_wheeler,Zepto
1,2,1,3,1,22412.083229326643,6.390424512666197,2,0,11,1.25,1.0,0.9,699.0,1064.81,RAKSHAK,HIGH,bicycle,Zomato
2,0,0,3,0,12592.586791497071,6.693645351180268,0,1,8,0.85,0.9,0.9,999.0,860.82,SURAKSHA,SAFE,two_wheeler,Swiggy
1,2,0,1,0,26954.84732240423,5.746155862827089,0,1,1,1.25,0.9,1.0,699.0,964.72,RAKSHAK,HIGH,two_wheeler,Swiggy
1,0,0,2,0,30297.69009763093,6.236754964185856,2,1,15,0.85,0.9,0.95,699.0,800.53,RAKSHAK,SAFE,bicycle,Swiggy
0,2,0,1,1,37238.831990698396,4.719026240805104,3,2,11,1.25,0.9,1.0,399.0,866.72,SAATHI,HIGH,ev_two_wheeler,Zepto
1,1,2,3,0,28772.353839209143,10.850141228192651,0,0,16,1.0,1.15,0.9,699.0,1202.08,RAKSHAK,MODERATE,two_wheeler,Zomato
1,1,0,1,0,19076.794724956686,6.491245160359024,0,0,2,1.0,0.9,1.0,699.0,781.66,RAKSHAK,MODERATE,two_wheeler,Zomato
0,0,0,1,0,31840.215501819977,8.987454347546887,0,2,24,0.85,0.9,1.0,399.0,899.59,SAATHI,SAFE,two_wheeler,Zepto
1,0,0,1,1,13072.609071510518,5.298180580472597,0,2,14,0.85,0.9,1.0,699.0,830.46,RAKSHAK,SAFE,two_wheeler,Zepto
2,1,2,3,0,14369.56147456253,11.55405631716521,0,2,3,1.0,1.15,0.9,999.0,1230.81,SURAKSHA,MODERATE,two_wheeler,Zepto
1,0,1,1,0,31787.14347974346,11.144239664687744,0,2,16,0.85,1.0,1.0,699.0,1139.16,RAKSHAK,SAFE,two_wheeler,Zepto
2,0,0,1,0,36022.80875113023,9.424483014301401,0,2,12,0.85,0.9,1.0,999.0,1226.63,SURAKSHA,SAFE,two_wheeler,Zepto
1,1,0,2,0,30472.860515385702,5.827490367983001,1,0,8,1.0,0.9,0.95,699.0,970.93,RAKSHAK,MODERATE,three_wheeler,Zomato
0,1,1,1,0,30682.121096616847,11.166834056068243,0,3,5,1.0,1.0,1.0,399.0,765.64,SAATHI,MODERATE,two_wheeler,Blinkit
0,1,1,3,0,33180.47333829089,7.472522089581032,0,3,19,1.0,1.0,0.9,399.0,844.41,SAATHI,MODERATE,two_wheeler,Blinkit
1,0,0,1,0,37466.484860461474,5.507904399509109,2,3,12,0.85,0.9,1.0,699.0,788.26,RAKSHAK,SAFE,bicycle,Blinkit
0,0,2,1,0,24930.582952549357,11.992726142378487,3,2,9,0.85,1.15,1.0,399.0,723.96,SAATHI,SAFE,ev_two_wheeler,Zepto
1,1,0,2,0,23940.342268188095,8.21398281944037,0,0,7,1.0,0.9,0.95,699.0,879.39,RAKSHAK,MODERATE,two_wheeler,Zomato
1,0,2,1,1,36660.9601580773,10.06126093282378,3,0,14,0.85,1.15,1.0,699.0,1220.08,RAKSHAK,SAFE,ev_two_wheeler,Zomato
1,1,2,1,1,38276.93748749072,10.314403592865201,0,0,23,1.0,1.15,1.0,699.0,1540.88,RAKSHAK,MODERATE,two_wheeler,Zomato
1,1,1,3,0,21293.37597712991,8.99539941747514,1,0,24,1.0,1.0,0.9,699.0,1142.02,RAKSHAK,MODERATE,three_wheeler,Zomato
2,0,0,1,0,12004.416848185589,9.745903959850274,0,3,22,0.85,0.9,1.0,999.0,1147.7,SURAKSHA,SAFE,two_wheeler,Blinkit
2,2,0,2,0,15470.297439404305,7.993692028266134,0,1,16,1.25,0.9,0.95,999.0,1377.27,SURAKSHA,HIGH,two_wheeler,Swiggy
1,1,0,3,0,23688.76999062476,9.613848326046279,2,2,18,1.0,0.9,0.9,699.0,864.26,RAKSHAK,MODERATE,bicycle,Zepto
2,1,0,3,0,17688.310241319108,11.356827355371493,0,3,17,1.0,0.9,0.9,999.0,1230.28,SURAKSHA,MODERATE,two_wheeler,Blinkit
0,0,1,1,0,35986.28444257674,8.748905732555073,3,1,17,0.85,1.0,1.0,399.0,824.97,SAATHI,SAFE,ev_two_wheeler,Swiggy
1,1,0,1,0,26501.40049792801,9.63508862813901,0,2,9,1.0,0.9,1.0,699.0,959.48,RAKSHAK,MODERATE,two_wheeler,Zepto
0,0,0,1,0,21164.769287231262,5.0890915228040905,3,3,21,0.85,0.9,1.0,399.0,637.48,SAATHI,SAFE,ev_two_wheeler,Blinkit
2,0,1,3,0,14462.684234324412,9.639762670457646,0,2,1,0.85,1.0,0.9,999.0,931.17,SURAKSHA,SAFE,two_wheeler,Zepto
2,1,0,1,0,14659.62605936474,6.566115312173602,0,3,24,1.0,0.9,1.0,999.0,1249.48,SURAKSHA,MODERATE,two_wheeler,Blinkit
1,0,0,2,1,30579.59374763971,5.210887611135548,3,1,19,0.85,0.9,0.95,699.0,922.18,RAKSHAK,SAFE,ev_two_wheeler,Swiggy
1,2,1,3,0,16356.52908278022,11.68010125802175,1,0,12,1.25,1.0,0.9,699.0,1220.1,RAKSHAK,HIGH,three_wheeler,Zomato
1,0,0,3,0,30320.577002953567,4.640260558127493,3,3,4,0.85,0.9,0.9,699.0,663.59,RAKSHAK,SAFE,ev_two_wheeler,Blinkit
0,0,0,3,1,21215.82775557025,11.087389363334426,3,3,17,0.85,0.9,0.9,399.0,761.04,SAATHI,SAFE,ev_two_wheeler,Blinkit
2,0,1,1,0,23206.134675086712,8.615377108797148,0,2,20,0.85,1.0,1.0,999.0,1285.77,SURAKSHA,SAFE,two_wheeler,Zepto
0,1,1,1,1,12844.51840219149,11.664697500699383,0,2,4,1.0,1.0,1.0,399.0,708.55,SAATHI,MODERATE,two_wheeler,Zepto
2,1,1,1,0,29992.237642527143,7.664661517405844,0,2,10,1.0,1.0,1.0,999.0,1395.24,SURAKSHA,MODERATE,two_wheeler,Zepto
0,0,0,1,0,26649.125890510048,11.193162307560131,3,0,19,0.85,0.9,1.0,399.0,771.42,SAATHI,SAFE,ev_two_wheeler,Zomato
1,1,0,1,0,17947.612510650026,5.666615341824332,2,0,2,1.0,0.9,1.0,699.0,664.56,RAKSHAK,MODERATE,bicycle,Zomato
1,0,1,3,0,23701.695175280263,5.967183468211848,3,1,8,0.85,1.0,0.9,699.0,754.65,RAKSHAK,SAFE,ev_two_wheeler,Swiggy
1,2,0,2,0,28414.682816837045,8.430212500793985,0,1,17,1.25,0.9,0.95,699.0,1201.06,RAKSHAK,HIGH,two_wheeler,Swiggy
0,0,0,1,0,15837.671139024274,10.792566999227937,0,0,17,0.85,0.9,1.0,399.0,678.12,SAATHI,SAFE,two_wheeler,Zomato
2,0,1,2,0,19335.31579979849,11.83560610490259,0,0,7,0.85,1.0,0.95,999.0,1167.11,SURAKSHA,SAFE,two_wheeler,Zomato
0,2,0,1,0,19490.332005908265,10.560474925970029,0,1,24,1.25,0.9,1.0,399.0,927.45,SAATHI,HIGH,two_wheeler,Swiggy
0,0,1,2,0,24707.891159181465,8.759746858731763,2,1,18,0.85,1.0,0.95,399.0,656.69,SAATHI,SAFE,bicycle,Swiggy
0,1,0,2,0,19676.868010321065,4.908436350747951,0,3,5,1.0,0.9,0.95,399.0,444.64,SAATHI,MODERATE,two_wheeler,Blinkit
1,1,1,1,0,24661.11519012744,10.196402619789533,0,0,20,1.0,1.0,1.0,699.0,1234.13,RAKSHAK,MODERATE,two_wheeler,Zomato
0,0,1,1,1,14041.676333956151,10.426072573431615,0,3,7,0.85,1.0,1.0,399.0,649.49,SAATHI,SAFE,two_wheeler,Blinkit
0,0,1,2,0,38502.067799289885,5.972170366714947,0,1,13,0.85,1.0,0.95,399.0,774.39,SAATHI,SAFE,two_wheeler,Swiggy
2,1,0,1,0,29213.20688473816,10.70015452291819,0,1,12,1.0,0.9,1.0,999.0,1291.45,SURAKSHA,MODERATE,two_wheeler,Swiggy
1,0,0,1,1,27399.67564424668,7.30733260139127,0,0,16,0.85,0.9,1.0,699.0,1034.51,RAKSHAK,SAFE,two_wheeler,Zomato
0,2,2,2,0,24591.035824784405,10.445478311015139,0,1,4,1.25,1.15,0.95,399.0,850.42,SAATHI,HIGH,two_wheeler,Swiggy
0,1,0,2,1,36420.1120760485,10.894521409167261,0,0,8,1.0,0.9,0.95,399.0,815.75,SAATHI,MODERATE,two_wheeler,Zomato
0,1,0,3,0,15576.797379195294,4.039779882578793,0,2,0,1.0,0.9,0.9,399.0,393.66,SAATHI,MODERATE,two_wheeler,Zepto
1,0,0,1,0,25593.884952644432,6.683812884486958,0,1,16,0.85,0.9,1.0,699.0,921.57,RAKSHAK,SAFE,two_wheeler,Swiggy
1,0,0,1,1,33610.673735559874,11.185833545302641,0,0,16,0.85,0.9,1.0,699.0,1122.95,RAKSHAK,SAFE,two_wheeler,Zomato
1,0,2,3,0,15175.96794888356,4.2653932620461905,3,3,6,0.85,1.15,0.9,699.0,731.75,RAKSHAK,SAFE,ev_two_wheeler,Blinkit
1,1,0,2,1,20385.06796253238,11.921903072698546,2,3,16,1.0,0.9,0.95,699.0,1023.09,RAKSHAK,MODERATE,bicycle,Blinkit
1,1,0,1,0,34156.336881950476,9.186984605744492,0,3,21,1.0,0.9,1.0,699.0,1182.77,RAKSHAK,MODERATE,two_wheeler,Blinkit
1,0,1,3,0,18047.587720426094,9.829138589735201,1,3,19,0.85,1.0,0.9,699.0,1003.41,RAKSHAK,SAFE,three_wheeler,Blinkit
1,0,1,1,0,36861.251473192984,7.233559036871051,2,1,20,0.85,1.0,1.0,699.0,1008.58,RAKSHAK,SAFE,bicycle,Swiggy
2,1,0,1,1,28506.150756911913,6.756014841139693,0,2,5,1.0,0.9,1.0,999.0,1244.15,SURAKSHA,MODERATE,two_wheeler,Zepto
2,0,0,2,0,34964.30244319814,11.038384458495356,0,0,13,0.85,0.9,0.95,999.0,1250.79,SURAKSHA,SAFE,two_wheeler,Zomato
0,1,2,3,1,36782.93958253457,4.065605675421165,0,0,22,1.0,1.15,0.9,399.0,938.96,SAATHI,MODERATE,two_wheeler,Zomato
0,1,1,2,0,14900.908347947458,5.028694503450187,2,3,21,1.0,1.0,0.95,399.0,587.79,SAATHI,MODERATE,bicycle,Blinkit
0,0,0,3,0,35684.273373735385,11.562930981035096,0,2,17,0.85,0.9,0.9,399.0,844.25,SAATHI,SAFE,two_wheeler,Zepto
2,0,0,3,1,18323.082857392947,8.37648971838901,2,0,1,0.85,0.9,0.9,999.0,792.42,SURAKSHA,SAFE,bicycle,Zomato
2,1,1,1,0,21141.23643492138,4.6225877170973275,0,3,14,1.0,1.0,1.0,999.0,1273.28,SURAKSHA,MODERATE,two_wheeler,Blinkit
0,2,1,1,0,22360.09913610088,6.278402993996407,0,2,15,1.25,1.0,1.0,399.0,833.47,SAATHI,HIGH,two_wheeler,Zepto
1,0,0,1,0,17757.625314903875,10.045679379939141,1,0,3,0.85,0.9,1.0,699.0,823.08,RAKSHAK,SAFE,three_wheeler,Zomato
2,0,0,2,0,22691.65436985564,8.68387607336783,0,2,7,0.85,0.9,0.95,999.0,1008.36,SURAKSHA,SAFE,two_wheeler,Zepto
0,1,0,2,0,17232.422003296753,8.612511707380854,0,0,18,1.0,0.9,0.95,399.0,677.03,SAATHI,MODERATE,two_wheeler,Zomato
2,2,0,1,0,16999.480059977657,4.0105170674450115,0,2,1,1.25,0.9,1.0,999.0,1227.76,SURAKSHA,HIGH,two_wheeler,Zepto
1,2,1,1,0,24385.083294253884,8.451353048897197,0,0,22,1.25,1.0,1.0,699.0,1351.14,RAKSHAK,HIGH,two_wheeler,Zomato
0,1,0,1,0,20912.3268033334,6.944171755513805,3,1,11,1.0,0.9,1.0,399.0,581.97,SAATHI,MODERATE,ev_two_wheeler,Swiggy
0,2,0,2,0,28146.85289725763,10.61015391339701,0,2,4,1.25,0.9,0.95,399.0,738.43,SAATHI,HIGH,two_wheeler,Zepto
1,0,0,2,0,27673.23780202014,6.866395308156659,3,2,0,0.85,0.9,0.95,699.0,614.57,RAKSHAK,SAFE,ev_two_wheeler,Zepto
0,0,1,2,0,28653.734014143378,6.7895984731134815,2,3,6,0.85,1.0,0.95,399.0,473.23,SAATHI,SAFE,bicycle,Blinkit
1,1,0,3,0,27289.290054027246,7.207509887970875,1,2,14,1.0,0.9,0.9,699.0,984.92,RAKSHAK,MODERATE,three_wheeler,Zepto
1,0,0,2,0,23016.193704232086,4.513082017899066,0,1,24,0.85,0.9,0.95,699.0,893.39,RAKSHAK,SAFE,two_wheeler,Swiggy
1,0,0,1,0,39780.80800455547,9.244751609958714,0,1,20,0.85,0.9,1.0,699.0,1119.1,RAKSHAK,SAFE,two_wheeler,Swiggy
1,0,1,1,1,30631.334193871113,11.652391269833652,0,0,12,0.85,1.0,1.0,699.0,1164.45,RAKSHAK,SAFE,two_wheeler,Zomato
0,1,0,2,0,24113.989456913005,7.744672481501174,0,0,17,1.0,0.9,0.95,399.0,741.11,SAATHI,MODERATE,two_wheeler,Zomato
2,0,0,1,0,12354.41919755654,4.009628911272143,0,2,14,0.85,0.9,1.0,999.0,974.05,SURAKSHA,SAFE,two_wheeler,Zepto
0,0,0,1,0,28244.938354302947,9.294121237819166,3,0,12,0.85,0.9,1.0,399.0,662.0,SAATHI,SAFE,ev_two_wheeler,Zomato
0,1,0,1,0,20578.66903421611,7.760161676581574,3,3,19,1.0,0.9,1.0,399.0,711.52,SAATHI,MODERATE,ev_two_wheeler,Blinkit
1,1,1,2,0,31123.00372328324,9.099126802986394,0,2,10,1.0,1.0,0.95,699.0,1080.24,RAKSHAK,MODERATE,two_wheeler,Zepto
1,1,0,2,0,13666.733512411029,8.652066476992578,0,2,13,1.0,0.9,0.95,699.0,855.7,RAKSHAK,MODERATE,two_wheeler,Zepto
1,1,0,2,0,12977.36405404706,8.333132062664426,0,3,18,1.0,0.9,0.95,699.0,918.83,RAKSHAK,MODERATE,two_wheeler,Blinkit
2,2,0,2,1,32071.441788549273,11.051734119036448,0,0,9,1.25,0.9,0.95,999.0,1549.79,SURAKSHA,HIGH,two_wheeler,Zomato
1,0,0,2,0,27462.021905529626,8.46128998097933,0,1,23,0.85,0.9,0.95,699.0,1074.71,RAKSHAK,SAFE,two_wheeler,Swiggy
1,0,1,3,1,36931.82170581662,6.160039971720112,0,2,23,0.85,1.0,0.9,699.0,1118.08,RAKSHAK,SAFE,two_wheeler,Zepto
0,1,1,1,0,16358.93151517531,9.043373985351385,1,0,11,1.0,1.0,1.0,399.0,755.06,SAATHI,MODERATE,three_wheeler,Zomato
1,1,0,3,0,32669.373125085975,7.920953889014256,0,2,10,1.0,0.9,0.9,699.0,994.93,RAKSHAK,MODERATE,two_wheeler,Zepto
1,0,0,2,1,23533.129394139112,9.971353862752839,0,0,9,0.85,0.9,0.95,699.0,938.19,RAKSHAK,SAFE,two_wheeler,Zomato
0,0,0,1,0,24741.44773462788,6.325202634922947,3,1,2,0.85,0.9,1.0,399.0,436.23,SAATHI,SAFE,ev_two_wheeler,Swiggy
2,2,1,1,0,30729.202957321297,9.24019757124072,0,2,21,1.25,1.0,1.0,999.0,1796.42,SURAKSHA,HIGH,two_wheeler,Zepto
1,0,1,2,0,36172.49841566348,9.278506562304479,0,0,2,0.85,1.0,0.95,699.0,891.96,RAKSHAK,SAFE,two_wheeler,Zomato
0,1,0,1,0,36855.858489064674,6.0195801568788765,1,1,16,1.0,0.9,1.0,399.0,861.76,SAATHI,MODERATE,three_wheeler,Swiggy
0,1,0,3,0,31477.899225207835,4.9472126731320225,0,2,14,1.0,0.9,0.9,399.0,698.33,SAATHI,MODERATE,two_wheeler,Zepto
0,2,1,1,0,13279.73508988045,5.616142698579139,3,2,2,1.25,1.0,1.0,399.0,547.73,SAATHI,HIGH,ev_two_wheeler,Zepto
1,1,0,2,0,14587.790812689002,11.327603764098754,0,1,18,1.0,0.9,0.95,699.0,1001.13,RAKSHAK,MODERATE,two_wheeler,Swiggy
0,1,0,1,1,37399.287737043705,9.58586391850504,0,3,2,1.0,0.9,1.0,399.0,774.6,SAATHI,MODERATE,two_wheeler,Blinkit
0,0,0,2,0,19241.926625845004,7.7444869023637155,0,3,1,0.85,0.9,0.95,399.0,459.71,SAATHI,SAFE,two_wheeler,Blinkit
1,2,1,2,0,17223.78806977047,11.157683643414924,0,2,9,1.25,1.0,0.95,699.0,1116.15,RAKSHAK,HIGH,two_wheeler,Zepto
1,0,0,1,0,30386.394785439665,10.696062366424938,0,0,19,0.85,0.9,1.0,699.0,1060.67,RAKSHAK,SAFE,two_wheeler,Zomato
1,1,0,2,0,29171.93371157316,10.093399243153469,0,0,23,1.0,0.9,0.95,699.0,1127.0,RAKSHAK,MODERATE,two_wheeler,Zomato
2,1,0,1,0,16991.69463301714,11.395440734274098,0,1,22,1.0,0.9,1.0,999.0,1354.61,SURAKSHA,MODERATE,two_wheeler,Swiggy
0,0,0,1,0,34372.29039786605,4.290039163532219,0,0,13,0.85,0.9,1.0,399.0,706.54,SAATHI,SAFE,two_wheeler,Zomato
1,2,2,1,1,35066.33323218096,7.848409019810546,0,1,6,1.25,1.15,1.0,699.0,1413.03,RAKSHAK,HIGH,two_wheeler,Swiggy
1,0,1,1,1,35098.51402489561,5.896618300449717,0,0,5,0.85,1.0,1.0,699.0,966.17,RAKSHAK,SAFE,two_wheeler,Zomato
1,1,0,1,0,34183.01960459251,11.691450499066697,0,3,16,1.0,0.9,1.0,699.0,1143.81,RAKSHAK,MODERATE,two_wheeler,Blinkit
0,1,0,2,1,17479.55910048511,10.116509744456817,0,3,17,1.0,0.9,0.95,399.0,813.52,SAATHI,MODERATE,two_wheeler,Blinkit
0,2,0,1,0,37727.857435249476,7.204762992842179,0,0,18,1.25,0.9,1.0,399.0,983.51,SAATHI,HIGH,two_wheeler,Zomato
1,1,0,1,0,19797.776094006826,11.545305022826794,0,2,20,1.0,0.9,1.0,699.0,1166.27,RAKSHAK,MODERATE,two_wheeler,Zepto
1,2,0,1,0,34409.0960633817,8.996144122914778,0,0,16,1.25,0.9,1.0,699.0,1234.75,RAKSHAK,HIGH,two_wheeler,Zomato
0,0,1,1,1,23198.88205470927,9.839290510338909,3,0,20,0.85,1.0,1.0,399.0,890.77,SAATHI,SAFE,ev_two_wheeler,Zomato
1,2,2,2,0,37403.439958814895,8.996681961209399,0,1,1,1.25,1.15,0.95,699.0,1308.48,RAKSHAK,HIGH,two_wheeler,Swiggy
0,1,1,3,0,19513.12993100148,4.641661662509808,2,0,1,1.0,1.0,0.9,399.0,365.88,SAATHI,MODERATE,bicycle,Zomato
0,2,0,3,0,21335.11957754974,6.708280616181835,0,1,14,1.25,0.9,0.9,399.0,769.75,SAATHI,HIGH,two_wheeler,Swiggy
0,0,0,3,0,28295.65058661004,9.355760031348794,2,3,19,0.85,0.9,0.9,399.0,668.42,SAATHI,SAFE,bicycle,Blinkit
2,0,1,1,0,38374.89365176045,9.450045041494999,2,2,12,0.85,1.0,1.0,999.0,1230.53,SURAKSHA,SAFE,bicycle,Zepto
0,1,1,1,0,15508.425099371058,6.599935162108707,3,2,16,1.0,1.0,1.0,399.0,689.97,SAATHI,MODERATE,ev_two_wheeler,Zepto
1,0,0,2,0,26845.419526013255,11.211716609157659,0,1,24,0.85,0.9,0.95,699.0,1070.03,RAKSHAK,SAFE,two_wheeler,Swiggy
1,0,0,3,0,28101.72364685831,5.514262919745968,2,2,12,0.85,0.9,0.9,699.0,729.4,RAKSHAK,SAFE,bicycle,Zepto
1,0,0,2,0,26944.775461774618,7.6194759609404,0,1,20,0.85,0.9,0.95,699.0,951.32,RAKSHAK,SAFE,two_wheeler,Swiggy
0,2,0,2,0,39188.145141909976,11.067091896392178,0,1,16,1.25,0.9,0.95,399.0,1013.25,SAATHI,HIGH,two_wheeler,Swiggy
2,0,0,2,0,20211.450400799244,11.369267951472933,3,1,18,0.85,0.9,0.95,999.0,1141.25,SURAKSHA,SAFE,ev_two_wheeler,Swiggy
1,0,0,1,1,15308.35539844472,6.485348047295573,3,0,2,0.85,0.9,1.0,699.0,696.92,RAKSHAK,SAFE,ev_two_wheeler,Zomato
0,0,0,1,1,25503.044584467883,8.57660323228345,0,1,15,0.85,0.9,1.0,399.0,798.16,SAATHI,SAFE,two_wheeler,Swiggy
0,2,0,3,1,29293.34268351075,11.957593272998798,0,1,8,1.25,0.9,0.9,399.0,937.71,SAATHI,HIGH,two_wheeler,Swiggy
1,0,1,3,0,18902.45708347202,8.508932684786402,3,0,9,0.85,1.0,0.9,699.0,797.63,RAKSHAK,SAFE,ev_two_wheeler,Zomato
1,1,0,1,0,17208.23609196787,6.038070361598763,0,2,9,1.0,0.9,1.0,699.0,831.2,RAKSHAK,MODERATE,two_wheeler,Zepto
0,0,0,1,0,35175.02340169913,7.421543272929637,0,2,19,0.85,0.9,1.0,399.0,760.57,SAATHI,SAFE,two_wheeler,Zepto
2,0,1,1,0,39477.1921518764,8.146520921620178,0,3,7,0.85,1.0,1.0,999.0,1254.37,SURAKSHA,SAFE,two_wheeler,Blinkit
0,0,0,1,0,31808.935726211934,11.797375164130052,2,0,20,0.85,0.9,1.0,399.0,762.59,SAATHI,SAFE,bicycle,Zomato
1,1,0,1,0,36713.20397458792,11.555503698839948,0,3,17,1.0,0.9,1.0,699.0,1201.38,RAKSHAK,MODERATE,two_wheeler,Blinkit
2,1,0,1,1,36714.165386946115,6.3753000633234524,2,3,13,1.0,0.9,1.0,999.0,1303.77,SURAKSHA,MODERATE,bicycle,Blinkit
1,2,0,1,1,36150.029145006556,10.478386634990118,0,0,23,1.25,0.9,1.0,699.0,1456.89,RAKSHAK,HIGH,two_wheeler,Zomato
2,0,0,1,0,31952.182410923302,9.079612126087854,0,1,5,0.85,0.9,1.0,999.0,1118.66,SURAKSHA,SAFE,two_wheeler,Swiggy
2,2,0,1,0,25419.730248228872,9.82968548071823,0,0,3,1.25,0.9,1.0,999.0,1412.32,SURAKSHA,HIGH,two_wheeler,Zomato
2,0,1,3,0,22130.39103616558,5.365995953769266,0,1,14,0.85,1.0,0.9,999.0,1006.82,SURAKSHA,SAFE,two_wheeler,Swiggy
1,1,0,2,0,19370.199280279772,9.682182788553998,0,1,3,1.0,0.9,0.95,699.0,802.89,RAKSHAK,MODERATE,two_wheeler,Swiggy
0,1,0,2,1,34860.99366297148,6.403118431679769,3,0,16,1.0,0.9,0.95,399.0,819.5,SAATHI,MODERATE,ev_two_wheeler,Zomato
1,0,0,1,0,31694.659196243858,6.392929052895662,0,1,7,0.85,0.9,1.0,699.0,817.11,RAKSHAK,SAFE,two_wheeler,Swiggy
1,0,0,2,0,30489.893199195172,10.66725470944246,0,2,23,0.85,0.9,0.95,699.0,1083.76,RAKSHAK,SAFE,two_wheeler,Zepto
1,0,0,1,0,14609.989924995558,4.36744025783272,0,2,16,0.85,0.9,1.0,699.0,757.98,RAKSHAK,SAFE,two_wheeler,Zepto
1,0,1,1,0,27926.924489461857,8.469451551497869,3,1,24,0.85,1.0,1.0,699.0,1080.04,RAKSHAK,SAFE,ev_two_wheeler,Swiggy
1,2,0,1,0,27554.52266767268,10.599507838539179,0,2,14,1.25,0.9,1.0,699.0,1232.25,RAKSHAK,HIGH,two_wheeler,Zepto
2,0,0,3,0,14203.849679991827,7.890800920875963,3,1,19,0.85,0.9,0.9,999.0,1014.99,SURAKSHA,SAFE,ev_two_wheeler,Swiggy
0,2,0,3,0,37121.71566609016,7.510097765213038,2,3,18,1.25,0.9,0.9,399.0,820.34,SAATHI,HIGH,bicycle,Blinkit
0,0,0,3,0,30909.05875060065,11.459966996109916,3,0,16,0.85,0.9,0.9,399.0,711.56,SAATHI,SAFE,ev_two_wheeler,Zomato
0,0,0,1,0,31656.99871749998,9.806071003626204,1,0,6,0.85,0.9,1.0,399.0,691.89,SAATHI,SAFE,three_wheeler,Zomato
1,1,2,1,1,37102.275397188205,10.6880559977788,1,3,22,1.0,1.15,1.0,699.0,1531.16,RAKSHAK,MODERATE,three_wheeler,Blinkit
1,0,0,1,0,20058.949174532216,5.987244841974839,0,3,2,0.85,0.9,1.0,699.0,666.53,RAKSHAK,SAFE,two_wheeler,Blinkit
0,1,2,2,0,37241.204350534346,5.3955725295275405,1,2,20,1.0,1.15,0.95,399.0,947.92,SAATHI,MODERATE,three_wheeler,Zepto
0,1,1,2,0,27815.662862080244,9.9799436470512,0,1,1,1.0,1.0,0.95,399.0,627.97,SAATHI,MODERATE,two_wheeler,Swiggy
1,0,2,1,1,20768.51200014101,8.560826332378422,0,0,24,0.85,1.15,1.0,699.0,1225.76,RAKSHAK,SAFE,two_wheeler,Zomato
0,1,0,2,0,24999.57133899089,4.160275072617721,2,2,20,1.0,0.9,0.95,399.0,594.56,SAATHI,MODERATE,bicycle,Zepto
0,1,0,1,0,32498.751162431687,9.46710906514734,0,3,9,1.0,0.9,1.0,399.0,709.37,SAATHI,MODERATE,two_wheeler,Blinkit
1,1,0,2,0,30244.209983447054,10.658094165379847,0,3,7,1.0,0.9,0.95,699.0,962.68,RAKSHAK,MODERATE,two_wheeler,Blinkit
1,2,2,2,1,20572.162225720094,5.981687774232376,0,1,8,1.25,1.15,0.95,699.0,1226.12,RAKSHAK,HIGH,two_wheeler,Swiggy
0,0,1,2,0,17535.540879220258,6.91250297437328,0,1,13,0.85,1.0,0.95,399.0,590.04,SAATHI,SAFE,two_wheeler,Swiggy
2,1,1,1,0,28558.027985137887,5.8386442218668,0,0,4,1.0,1.0,1.0,999.0,1243.45,SURAKSHA,MODERATE,two_wheeler,Zomato
1,2,1,1,1,34747.26955287682,7.811865662842163,0,3,3,1.25,1.0,1.0,699.0,1266.02,RAKSHAK,HIGH,two_wheeler,Blinkit
2,0,2,2,0,14346.636137640598,5.285724679132045,2,2,9,0.85,1.15,0.95,999.0,1032.26,SURAKSHA,SAFE,bicycle,Zepto
0,1,1,1,0,16866.36799978671,4.510608277677709,0,0,22,1.0,1.0,1.0,399.0,758.35,SAATHI,MODERATE,two_wheeler,Zomato
2,1,0,1,0,39665.9023749122,9.270677602870705,0,0,3,1.0,0.9,1.0,999.0,1224.14,SURAKSHA,MODERATE,two_wheeler,Zomato
1,1,1,3,0,35530.12215078893,4.9724530361461525,0,1,13,1.0,1.0,0.9,699.0,1025.8,RAKSHAK,MODERATE,two_wheeler,Swiggy
0,0,2,3,0,38137.23817453162,5.761035366686113,1,2,1,0.85,1.15,0.9,399.0,697.84,SAATHI,SAFE,three_wheeler,Zepto
0,1,0,2,0,21200.580564785538,4.863245737783809,0,1,24,1.0,0.9,0.95,399.0,729.08,SAATHI,MODERATE,two_wheeler,Swiggy
1,0,1,3,0,22588.810804682074,9.981966567461024,0,3,24,0.85,1.0,0.9,699.0,1055.55,RAKSHAK,SAFE,two_wheeler,Blinkit
1,0,1,1,0,30132.311239587394,4.028903460273909,3,0,6,0.85,1.0,1.0,699.0,857.64,RAKSHAK,SAFE,ev_two_wheeler,Zomato
0,1,2,1,1,17110.88342824287,6.888755544058685,0,3,13,1.0,1.15,1.0,399.0,801.43,SAATHI,MODERATE,two_wheeler,Blinkit
1,0,1,1,0,16352.664180380805,8.767532765845635,0,3,24,0.85,1.0,1.0,699.0,1019.43,RAKSHAK,SAFE,two_wheeler,Blinkit
0,0,0,2,0,39511.79761639197,10.92119467817097,0,1,2,0.85,0.9,0.95,399.0,637.13,SAATHI,SAFE,two_wheeler,Swiggy
1,2,0,1,1,24436.832373498695,9.292516545387244,0,1,8,1.25,0.9,1.0,699.0,1222.7,RAKSHAK,HIGH,two_wheeler,Swiggy
1,2,2,2,0,26158.64080636259,4.258762303351181,0,0,1,1.25,1.15,0.95,699.0,1089.71,RAKSHAK,HIGH,two_wheeler,Zomato
1,1,0,2,0,38480.66286326423,9.980597088432884,3,3,20,1.0,0.9,0.95,699.0,1156.2,RAKSHAK,MODERATE,ev_two_wheeler,Blinkit
0,2,0,1,0,15617.149698644986,10.859318773206407,3,3,8,1.25,0.9,1.0,399.0,660.52,SAATHI,HIGH,ev_two_wheeler,Blinkit
1,0,0,1,1,23319.356021824286,7.149409471112171,3,3,9,0.85,0.9,1.0,699.0,849.78,RAKSHAK,SAFE,ev_two_wheeler,Blinkit
1,0,2,1,1,18137.161678265285,9.428313953715007,0,1,4,0.85,1.15,1.0,699.0,1004.91,RAKSHAK,SAFE,two_wheeler,Swiggy
0,2,0,2,1,18060.4063355268,10.42343873099421,3,1,22,1.25,0.9,0.95,399.0,935.59,SAATHI,HIGH,ev_two_wheeler,Swiggy
1,0,0,2,0,23330.351701330663,7.4323839517769255,0,0,17,0.85,0.9,0.95,699.0,861.01,RAKSHAK,SAFE,two_wheeler,Zomato
0,0,0,1,1,26748.992996660934,8.302702585194462,3,3,11,0.85,0.9,1.0,399.0,697.45,SAATHI,SAFE,ev_two_wheeler,Blinkit
2,1,0,2,1,22050.173287085352,7.2421565618618935,0,2,8,1.0,0.9,0.95,999.0,1136.93,SURAKSHA,MODERATE,two_wheeler,Zepto
0,0,1,3,0,16372.965252347643,4.842500472718471,0,3,5,0.85,1.0,0.9,399.0,393.81,SAATHI,SAFE,two_wheeler,Blinkit
0,2,0,3,0,32818.25626002798,11.080606900343586,0,3,20,1.25,0.9,0.9,399.0,976.56,SAATHI,HIGH,two_wheeler,Blinkit
1,0,0,2,1,39994.86814215498,8.267837986154651,0,3,0,0.85,0.9,0.95,699.0,903.77,RAKSHAK,SAFE,two_wheeler,Blinkit
0,0,2,2,1,34104.74249290072,9.389957040384143,0,2,23,0.85,1.15,0.95,399.0,998.62,SAATHI,SAFE,two_wheeler,Zepto
0,2,0,1,1,37276.732910576044,8.346224239344846,3,1,15,1.25,0.9,1.0,399.0,1033.01,SAATHI,HIGH,ev_two_wheeler,Swiggy
1,1,0,1,0,21948.855401109933,6.7004580284836,0,3,18,1.0,0.9,1.0,699.0,970.63,RAKSHAK,MODERATE,two_wheeler,Blinkit
1,1,2,1,0,27308.634543548305,8.455587349026104,0,3,15,1.0,1.15,1.0,699.0,1232.86,RAKSHAK,MODERATE,two_wheeler,Blinkit
0,0,0,3,0,19977.441445169425,11.168124183692978,0,1,7,0.85,0.9,0.9,399.0,570.91,SAATHI,SAFE,two_wheeler,Swiggy
1,2,0,3,0,22451.32849681953,11.109728756901971,3,1,8,1.25,0.9,0.9,699.0,1014.34,RAKSHAK,HIGH,ev_two_wheeler,Swiggy
1,0,1,1,0,39547.685839731275,6.327667444143693,0,0,14,0.85,1.0,1.0,699.0,1070.53,RAKSHAK,SAFE,two_wheeler,Zomato
1,0,0,1,0,34657.07633024654,6.725410951761287,2,1,4,0.85,0.9,1.0,699.0,759.49,RAKSHAK,SAFE,bicycle,Swiggy
1,1,2,3,0,38234.24622091485,4.009028980215862,0,2,14,1.0,1.15,0.9,699.0,1139.43,RAKSHAK,MODERATE,two_wheeler,Zepto
1,0,0,1,1,37172.66436197426,4.81769051936498,0,1,16,0.85,0.9,1.0,699.0,1015.25,RAKSHAK,SAFE,two_wheeler,Swiggy
0,2,0,2,0,14790.525179552336,11.40309371460274,3,2,13,1.25,0.9,0.95,399.0,756.84,SAATHI,HIGH,ev_two_wheeler,Zepto
2,1,0,1,0,16165.571990555294,9.254460172191115,1,0,22,1.0,0.9,1.0,999.0,1373.35,SURAKSHA,MODERATE,three_wheeler,Zomato
1,0,0,3,0,21120.636628612116,8.618240551763872,0,3,1,0.85,0.9,0.9,699.0,659.0,RAKSHAK,SAFE,two_wheeler,Blinkit
0,0,2,1,0,25858.391173255128,10.554168225148786,0,2,0,0.85,1.15,1.0,399.0,630.84,SAATHI,SAFE,two_wheeler,Zepto
2,1,0,1,0,22883.546739144873,8.249174106968098,0,0,17,1.0,0.9,1.0,999.0,1290.45,SURAKSHA,MODERATE,two_wheeler,Zomato
1,2,0,1,0,17807.164099215825,11.409165978164687,3,1,5,1.25,0.9,1.0,699.0,1002.72,RAKSHAK,HIGH,ev_two_wheeler,Swiggy
0,1,1,1,1,38266.03270775151,11.949513540397351,0,0,22,1.0,1.0,1.0,399.0,1100.74,SAATHI,MODERATE,two_wheeler,Zomato
2,2,1,3,0,35816.365155022926,4.071070430630623,3,3,14,1.25,1.0,0.9,999.0,1428.14,SURAKSHA,HIGH,ev_two_wheeler,Blinkit
2,0,0,3,0,20750.15279558567,5.39528434573132,0,1,15,0.85,0.9,0.9,999.0,1018.03,SURAKSHA,SAFE,two_wheeler,Swiggy
1,2,1,1,0,18920.892848646494,11.789985712943684,0,2,20,1.25,1.0,1.0,699.0,1305.01,RAKSHAK,HIGH,two_wheeler,Zepto
1,0,0,3,0,27660.242854068412,9.3741436836509,0,2,0,0.85,0.9,0.9,699.0,743.78,RAKSHAK,SAFE,two_wheeler,Zepto
1,2,0,1,1,39450.96254209941,7.025130698750239,2,2,6,1.25,0.9,1.0,699.0,1103.34,RAKSHAK,HIGH,bicycle,Zepto
1,1,2,2,0,23522.594144158185,8.806739406927313,0,0,8,1.0,1.15,0.95,699.0,1058.75,RAKSHAK,MODERATE,two_wheeler,Zomato
2,0,0,3,0,37584.59890307838,10.66321378259677,3,1,22,0.85,0.9,0.9,999.0,1275.88,SURAKSHA,SAFE,ev_two_wheeler,Swiggy
0,2,1,1,0,36701.947530884776,7.21720380955943,0,0,20,1.25,1.0,1.0,399.0,964.59,SAATHI,HIGH,two_wheeler,Zomato
0,2,2,1,0,30328.374405360886,4.8279800287485415,0,3,4,1.25,1.15,1.0,399.0,781.76,SAATHI,HIGH,two_wheeler,Blinkit
1,0,1,3,0,38068.80069577176,8.42357514862314,0,1,0,0.85,1.0,0.9,699.0,859.15,RAKSHAK,SAFE,two_wheeler,Swiggy
0,0,0,1,1,29320.714922030842,10.705193323010857,0,1,7,0.85,0.9,1.0,399.0,803.2,SAATHI,SAFE,two_wheeler,Swiggy
1,0,0,2,1,25259.110113168936,9.972533390427143,1,2,3,0.85,0.9,0.95,699.0,979.15,RAKSHAK,SAFE,three_wheeler,Zepto
1,0,0,1,0,16009.530108646779,8.463589931475845,3,2,20,0.85,0.9,1.0,699.0,890.21,RAKSHAK,SAFE,ev_two_wheeler,Zepto
1,2,0,3,0,29351.483951320315,6.2874204772319064,0,1,24,1.25,0.9,0.9,699.0,1225.78,RAKSHAK,HIGH,two_wheeler,Swiggy
2,0,0,2,0,12641.260521017544,11.67173876925797,0,2,17,0.85,0.9,0.95,999.0,1128.13,SURAKSHA,SAFE,two_wheeler,Zepto
2,1,1,1,1,32763.12383453373,6.6839376477359105,3,0,24,1.0,1.0,1.0,999.0,1569.7,SURAKSHA,MODERATE,ev_two_wheeler,Zomato
1,0,2,2,0,18237.67592751008,9.227467353982401,0,0,5,0.85,1.15,0.95,699.0,882.67,RAKSHAK,SAFE,two_wheeler,Zomato
0,1,1,2,0,29034.758070862714,4.3215895300630125,2,3,13,1.0,1.0,0.95,399.0,633.71,SAATHI,MODERATE,bicycle,Blinkit
0,0,1,2,0,31112.300755593165,10.732849853268036,2,3,7,0.85,1.0,0.95,399.0,613.85,SAATHI,SAFE,bicycle,Blinkit
0,0,0,2,0,20036.08695425756,11.283773009370272,3,3,2,0.85,0.9,0.95,399.0,491.37,SAATHI,SAFE,ev_two_wheeler,Blinkit
1,1,0,3,0,34398.548152186704,11.847341825430656,2,1,12,1.0,0.9,0.9,699.0,957.08,RAKSHAK,MODERATE,bicycle,Swiggy
1,0,0,3,0,31342.613480569915,8.599765019173773,0,1,4,0.85,0.9,0.9,699.0,800.79,RAKSHAK,SAFE,two_wheeler,Swiggy
1,0,0,1,0,28958.29161100471,7.915593589484315,0,0,4,0.85,0.9,1.0,699.0,813.53,RAKSHAK,SAFE,two_wheeler,Zomato
0,1,2,1,0,24578.63966172564,7.456823179293025,2,3,24,1.0,1.15,1.0,399.0,833.28,SAATHI,MODERATE,bicycle,Blinkit
2,2,0,1,1,12540.375702355574,9.227455393394898,0,3,4,1.25,0.9,1.0,999.0,1385.82,SURAKSHA,HIGH,two_wheeler,Blinkit
0,0,1,1,1,33573.702038036296,11.727601640900588,0,0,18,0.85,1.0,1.0,399.0,924.25,SAATHI,SAFE,two_wheeler,Zomato
1,1,0,1,0,26779.62952312888,6.2020629155545315,3,3,1,1.0,0.9,1.0,699.0,774.84,RAKSHAK,MODERATE,ev_two_wheeler,Blinkit
1,0,0,3,1,18013.26319894922,5.495295718324607,0,1,5,0.85,0.9,0.9,699.0,736.43,RAKSHAK,SAFE,two_wheeler,Swiggy
1,0,0,3,0,20868.962162205935,5.0107592162256,0,0,13,0.85,0.9,0.9,699.0,756.62,RAKSHAK,SAFE,two_wheeler,Zomato
2,1,0,3,0,21626.761301782506,9.799766439003127,3,1,22,1.0,0.9,0.9,999.0,1294.8,SURAKSHA,MODERATE,ev_two_wheeler,Swiggy
1,0,0,1,0,14968.761318750609,11.50588257804506,2,1,21,0.85,0.9,1.0,699.0,848.3,RAKSHAK,SAFE,bicycle,Swiggy
0,2,0,1,0,15734.765819199516,11.835165842129916,0,2,6,1.25,0.9,1.0,399.0,689.8,SAATHI,HIGH,two_wheeler,Zepto
1,0,1,2,0,18955.105044550266,10.071475249816427,0,3,12,0.85,1.0,0.95,699.0,873.9,RAKSHAK,SAFE,two_wheeler,Blinkit
0,1,1,2,0,26286.351161577455,8.16666565158058,0,1,15,1.0,1.0,0.95,399.0,744.1,SAATHI,MODERATE,two_wheeler,Swiggy
1,0,2,1,0,14911.875968773398,10.156929418838173,0,0,9,0.85,1.15,1.0,699.0,979.28,RAKSHAK,SAFE,two_wheeler,Zomato
0,0,1,3,0,38456.8927340187,4.108652703190158,0,1,4,0.85,1.0,0.9,399.0,590.64,SAATHI,SAFE,two_wheeler,Swiggy
0,0,2,2,1,18057.21116465558,5.126399297677524,2,3,24,0.85,1.15,0.95,399.0,701.69,SAATHI,SAFE,bicycle,Blinkit
0,0,0,1,0,34195.61261571692,5.864264426801922,0,1,3,0.85,0.9,1.0,399.0,575.93,SAATHI,SAFE,two_wheeler,Swiggy
0,1,0,1,0,14511.918529484952,9.158842453577012,0,0,3,1.0,0.9,1.0,399.0,553.94,SAATHI,MODERATE,two_wheeler,Zomato
1,1,2,1,0,19184.050327721307,6.131678573171958,3,1,18,1.0,1.15,1.0,699.0,1129.06,RAKSHAK,MODERATE,ev_two_wheeler,Swiggy
2,0,0,3,1,26685.69725256265,5.09597462895174,0,2,2,0.85,0.9,0.9,999.0,930.34,SURAKSHA,SAFE,two_wheeler,Zepto
1,1,2,2,1,28764.5831592138,9.518303931282446,3,0,16,1.0,1.15,0.95,699.0,1244.83,RAKSHAK,MODERATE,ev_two_wheeler,Zomato
0,0,0,1,0,33342.909420468015,8.661790724937994,0,0,3,0.85,0.9,1.0,399.0,623.11,SAATHI,SAFE,two_wheeler,Zomato
0,2,2,1,0,24338.30101137499,9.411175891949917,3,3,6,1.25,1.15,1.0,399.0,794.27,SAATHI,HIGH,ev_two_wheeler,Blinkit
1,1,0,3,1,37647.77603813817,6.382800090288822,3,1,9,1.0,0.9,0.9,699.0,1018.96,RAKSHAK,MODERATE,ev_two_wheeler,Swiggy
1,2,0,3,0,24740.913335415844,4.223775178202872,1,2,21,1.25,0.9,0.9,699.0,1125.7,RAKSHAK,HIGH,three_wheeler,Zepto
1,2,0,1,0,34342.07829031684,8.551760270089929,0,3,3,1.25,0.9,1.0,699.0,1113.46,RAKSHAK,HIGH,two_wheeler,Blinkit
1,1,1,1,0,12353.992839200519,5.737972579847043,0,0,0,1.0,1.0,1.0,699.0,725.34,RAKSHAK,MODERATE,two_wheeler,Zomato
1,1,1,2,0,23983.612821952553,4.977692668682939,2,0,17,1.0,1.0,0.95,699.0,896.94,RAKSHAK,MODERATE,bicycle,Zomato
1,0,2,2,1,27785.792427555545,8.201746013047206,0,1,7,0.85,1.15,0.95,699.0,1001.08,RAKSHAK,SAFE,two_wheeler,Swiggy
0,1,2,1,0,12619.731715627306,9.02669092238923,3,3,3,1.0,1.15,1.0,399.0,588.15,SAATHI,MODERATE,ev_two_wheeler,Blinkit
0,2,0,1,0,15195.213201229799,5.924096339244295,0,2,14,1.25,0.9,1.0,399.0,698.62,SAATHI,HIGH,two_wheeler,Zepto
2,1,0,1,0,17120.854225103474,5.145317662220633,0,3,18,1.0,0.9,1.0,999.0,1219.94,SURAKSHA,MODERATE,two_wheeler,Blinkit
1,1,0,1,0,19607.449252739258,6.815240446069287,0,0,7,1.0,0.9,1.0,699.0,875.84,RAKSHAK,MODERATE,two_wheeler,Zomato
2,0,2,3,1,34123.06634347864,9.276774616470519,0,3,3,0.85,1.15,0.9,999.0,1309.87,SURAKSHA,SAFE,two_wheeler,Blinkit
1,1,1,2,0,37878.65562279572,10.600311284986894,3,0,1,1.0,1.0,0.95,699.0,980.84,RAKSHAK,MODERATE,ev_two_wheeler,Zomato
1,1,2,2,0,16175.783019731058,10.636185324006037,0,1,8,1.0,1.15,0.95,699.0,1066.87,RAKSHAK,MODERATE,two_wheeler,Swiggy
1,2,1,2,0,37947.95966861765,4.252920090169937,0,3,15,1.25,1.0,0.95,699.0,1216.12,RAKSHAK,HIGH,two_wheeler,Blinkit
0,1,0,2,0,12813.085914473684,4.324005491855356,0,1,24,1.0,0.9,0.95,399.0,663.94,SAATHI,MODERATE,two_wheeler,Swiggy
1,1,0,2,0,32554.99546467155,8.96699350045441,0,0,21,1.0,0.9,0.95,699.0,1115.83,RAKSHAK,MODERATE,two_wheeler,Zomato
1,1,1,1,0,33542.61610096884,9.655288120791923,0,2,18,1.0,1.0,1.0,699.0,1182.63,RAKSHAK,MODERATE,two_wheeler,Zepto
1,0,2,3,0,32146.046341337445,7.536829969662231,0,2,17,0.85,1.15,0.9,699.0,1065.01,RAKSHAK,SAFE,two_wheeler,Zepto
1,2,0,3,0,23204.187509363663,11.152436901617158,3,3,7,1.25,0.9,0.9,699.0,1010.7,RAKSHAK,HIGH,ev_two_wheeler,Blinkit
1,0,0,1,0,32728.53414116749,10.160243749612132,3,3,21,0.85,0.9,1.0,699.0,1032.65,RAKSHAK,SAFE,ev_two_wheeler,Blinkit
1,0,2,1,0,37366.745872982705,8.680799188359888,3,1,21,0.85,1.15,1.0,699.0,1236.04,RAKSHAK,SAFE,ev_two_wheeler,Swiggy
0,1,0,3,1,19340.589491446382,5.70280616767931,0,2,16,1.0,0.9,0.9,399.0,727.43,SAATHI,MODERATE,two_wheeler,Zepto
1,0,2,3,0,14948.200031166461,5.9155207472031535,0,2,20,0.85,1.15,0.9,699.0,942.34,RAKSHAK,SAFE,two_wheeler,Zepto
0,0,1,3,0,33046.3869618904,10.012643322262704,1,0,17,0.85,1.0,0.9,399.0,878.14,SAATHI,SAFE,three_wheeler,Zomato
2,0,1,3,1,12723.762587522056,11.92069796506217,0,0,14,0.85,1.0,0.9,999.0,1181.64,SURAKSHA,SAFE,two_wheeler,Zomato
1,0,2,3,0,32368.200647633486,6.473661892234613,0,2,11,0.85,1.15,0.9,699.0,966.81,RAKSHAK,SAFE,two_wheeler,Zepto
0,1,0,1,0,32120.846559579975,7.522873579409561,0,0,16,1.0,0.9,1.0,399.0,798.04,SAATHI,MODERATE,two_wheeler,Zomato
1,0,1,1,1,30304.16259727946,6.2254374136664214,0,0,15,0.85,1.0,1.0,699.0,1038.25,RAKSHAK,SAFE,two_wheeler,Zomato
2,0,0,2,0,20616.986465018967,5.011409817240224,0,3,12,0.85,0.9,0.95,999.0,934.08,SURAKSHA,SAFE,two_wheeler,Blinkit
1,0,1,1,0,35174.79179593743,7.60972250622717,0,3,1,0.85,1.0,1.0,699.0,930.41,RAKSHAK,SAFE,two_wheeler,Blinkit
1,1,0,1,1,26905.831542479893,10.818843683099882,0,0,21,1.0,0.9,1.0,699.0,1222.24,RAKSHAK,MODERATE,two_wheeler,Zomato
0,0,0,1,0,33821.415428945635,6.839535715913934,0,1,13,0.85,0.9,1.0,399.0,702.7,SAATHI,SAFE,two_wheeler,Swiggy
0,1,0,3,1,30956.96101764409,9.262581278981564,0,3,19,1.0,0.9,0.9,399.0,887.21,SAATHI,MODERATE,two_wheeler,Blinkit
0,0,0,1,1,28208.445220021305,8.176884376456353,2,3,9,0.85,0.9,1.0,399.0,600.84,SAATHI,SAFE,bicycle,Blinkit
2,1,0,1,1,13866.250319585142,11.185768991276555,0,3,2,1.0,0.9,1.0,999.0,1141.87,SURAKSHA,MODERATE,two_wheeler,Blinkit
2,1,1,1,0,20794.166539755715,5.537034617614933,0,1,14,1.0,1.0,1.0,999.0,1247.8,SURAKSHA,MODERATE,two_wheeler,Swiggy
0,1,0,3,0,18864.28482744288,10.014669688477209,0,3,20,1.0,0.9,0.9,399.0,773.22,SAATHI,MODERATE,two_wheeler,Blinkit
1,1,0,2,0,20367.1232917627,11.605504545117029,0,0,8,1.0,0.9,0.95,699.0,948.27,RAKSHAK,MODERATE,two_wheeler,Zomato
1,1,0,1,0,25559.085574440607,7.543932309250546,0,0,8,1.0,0.9,1.0,699.0,904.43,RAKSHAK,MODERATE,two_wheeler,Zomato
1,0,0,3,1,17573.240562969866,11.005300991276108,0,2,3,0.85,0.9,0.9,699.0,820.22,RAKSHAK,SAFE,two_wheeler,Zepto
1,0,0,2,0,36430.57447169309,8.197660329458127,3,0,9,0.85,0.9,0.95,699.0,866.62,RAKSHAK,SAFE,ev_two_wheeler,Zomato
1,0,1,2,1,16418.424556718644,7.1371194009291985,0,3,11,0.85,1.0,0.95,699.0,893.75,RAKSHAK,SAFE,two_wheeler,Blinkit
1,0,0,1,1,16842.08240990447,8.58309280943925,0,0,13,0.85,0.9,1.0,699.0,875.97,RAKSHAK,SAFE,two_wheeler,Zomato
1,0,0,1,0,13472.561194738999,8.403939755727343,0,2,9,0.85,0.9,1.0,699.0,726.62,RAKSHAK,SAFE,two_wheeler,Zepto
1,0,2,2,0,39507.06150143752,6.764286002789009,3,3,1,0.85,1.15,0.95,699.0,930.1,RAKSHAK,SAFE,ev_two_wheeler,Blinkit
2,1,0,2,0,38996.935311672234,8.58629326085667,0,1,24,1.0,0.9,0.95,999.0,1461.27,SURAKSHA,MODERATE,two_wheeler,Swiggy
1,0,0,1,0,21447.61184322016,9.247338819855788,0,2,9,0.85,0.9,1.0,699.0,815.19,RAKSHAK,SAFE,two_wheeler,Zepto
1,1,1,2,0,25767.258008945595,10.980897399020682,0,2,14,1.0,1.0,0.95,699.0,1093.29,RAKSHAK,MODERATE,two_wheeler,Zepto
0,0,1,1,0,36757.44519439434,4.139109943403471,2,1,19,0.85,1.0,1.0,399.0,691.44,SAATHI,SAFE,bicycle,Swiggy
1,1,0,3,1,25218.17937104037,8.11365739581829,1,1,13,1.0,0.9,0.9,699.0,1049.63,RAKSHAK,MODERATE,three_wheeler,Swiggy
2,2,0,3,1,38774.333518132305,11.036505900902249,0,0,23,1.25,0.9,0.9,999.0,1725.77,SURAKSHA,HIGH,two_wheeler,Zomato
2,2,2,1,0,29627.887064725608,9.390703689335815,0,2,10,1.25,1.15,1.0,999.0,1796.41,SURAKSHA,HIGH,two_wheeler,Zepto
1,0,0,2,1,34659.87540240013,11.522787021361534,3,3,15,0.85,0.9,0.95,699.0,1043.58,RAKSHAK,SAFE,ev_two_wheeler,Blinkit
0,1,2,1,0,26034.733367909892,5.91341435885901,0,1,7,1.0,1.15,1.0,399.0,718.58,SAATHI,MODERATE,two_wheeler,Swiggy
1,2,0,2,0,12036.95633156123,6.463549661295456,0,1,21,1.25,0.9,0.95,699.0,1052.07,RAKSHAK,HIGH,two_wheeler,Swiggy
1,1,1,1,0,34691.25434405153,7.421609366553908,3,0,12,1.0,1.0,1.0,699.0,1093.05,RAKSHAK,MODERATE,ev_two_wheeler,Zomato
1,1,0,1,0,22055.078403092717,5.842998578928192,3,2,15,1.0,0.9,1.0,699.0,952.65,RAKSHAK,MODERATE,ev_two_wheeler,Zepto
2,0,0,3,0,32979.70943107492,5.569114797870973,0,2,21,0.85,0.9,0.9,999.0,1131.94,SURAKSHA,SAFE,two_wheeler,Zepto
1,1,0,3,0,28113.307780818217,4.985877344078432,0,2,9,1.0,0.9,0.9,699.0,817.65,RAKSHAK,MODERATE,two_wheeler,Zepto
0,1,0,1,1,17581.534959352033,10.579128743570259,0,0,19,1.0,0.9,1.0,399.0,897.94,SAATHI,MODERATE,two_wheeler,Zomato
2,1,0,1,0,38359.91665538762,7.951879077536685,0,3,6,1.0,0.9,1.0,999.0,1282.88,SURAKSHA,MODERATE,two_wheeler,Blinkit
1,0,0,1,0,28414.179922762865,11.354033972210491,2,2,11,0.85,0.9,1.0,699.0,874.49,RAKSHAK,SAFE,bicycle,Zepto
0,0,1,1,0,27264.85820251336,6.218673648396434,0,2,20,0.85,1.0,1.0,399.0,759.0,SAATHI,SAFE,two_wheeler,Zepto
1,1,1,1,0,21064.05398703748,8.073273033677271,0,1,11,1.0,1.0,1.0,699.0,996.28,RAKSHAK,MODERATE,two_wheeler,Swiggy
1,2,0,2,0,19018.03914324743,5.833481915449574,3,3,15,1.25,0.9,0.95,699.0,1066.05,RAKSHAK,HIGH,ev_two_wheeler,Blinkit
2,0,2,2,1,22272.315040014422,10.086648240155604,3,2,18,0.85,1.15,0.95,999.0,1434.75,SURAKSHA,SAFE,ev_two_wheeler,Zepto
0,2,0,3,0,24352.02078233414,7.616748179123073,3,3,12,1.25,0.9,0.9,399.0,692.62,SAATHI,HIGH,ev_two_wheeler,Blinkit
1,1,1,3,1,29032.652786899667,7.107145443071095,0,1,11,1.0,1.0,0.9,699.0,1048.29,RAKSHAK,MODERATE,two_wheeler,Swiggy
1,2,0,2,1,30801.906760908925,10.73961660878925,0,0,19,1.25,0.9,0.95,699.0,1351.25,RAKSHAK,HIGH,two_wheeler,Zomato
0,0,1,3,0,16078.258549801982,6.658697441762579,0,1,21,0.85,1.0,0.9,399.0,659.89,SAATHI,SAFE,two_wheeler,Swiggy
1,2,1,1,0,36881.037732192635,8.483665636466643,0,0,24,1.25,1.0,1.0,699.0,1469.49,RAKSHAK,HIGH,two_wheeler,Zomato
0,0,0,1,0,23101.312004254854,5.229409188012495,2,2,21,0.85,0.9,1.0,399.0,603.19,SAATHI,SAFE,bicycle,Zepto
1,1,1,2,0,30790.524885885727,11.663300407121184,0,2,16,1.0,1.0,0.95,699.0,1175.08,RAKSHAK,MODERATE,two_wheeler,Zepto
2,2,1,3,0,22386.730099452576,5.450066333039053,0,2,1,1.25,1.0,0.9,999.0,1272.56,SURAKSHA,HIGH,two_wheeler,Zepto
1,0,0,2,0,37658.22298878708,7.248351272792993,3,2,10,0.85,0.9,0.95,699.0,915.04,RAKSHAK,SAFE,ev_two_wheeler,Zepto
1,1,2,1,0,12249.557956808969,5.509052080927902,3,2,2,1.0,1.15,1.0,699.0,856.96,RAKSHAK,MODERATE,ev_two_wheeler,Zepto
1,0,1,1,0,27108.117627737716,4.418446176666569,0,3,2,0.85,1.0,1.0,699.0,805.27,RAKSHAK,SAFE,two_wheeler,Blinkit
0,1,0,1,0,28244.812359756506,5.5440970718871405,0,0,23,1.0,0.9,1.0,399.0,807.09,SAATHI,MODERATE,two_wheeler,Zomato
1,0,0,1,0,14164.811232714326,9.458443702936489,0,0,13,0.85,0.9,1.0,699.0,834.24,RAKSHAK,SAFE,two_wheeler,Zomato
0,0,2,2,1,25273.79807335434,11.421069755848588,0,0,17,0.85,1.15,0.95,399.0,939.16,SAATHI,SAFE,two_wheeler,Zomato
1,0,0,1,0,24796.064662554338,7.201163738276473,0,2,23,0.85,0.9,1.0,699.0,944.88,RAKSHAK,SAFE,two_wheeler,Zepto
1,1,2,1,0,34738.84839008219,5.805846147704463,0,2,1,1.0,1.15,1.0,699.0,1047.73,RAKSHAK,MODERATE,two_wheeler,Zepto
0,1,1,2,1,12237.608338336404,5.733473951912021,0,2,21,1.0,1.0,0.95,399.0,776.48,SAATHI,MODERATE,two_wheeler,Zepto
0,1,0,1,0,18252.821323672146,9.13743529560252,0,1,9,1.0,0.9,1.0,399.0,643.6,SAATHI,MODERATE,two_wheeler,Swiggy
1,2,0,3,1,22142.900657507784,9.2082663840255,0,2,21,1.25,0.9,0.9,699.0,1255.84,RAKSHAK,HIGH,two_wheeler,Zepto
1,2,0,2,0,12985.189596765322,4.477100368640722,1,0,4,1.25,0.9,0.95,699.0,864.18,RAKSHAK,HIGH,three_wheeler,Zomato
1,2,1,1,0,23395.666486123504,7.448851898764299,3,1,20,1.25,1.0,1.0,699.0,1242.99,RAKSHAK,HIGH,ev_two_wheeler,Swiggy
1,1,0,2,0,36336.8759773256,7.095621632702079,0,1,18,1.0,0.9,0.95,699.0,1038.11,RAKSHAK,MODERATE,two_wheeler,Swiggy
0,0,1,3,0,19594.167739951583,10.141984732371473,1,2,22,0.85,1.0,0.9,399.0,831.87,SAATHI,SAFE,three_wheeler,Zepto
1,0,0,2,0,13283.343161763925,5.626272682752888,0,2,10,0.85,0.9,0.95,699.0,671.4,RAKSHAK,SAFE,two_wheeler,Zepto
0,0,0,1,0,14495.827032872818,4.076688141931741,0,1,17,0.85,0.9,1.0,399.0,513.5,SAATHI,SAFE,two_wheeler,Swiggy
1,1,0,2,0,38158.62035001989,6.33404134856468,2,0,16,1.0,0.9,0.95,699.0,954.48,RAKSHAK,MODERATE,bicycle,Zomato
0,1,0,1,0,35376.241149332825,9.11225998037358,0,3,8,1.0,0.9,1.0,399.0,750.2,SAATHI,MODERATE,two_wheeler,Blinkit
2,2,0,1,1,39342.20132841752,11.693963013636761,0,3,12,1.25,0.9,1.0,999.0,1707.82,SURAKSHA,HIGH,two_wheeler,Blinkit
1,1,0,2,1,31952.97006043859,7.3822587245248315,0,0,4,1.0,0.9,0.95,699.0,948.63,RAKSHAK,MODERATE,two_wheeler,Zomato
1,0,0,1,0,39071.86250284966,9.365875946461461,0,1,14,0.85,0.9,1.0,699.0,1062.32,RAKSHAK,SAFE,two_wheeler,Swiggy
0,2,0,2,1,38221.35002781413,6.539329069731082,0,2,24,1.25,0.9,0.95,399.0,1076.77,SAATHI,HIGH,two_wheeler,Zepto
0,0,2,3,0,33862.6141369946,8.98160316986352,0,2,17,0.85,1.15,0.9,399.0,816.2,SAATHI,SAFE,two_wheeler,Zepto
1,0,1,1,0,27110.124193281314,4.697793110733782,3,1,0,0.85,1.0,1.0,699.0,702.59,RAKSHAK,SAFE,ev_two_wheeler,Swiggy
2,0,1,2,0,33996.850187844626,11.203008178780793,0,1,13,0.85,1.0,0.95,999.0,1236.56,SURAKSHA,SAFE,two_wheeler,Swiggy
2,0,0,1,0,30307.474914865536,4.60871497079661,2,3,15,0.85,0.9,1.0,999.0,997.59,SURAKSHA,SAFE,bicycle,Blinkit
0,0,0,1,0,25583.083912108836,9.35208819783631,2,2,9,0.85,0.9,1.0,399.0,557.46,SAATHI,SAFE,bicycle,Zepto
0,2,0,2,0,19755.708110841857,6.685651126959484,0,1,24,1.25,0.9,0.95,399.0,849.47,SAATHI,HIGH,two_wheeler,Swiggy
1,1,0,1,0,21469.877479712566,6.6965708967246655,2,2,2,1.0,0.9,1.0,699.0,715.42,RAKSHAK,MODERATE,bicycle,Zepto
0,0,0,1,1,29591.184626680122,7.6053369648538505,1,3,9,0.85,0.9,1.0,399.0,822.58,SAATHI,SAFE,three_wheeler,Blinkit
2,0,0,2,0,26927.92738109809,7.824855568959975,2,0,3,0.85,0.9,0.95,999.0,869.57,SURAKSHA,SAFE,bicycle,Zomato
0,0,0,2,0,33905.69942627895,5.180461119818737,2,1,2,0.85,0.9,0.95,399.0,466.23,SAATHI,SAFE,bicycle,Swiggy
1,0,0,3,0,31414.153224891885,9.658353645932284,0,1,24,0.85,0.9,0.9,699.0,1079.68,RAKSHAK,SAFE,two_wheeler,Swiggy
1,1,0,1,0,37139.27022883974,5.196781249180467,3,0,23,1.0,0.9,1.0,699.0,1094.96,RAKSHAK,MODERATE,ev_two_wheeler,Zomato
1,0,1,2,0,29439.218634913028,5.223110765158371,0,1,10,0.85,1.0,0.95,699.0,853.65,RAKSHAK,SAFE,two_wheeler,Swiggy
1,1,1,1,0,20680.05187790455,9.983138032208666,0,1,0,1.0,1.0,1.0,699.0,906.03,RAKSHAK,MODERATE,two_wheeler,Swiggy
0,0,0,1,0,21019.152687135866,9.491359151981136,0,2,17,0.85,0.9,1.0,399.0,691.72,SAATHI,SAFE,two_wheeler,Zepto
1,0,1,1,1,19992.538041596235,8.920409324228519,0,2,2,0.85,1.0,1.0,699.0,864.21,RAKSHAK,SAFE,two_wheeler,Zepto
1,1,0,3,0,26399.60187239143,8.77720563586518,3,3,15,1.0,0.9,0.9,699.0,967.68,RAKSHAK,MODERATE,ev_two_wheeler,Blinkit
0,0,0,1,0,18661.876542859536,11.9092524393121,3,2,21,0.85,0.9,1.0,399.0,737.93,SAATHI,SAFE,ev_two_wheeler,Zepto
0,2,1,1,0,35187.50537199323,9.108200369533318,1,3,22,1.25,1.0,1.0,399.0,1101.88,SAATHI,HIGH,three_wheeler,Blinkit
1,1,0,2,0,13946.21830242541,8.06862337494972,3,0,1,1.0,0.9,0.95,699.0,684.3,RAKSHAK,MODERATE,ev_two_wheeler,Zomato
1,1,0,2,0,32224.52122122708,10.520591925460879,0,3,8,1.0,0.9,0.95,699.0,1022.06,RAKSHAK,MODERATE,two_wheeler,Blinkit
1,1,0,1,0,23408.198277452026,7.120306221234441,3,2,7,1.0,0.9,1.0,699.0,837.55,RAKSHAK,MODERATE,ev_two_wheeler,Zepto
1,1,1,1,1,30558.486418520602,10.754668393594702,3,2,17,1.0,1.0,1.0,699.0,1223.83,RAKSHAK,MODERATE,ev_two_wheeler,Zepto
0,1,0,2,1,32284.89185103953,7.721389573253107,2,1,5,1.0,0.9,0.95,399.0,583.1,SAATHI,MODERATE,bicycle,Swiggy
2,0,2,1,1,26979.067758631325,5.043515636266772,3,0,17,0.85,1.15,1.0,999.0,1388.29,SURAKSHA,SAFE,ev_two_wheeler,Zomato
1,1,2,2,0,17752.15899481118,5.66464125527787,0,2,15,1.0,1.15,0.95,699.0,1062.12,RAKSHAK,MODERATE,two_wheeler,Zepto
1,1,0,1,0,22398.16453144193,11.555878200747596,0,0,21,1.0,0.9,1.0,699.0,1098.97,RAKSHAK,MODERATE,two_wheeler,Zomato
0,0,0,2,1,23965.23512727222,10.193254339977328,2,1,10,0.85,0.9,0.95,399.0,582.89,SAATHI,SAFE,bicycle,Swiggy
1,0,0,1,1,32668.72039950531,9.875240676039889,0,1,22,0.85,0.9,1.0,699.0,1176.24,RAKSHAK,SAFE,two_wheeler,Swiggy
1,2,2,1,0,13389.15662653409,7.9963633865897235,0,1,17,1.25,1.15,1.0,699.0,1312.36,RAKSHAK,HIGH,two_wheeler,Swiggy
0,1,0,1,0,12356.69041344202,8.87041673998797,0,3,1,1.0,0.9,1.0,399.0,502.53,SAATHI,MODERATE,two_wheeler,Blinkit
1,1,0,1,0,27950.499571213884,9.253706944079816,0,1,18,1.0,0.9,1.0,699.0,1095.97,RAKSHAK,MODERATE,two_wheeler,Swiggy
2,0,0,2,0,39645.646004231225,9.739788874131293,0,3,24,0.85,0.9,0.95,999.0,1376.85,SURAKSHA,SAFE,two_wheeler,Blinkit
0,0,0,1,0,23993.58692905424,8.251186455970577,3,0,3,0.85,0.9,1.0,399.0,507.75,SAATHI,SAFE,ev_two_wheeler,Zomato
2,1,2,3,0,23993.80794676822,7.717775649589996,1,1,4,1.0,1.15,0.9,999.0,1338.14,SURAKSHA,MODERATE,three_wheeler,Swiggy
1,0,0,1,1,33070.52249597014,7.68407327926543,3,3,15,0.85,0.9,1.0,699.0,990.55,RAKSHAK,SAFE,ev_two_wheeler,Blinkit
1,1,1,1,0,12728.827394879778,5.89633207134944,0,0,7,1.0,1.0,1.0,699.0,857.91,RAKSHAK,MODERATE,two_wheeler,Zomato
2,0,0,3,0,22538.377564351496,6.408697443721709,0,0,2,0.85,0.9,0.9,999.0,899.61,SURAKSHA,SAFE,two_wheeler,Zomato
1,2,0,2,0,29257.977060772697,9.480239594153508,0,3,21,1.25,0.9,0.95,699.0,1280.32,RAKSHAK,HIGH,two_wheeler,Blinkit
1,1,0,2,1,20978.6123342398,10.560222578123401,0,2,18,1.0,0.9,0.95,699.0,1078.77,RAKSHAK,MODERATE,two_wheeler,Zepto
2,1,0,1,1,16962.613537625897,9.457834140612672,0,2,11,1.0,0.9,1.0,999.0,1278.7,SURAKSHA,MODERATE,two_wheeler,Zepto
1,0,2,2,0,25888.920918359614,6.389471870513074,0,3,1,0.85,1.15,0.95,699.0,853.75,RAKSHAK,SAFE,two_wheeler,Blinkit
0,2,0,1,1,14782.717810624083,10.838673209898689,0,2,23,1.25,0.9,1.0,399.0,973.24,SAATHI,HIGH,two_wheeler,Zepto
1,0,0,2,0,13985.421825291569,10.140053563162912,0,3,24,0.85,0.9,0.95,699.0,979.29,RAKSHAK,SAFE,two_wheeler,Blinkit
0,1,0,2,0,37835.459550722284,7.009320883448622,0,1,24,1.0,0.9,0.95,399.0,915.04,SAATHI,MODERATE,two_wheeler,Swiggy
1,1,0,1,0,31954.514318108882,11.342365008885437,0,3,7,1.0,0.9,1.0,699.0,1060.24,RAKSHAK,MODERATE,two_wheeler,Blinkit
0,2,0,1,1,20766.328741837857,7.073281464739853,0,2,13,1.25,0.9,1.0,399.0,866.81,SAATHI,HIGH,two_wheeler,Zepto
0,2,0,1,0,20192.7004214704,8.414320508635965,0,2,15,1.25,0.9,1.0,399.0,814.18,SAATHI,HIGH,two_wheeler,Zepto
1,1,0,1,0,18340.896905225538,11.181641811780644,1,3,23,1.0,0.9,1.0,699.0,1173.23,RAKSHAK,MODERATE,three_wheeler,Blinkit
1,0,0,3,0,31113.9704404617,6.02268962459832,0,2,24,0.85,0.9,0.9,699.0,1016.58,RAKSHAK,SAFE,two_wheeler,Zepto
1,1,2,2,0,17594.985769558196,10.488128882101247,0,2,2,1.0,1.15,0.95,699.0,959.9,RAKSHAK,MODERATE,two_wheeler,Zepto
1,2,0,1,0,27924.38236614848,7.613093477465788,0,0,1,1.25,0.9,1.0,699.0,1032.96,RAKSHAK,HIGH,two_wheeler,Zomato
1,0,0,2,0,38189.58387911335,4.518989102680858,0,3,18,0.85,0.9,0.95,699.0,916.8,RAKSHAK,SAFE,two_wheeler,Blinkit
0,0,0,1,0,20336.155745638476,8.485945568123338,0,3,6,0.85,0.9,1.0,399.0,539.06,SAATHI,SAFE,two_wheeler,Blinkit
2,1,1,2,1,25873.203765829334,11.531405374543038,0,2,18,1.0,1.0,0.95,999.0,1507.48,SURAKSHA,MODERATE,two_wheeler,Zepto
1,2,0,1,0,12912.849617440532,6.229558834422605,0,3,12,1.25,0.9,1.0,699.0,1011.04,RAKSHAK,HIGH,two_wheeler,Blinkit
0,2,0,1,1,21141.91453045916,11.491651122840842,0,2,18,1.25,0.9,1.0,399.0,953.39,SAATHI,HIGH,two_wheeler,Zepto
2,1,0,3,0,13240.671101841648,4.379045864448404,0,3,13,1.0,0.9,0.9,999.0,995.74,SURAKSHA,MODERATE,two_wheeler,Blinkit
0,2,0,1,0,18254.40025916633,4.266284394107656,0,1,16,1.25,0.9,1.0,399.0,738.81,SAATHI,HIGH,two_wheeler,Swiggy
1,0,0,2,0,26331.177298551527,11.470936318810558,0,1,6,0.85,0.9,0.95,699.0,910.95,RAKSHAK,SAFE,two_wheeler,Swiggy
1,1,1,3,0,14003.08701293054,6.6004121888767004,1,1,17,1.0,1.0,0.9,699.0,1001.21,RAKSHAK,MODERATE,three_wheeler,Swiggy
0,0,0,2,0,18822.31198918402,11.655809517682485,0,3,22,0.85,0.9,0.95,399.0,796.7,SAATHI,SAFE,two_wheeler,Blinkit
0,2,0,1,0,29348.438806235266,4.302073116787206,0,0,18,1.25,0.9,1.0,399.0,842.5,SAATHI,HIGH,two_wheeler,Zomato
0,1,0,3,0,39693.27159455225,4.382015528627172,0,0,11,1.0,0.9,0.9,399.0,671.33,SAATHI,MODERATE,two_wheeler,Zomato
0,0,0,1,1,24209.378177412946,6.1903839312152975,3,0,12,0.85,0.9,1.0,399.0,651.2,SAATHI,SAFE,ev_two_wheeler,Zomato
0,0,0,2,0,33615.693967131345,11.585956285779748,0,1,14,0.85,0.9,0.95,399.0,787.91,SAATHI,SAFE,two_wheeler,Swiggy
0,2,0,2,0,27554.205865157277,10.330732192157091,0,3,9,1.25,0.9,0.95,399.0,783.84,SAATHI,HIGH,two_wheeler,Blinkit
0,0,0,1,0,32128.58345103578,11.071008895887054,0,3,19,0.85,0.9,1.0,399.0,841.65,SAATHI,SAFE,two_wheeler,Blinkit
1,2,1,1,0,30409.1983279723,10.961144044413897,0,0,16,1.25,1.0,1.0,699.0,1365.81,RAKSHAK,HIGH,two_wheeler,Zomato
2,1,2,1,0,26895.49039734002,8.868098740202774,0,1,14,1.0,1.15,1.0,999.0,1582.41,SURAKSHA,MODERATE,two_wheeler,Swiggy
2,0,1,2,1,12123.245052106016,4.0026412740758115,0,0,1,0.85,1.0,0.95,999.0,911.98,SURAKSHA,SAFE,two_wheeler,Zomato
0,2,0,2,0,35995.12738921106,8.866522928185717,0,1,24,1.25,0.9,0.95,399.0,1025.22,SAATHI,HIGH,two_wheeler,Swiggy
2,1,1,1,0,27995.193245650582,4.061209965289744,3,2,2,1.0,1.0,1.0,999.0,1102.35,SURAKSHA,MODERATE,ev_two_wheeler,Zepto
1,1,0,1,1,13890.789242324563,7.430092061628032,1,2,3,1.0,0.9,1.0,699.0,897.56,RAKSHAK,MODERATE,three_wheeler,Zepto
1,2,0,1,0,16414.496661493522,9.890440127847285,0,3,6,1.25,0.9,1.0,699.0,1067.81,RAKSHAK,HIGH,two_wheeler,Blinkit
1,2,1,3,0,21571.39284530807,11.20473520502609,0,3,7,1.25,1.0,0.9,699.0,1118.87,RAKSHAK,HIGH,two_wheeler,Blinkit
1,2,1,1,1,39032.307683549676,7.484289947353332,0,3,8,1.25,1.0,1.0,699.0,1362.1,RAKSHAK,HIGH,two_wheeler,Blinkit
1,0,1,1,0,14377.769492649997,8.96568690988759,0,2,10,0.85,1.0,1.0,699.0,845.65,RAKSHAK,SAFE,two_wheeler,Zepto
0,0,0,1,0,36944.013206215954,11.904064342783677,2,1,4,0.85,0.9,1.0,399.0,630.16,SAATHI,SAFE,bicycle,Swiggy
0,1,2,1,0,31323.67774223298,7.143498440222453,1,1,18,1.0,1.15,1.0,399.0,914.86,SAATHI,MODERATE,three_wheeler,Swiggy
0,1,0,2,0,33798.99038809535,6.62649818833971,0,0,7,1.0,0.9,0.95,399.0,655.59,SAATHI,MODERATE,two_wheeler,Zomato
2,1,0,1,0,39948.89266098902,10.603315500590487,1,2,19,1.0,0.9,1.0,999.0,1546.76,SURAKSHA,MODERATE,three_wheeler,Zepto
1,2,0,1,0,26787.921603665105,11.109821828413718,2,2,21,1.25,0.9,1.0,699.0,1218.3,RAKSHAK,HIGH,bicycle,Zepto
1,0,2,3,0,17759.720259343954,7.815243404258201,0,2,9,0.85,1.15,0.9,699.0,840.8,RAKSHAK,SAFE,two_wheeler,Zepto
1,2,2,3,0,14912.288336387941,10.282357333781386,0,0,8,1.25,1.15,0.9,699.0,1153.95,RAKSHAK,HIGH,two_wheeler,Zomato
0,1,0,2,0,28366.169007532797,7.517138564198772,3,1,18,1.0,0.9,0.95,399.0,741.95,SAATHI,MODERATE,ev_two_wheeler,Swiggy
1,1,1,1,0,35358.676029937924,7.809862508137299,0,2,21,1.0,1.0,1.0,699.0,1213.82,RAKSHAK,MODERATE,two_wheeler,Zepto
1,1,0,1,1,28292.08981917055,9.673257325611715,0,0,15,1.0,0.9,1.0,699.0,1197.36,RAKSHAK,MODERATE,two_wheeler,Zomato
0,2,1,3,0,19503.86068778106,4.9852437919103245,3,3,9,1.25,1.0,0.9,399.0,581.33,SAATHI,HIGH,ev_two_wheeler,Blinkit
1,1,0,3,0,37223.93523935958,10.198922140008861,0,0,0,1.0,0.9,0.9,699.0,911.91,RAKSHAK,MODERATE,two_wheeler,Zomato
1,1,0,2,0,29090.129541013386,6.108171539869856,2,2,2,1.0,0.9,0.95,699.0,703.23,RAKSHAK,MODERATE,bicycle,Zepto
1,0,0,3,0,13105.091766081388,8.82165015524958,3,0,15,0.85,0.9,0.9,699.0,761.77,RAKSHAK,SAFE,ev_two_wheeler,Zomato
1,0,0,3,0,25202.45839908944,11.50463490621,0,1,1,0.85,0.9,0.9,699.0,772.79,RAKSHAK,SAFE,two_wheeler,Swiggy
2,1,1,2,0,38099.64205243258,7.618513398107821,0,3,4,1.0,1.0,0.95,999.0,1298.59,SURAKSHA,MODERATE,two_wheeler,Blinkit
1,2,1,2,0,21484.84583882282,7.294116401811019,0,2,9,1.25,1.0,0.95,699.0,1084.12,RAKSHAK,HIGH,two_wheeler,Zepto
1,0,1,1,0,32140.058404263847,7.513537325461336,0,2,19,0.85,1.0,1.0,699.0,1096.47,RAKSHAK,SAFE,two_wheeler,Zepto
1,0,1,1,0,32570.325939885788,11.422168787254552,0,2,12,0.85,1.0,1.0,699.0,1108.45,RAKSHAK,SAFE,two_wheeler,Zepto
0,1,0,1,0,20166.289191051572,10.332260949335137,0,0,20,1.0,0.9,1.0,399.0,825.66,SAATHI,MODERATE,two_wheeler,Zomato
1,2,0,1,0,17481.946592091335,10.504409657146464,3,2,11,1.25,0.9,1.0,699.0,1120.45,RAKSHAK,HIGH,ev_two_wheeler,Zepto
0,0,1,2,0,31642.553759130813,7.1034443012389765,0,2,6,0.85,1.0,0.95,399.0,659.39,SAATHI,SAFE,two_wheeler,Zepto
1,0,0,2,1,35687.68856684248,6.504073753575146,0,2,15,0.85,0.9,0.95,699.0,982.83,RAKSHAK,SAFE,two_wheeler,Zepto
0,1,0,1,1,34307.14209004474,5.536078212188756,0,2,3,1.0,0.9,1.0,399.0,701.35,SAATHI,MODERATE,two_wheeler,Zepto
0,0,1,1,0,27623.78481701667,11.40939235255803,0,1,4,0.85,1.0,1.0,399.0,680.42,SAATHI,SAFE,two_wheeler,Swiggy
1,2,1,1,0,12321.943227124337,8.96907560537559,0,3,23,1.25,1.0,1.0,699.0,1248.19,RAKSHAK,HIGH,two_wheeler,Blinkit
1,0,0,1,0,26184.763493136867,11.123730060995129,0,0,11,0.85,0.9,1.0,699.0,969.79,RAKSHAK,SAFE,two_wheeler,Zomato
1,2,0,1,0,35102.56090233961,4.266382268521376,0,2,16,1.25,0.9,1.0,699.0,1182.54,RAKSHAK,HIGH,two_wheeler,Zepto
1,1,0,1,0,22597.301420366402,11.560940231098689,0,1,4,1.0,0.9,1.0,699.0,928.58,RAKSHAK,MODERATE,two_wheeler,Swiggy
0,0,0,1,0,24791.392048760943,5.066739709152763,0,0,23,0.85,0.9,1.0,399.0,713.94,SAATHI,SAFE,two_wheeler,Zomato
0,1,0,1,1,25305.289542916435,5.298953796211144,0,2,21,1.0,0.9,1.0,399.0,843.35,SAATHI,MODERATE,two_wheeler,Zepto
2,0,2,2,0,24050.993304450112,7.6307030500558435,3,2,10,0.85,1.15,0.95,999.0,1204.89,SURAKSHA,SAFE,ev_two_wheeler,Zepto
1,0,0,2,0,33802.89061703636,8.511395663367706,0,0,4,0.85,0.9,0.95,699.0,864.09,RAKSHAK,SAFE,two_wheeler,Zomato
1,2,0,2,0,18862.713690801815,9.71777761447541,2,3,3,1.25,0.9,0.95,699.0,839.84,RAKSHAK,HIGH,bicycle,Blinkit
1,1,1,3,0,28546.74184633326,8.271298388311521,0,0,9,1.0,1.0,0.9,699.0,993.53,RAKSHAK,MODERATE,two_wheeler,Zomato
1,1,0,1,0,36469.8630228055,6.614773577045725,0,2,12,1.0,0.9,1.0,699.0,1034.9,RAKSHAK,MODERATE,two_wheeler,Zepto
0,0,0,1,0,14094.3061439143,11.908197338607373,2,0,1,0.85,0.9,1.0,399.0,389.59,SAATHI,SAFE,bicycle,Zomato
1,0,0,3,0,31526.025871345577,5.795844009861827,0,2,10,0.85,0.9,0.9,699.0,814.84,RAKSHAK,SAFE,two_wheeler,Zepto
1,2,0,1,0,34837.409589130824,5.433678796488206,1,2,2,1.25,0.9,1.0,699.0,1112.92,RAKSHAK,HIGH,three_wheeler,Zepto
1,2,0,2,0,24089.491069559623,7.058047317251237,0,1,15,1.25,0.9,0.95,699.0,1084.03,RAKSHAK,HIGH,two_wheeler,Swiggy
1,0,0,1,0,14717.515667534575,7.461280861525735,0,3,2,0.85,0.9,1.0,699.0,677.18,RAKSHAK,SAFE,two_wheeler,Blinkit
1,0,0,2,0,23961.07254743441,5.912205094429353,0,3,19,0.85,0.9,0.95,699.0,905.71,RAKSHAK,SAFE,two_wheeler,Blinkit
1,0,0,2,0,36431.86251402297,8.375478819585688,0,1,14,0.85,0.9,0.95,699.0,977.05,RAKSHAK,SAFE,two_wheeler,Swiggy
1,0,0,2,1,27265.3432145283,8.435641822933114,0,0,12,0.85,0.9,0.95,699.0,1021.64,RAKSHAK,SAFE,two_wheeler,Zomato
2,2,1,1,0,23461.60298721045,9.292613924592468,3,3,11,1.25,1.0,1.0,999.0,1592.64,SURAKSHA,HIGH,ev_two_wheeler,Blinkit
2,1,0,1,0,27292.045172974562,9.21180870343256,0,3,9,1.0,0.9,1.0,999.0,1249.33,SURAKSHA,MODERATE,two_wheeler,Blinkit
0,0,1,3,0,14089.170738406001,7.2231648882480455,0,0,10,0.85,1.0,0.9,399.0,505.42,SAATHI,SAFE,two_wheeler,Zomato
2,1,0,1,0,16352.132509920697,9.903891058201292,0,2,10,1.0,0.9,1.0,999.0,1161.96,SURAKSHA,MODERATE,two_wheeler,Zepto
0,2,0,1,0,16618.50650122927,8.193872303066307,1,2,15,1.25,0.9,1.0,399.0,785.84,SAATHI,HIGH,three_wheeler,Zepto
1,1,1,1,0,24213.804301506352,10.82018405457411,0,1,16,1.0,1.0,1.0,699.0,1152.39,RAKSHAK,MODERATE,two_wheeler,Swiggy
2,1,0,1,0,29958.270938308462,10.193077269659417,0,2,22,1.0,0.9,1.0,999.0,1450.11,SURAKSHA,MODERATE,two_wheeler,Zepto
0,0,0,2,0,39962.14077815818,5.609473137333214,0,2,6,0.85,0.9,0.95,399.0,631.83,SAATHI,SAFE,two_wheeler,Zepto
1,1,0,1,0,13379.845640536858,11.603537872720826,0,1,20,1.0,0.9,1.0,699.0,1073.06,RAKSHAK,MODERATE,two_wheeler,Swiggy
2,1,0,1,0,36165.90389509775,6.345124082064564,3,3,11,1.0,0.9,1.0,999.0,1265.2,SURAKSHA,MODERATE,ev_two_wheeler,Blinkit
1,0,1,1,1,36084.12470694163,9.723817029501433,0,3,22,0.85,1.0,1.0,699.0,1230.02,RAKSHAK,SAFE,two_wheeler,Blinkit
0,1,2,3,0,15936.215602566304,6.6053338582247525,0,2,22,1.0,1.15,0.9,399.0,779.18,SAATHI,MODERATE,two_wheeler,Zepto
1,1,0,1,0,12693.675554162744,10.036316261563101,0,2,17,1.0,0.9,1.0,699.0,991.99,RAKSHAK,MODERATE,two_wheeler,Zepto
2,1,1,1,0,25111.58604740579,9.44170323535106,0,3,10,1.0,1.0,1.0,999.0,1364.93,SURAKSHA,MODERATE,two_wheeler,Blinkit
1,1,0,3,0,39564.90682326823,9.750552349388219,0,1,3,1.0,0.9,0.9,699.0,988.97,RAKSHAK,MODERATE,two_wheeler,Swiggy
0,0,1,1,0,28153.50542115462,5.008420871619255,0,3,15,0.85,1.0,1.0,399.0,657.38,SAATHI,SAFE,two_wheeler,Blinkit
0,0,0,3,0,16164.762276401929,8.61431766797789,3,3,21,0.85,0.9,0.9,399.0,624.14,SAATHI,SAFE,ev_two_wheeler,Blinkit
1,1,1,1,0,21194.00586516175,7.946115472840852,0,1,3,1.0,1.0,1.0,699.0,916.52,RAKSHAK,MODERATE,two_wheeler,Swiggy
1,0,0,1,0,29377.834659381268,10.100205416751807,0,3,4,0.85,0.9,1.0,699.0,854.38,RAKSHAK,SAFE,two_wheeler,Blinkit
2,1,0,2,0,19148.786432795583,9.106834439083823,2,3,22,1.0,0.9,0.95,999.0,1177.22,SURAKSHA,MODERATE,bicycle,Blinkit
1,0,0,3,0,37454.03073811624,5.74597643824923,2,1,10,0.85,0.9,0.9,699.0,741.92,RAKSHAK,SAFE,bicycle,Swiggy
1,0,0,3,0,17410.60776157628,7.786833434662409,3,2,14,0.85,0.9,0.9,699.0,742.82,RAKSHAK,SAFE,ev_two_wheeler,Zepto
2,0,0,3,0,26793.651416223518,10.428540811202481,1,2,15,0.85,0.9,0.9,999.0,1165.3,SURAKSHA,SAFE,three_wheeler,Zepto
1,1,0,3,1,30164.537508471145,9.803129969271556,0,0,1,1.0,0.9,0.9,699.0,925.65,RAKSHAK,MODERATE,two_wheeler,Zomato
2,1,0,1,0,28476.427173934648,6.902560243770652,0,0,8,1.0,0.9,1.0,999.0,1178.62,SURAKSHA,MODERATE,two_wheeler,Zomato
1,2,0,3,0,21406.98215950226,5.177261607709787,0,3,9,1.25,0.9,0.9,699.0,920.15,RAKSHAK,HIGH,two_wheeler,Blinkit
1,1,1,2,1,39083.12943069865,7.512564917935516,0,0,0,1.0,1.0,0.95,699.0,1036.75,RAKSHAK,MODERATE,two_wheeler,Zomato
0,1,1,3,0,28377.522007610896,4.09750040809394,3,3,16,1.0,1.0,0.9,399.0,689.31,SAATHI,MODERATE,ev_two_wheeler,Blinkit
1,1,0,1,0,14216.161386592374,8.698837049103915,0,3,15,1.0,0.9,1.0,699.0,1017.69,RAKSHAK,MODERATE,two_wheeler,Blinkit
1,0,0,2,1,32224.85296423071,5.049480831366389,3,2,22,0.85,0.9,0.95,699.0,1043.21,RAKSHAK,SAFE,ev_two_wheeler,Zepto
0,2,1,2,1,30549.95683411653,6.621815653456568,0,2,16,1.25,1.0,0.95,399.0,936.0,SAATHI,HIGH,two_wheeler,Zepto
2,0,1,1,1,15303.641833083067,9.669477750480763,0,0,9,0.85,1.0,1.0,999.0,1182.05,SURAKSHA,SAFE,two_wheeler,Zomato
2,2,1,3,0,17984.19227901649,9.33516216696274,0,2,22,1.25,1.0,0.9,999.0,1537.62,SURAKSHA,HIGH,two_wheeler,Zepto
0,1,0,2,0,24113.21812041728,5.81841925790819,2,1,14,1.0,0.9,0.95,399.0,568.91,SAATHI,MODERATE,bicycle,Swiggy
1,0,0,1,0,29117.88486170397,8.182620218487429,0,2,9,0.85,0.9,1.0,699.0,916.75,RAKSHAK,SAFE,two_wheeler,Zepto
1,0,0,1,1,36152.49875755818,6.2843435029562675,0,3,7,0.85,0.9,1.0,699.0,908.05,RAKSHAK,SAFE,two_wheeler,Blinkit
2,0,0,3,0,38677.44512029333,9.316635424072318,0,2,10,0.85,0.9,0.9,999.0,1159.68,SURAKSHA,SAFE,two_wheeler,Zepto
0,2,1,2,0,32561.055430118693,9.816099637597791,2,2,9,1.25,1.0,0.95,399.0,827.98,SAATHI,HIGH,bicycle,Zepto
2,0,1,1,0,13124.137560804731,5.333964549007493,0,1,8,0.85,1.0,1.0,999.0,998.88,SURAKSHA,SAFE,two_wheeler,Swiggy
0,0,0,3,0,38542.90566903906,5.077271412993482,3,2,0,0.85,0.9,0.9,399.0,503.56,SAATHI,SAFE,ev_two_wheeler,Zepto
0,1,0,3,0,29379.830337381652,4.633812303047359,3,2,4,1.0,0.9,0.9,399.0,505.95,SAATHI,MODERATE,ev_two_wheeler,Zepto
1,1,0,1,0,18277.33956750317,8.973812922471055,1,0,18,1.0,0.9,1.0,699.0,1061.18,RAKSHAK,MODERATE,three_wheeler,Zomato
1,0,2,1,0,34150.40020278483,6.8393427229176575,2,2,1,0.85,1.15,1.0,699.0,820.59,RAKSHAK,SAFE,bicycle,Zepto
2,0,0,1,0,18888.986333998437,11.018241850810934,0,1,19,0.85,0.9,1.0,999.0,1181.59,SURAKSHA,SAFE,two_wheeler,Swiggy
1,0,0,1,0,27059.191815548962,8.728191905562575,0,2,0,0.85,0.9,1.0,699.0,768.4,RAKSHAK,SAFE,two_wheeler,Zepto
1,2,0,3,0,34833.2226424729,7.403931307612346,3,2,24,1.25,0.9,0.9,699.0,1209.69,RAKSHAK,HIGH,ev_two_wheeler,Zepto
0,2,1,3,0,30396.02482568335,10.056990591817677,0,3,19,1.25,1.0,0.9,399.0,967.67,SAATHI,HIGH,two_wheeler,Blinkit
1,0,1,2,0,26456.86372651276,7.558634060783672,0,0,24,0.85,1.0,0.95,699.0,1067.12,RAKSHAK,SAFE,two_wheeler,Zomato
0,0,2,2,0,26648.369768035125,5.722150192262879,0,1,20,0.85,1.15,0.95,399.0,792.0,SAATHI,SAFE,two_wheeler,Swiggy
0,1,2,2,0,28037.091258948552,4.730621154922659,0,0,13,1.0,1.15,0.95,399.0,738.6,SAATHI,MODERATE,two_wheeler,Zomato
1,1,1,1,0,30862.54775701616,11.15761488819347,0,1,15,1.0,1.0,1.0,699.0,1262.29,RAKSHAK,MODERATE,two_wheeler,Swiggy
2,0,2,2,1,21911.875947250668,8.434912326627279,0,0,0,0.85,1.15,0.95,999.0,1196.22,SURAKSHA,SAFE,two_wheeler,Zomato
1,0,1,3,0,29999.063271712086,4.824297047800804,2,2,12,0.85,1.0,0.9,699.0,764.34,RAKSHAK,SAFE,bicycle,Zepto
1,1,0,2,1,14509.767254983177,9.464399184236507,0,3,18,1.0,0.9,0.95,699.0,1053.17,RAKSHAK,MODERATE,two_wheeler,Blinkit
2,1,1,1,0,15833.239359526997,6.28670515731143,0,1,15,1.0,1.0,1.0,999.0,1260.83,SURAKSHA,MODERATE,two_wheeler,Swiggy
0,1,0,1,0,12173.122626984425,7.951898123441123,1,2,17,1.0,0.9,1.0,399.0,716.37,SAATHI,MODERATE,three_wheeler,Zepto
1,0,0,1,0,18238.591587207986,11.954397070432309,0,2,19,0.85,0.9,1.0,699.0,1005.98,RAKSHAK,SAFE,two_wheeler,Zepto
1,1,0,2,1,22813.234435345003,4.489439047347252,0,2,6,1.0,0.9,0.95,699.0,859.03,RAKSHAK,MODERATE,two_wheeler,Zepto
1,2,2,1,0,38092.73189141993,5.161693493717364,1,2,20,1.25,1.15,1.0,699.0,1557.72,RAKSHAK,HIGH,three_wheeler,Zepto
1,0,0,1,1,29113.84227883519,10.291558585555386,0,1,7,0.85,0.9,1.0,699.0,964.65,RAKSHAK,SAFE,two_wheeler,Swiggy
1,0,1,2,1,37151.63460579149,11.767872463014964,0,0,1,0.85,1.0,0.95,699.0,1018.66,RAKSHAK,SAFE,two_wheeler,Zomato
1,0,0,1,0,17265.36508811344,4.032484690295005,2,2,12,0.85,0.9,1.0,699.0,649.49,RAKSHAK,SAFE,bicycle,Zepto
1,0,1,1,0,18224.909857998337,5.70340760386081,0,2,7,0.85,1.0,1.0,699.0,807.4,RAKSHAK,SAFE,two_wheeler,Zepto
0,0,0,2,0,24803.302528570977,5.18899304375924,0,3,15,0.85,0.9,0.95,399.0,614.16,SAATHI,SAFE,two_wheeler,Blinkit
0,1,0,2,0,38811.19160851804,7.0187876531185,0,3,4,1.0,0.9,0.95,399.0,656.23,SAATHI,MODERATE,two_wheeler,Blinkit
1,1,0,1,0,33043.485577772735,5.907389603962844,2,0,17,1.0,0.9,1.0,699.0,916.34,RAKSHAK,MODERATE,bicycle,Zomato
0,1,0,2,0,38586.598533000804,8.826511235567374,3,1,1,1.0,0.9,0.95,399.0,679.18,SAATHI,MODERATE,ev_two_wheeler,Swiggy
0,1,1,1,0,16719.67081757421,4.944774055733427,0,2,3,1.0,1.0,1.0,399.0,509.38,SAATHI,MODERATE,two_wheeler,Zepto
1,0,0,2,0,36792.3437583022,5.863316487112267,0,1,21,0.85,0.9,0.95,699.0,991.16,RAKSHAK,SAFE,two_wheeler,Swiggy
0,0,1,1,1,34676.684399759906,10.009229629164627,0,3,0,0.85,1.0,1.0,399.0,731.66,SAATHI,SAFE,two_wheeler,Blinkit
1,1,0,2,0,23878.642868267656,7.9393815151887575,2,2,2,1.0,0.9,0.95,699.0,742.97,RAKSHAK,MODERATE,bicycle,Zepto
2,1,0,2,0,15389.365732825483,5.772873505913207,0,2,8,1.0,0.9,0.95,999.0,1004.8,SURAKSHA,MODERATE,two_wheeler,Zepto
0,0,1,1,0,27319.116952671866,7.574249304251024,0,1,9,0.85,1.0,1.0,399.0,653.26,SAATHI,SAFE,two_wheeler,Swiggy
0,1,1,3,1,28843.737927013208,10.025501630785392,0,3,17,1.0,1.0,0.9,399.0,843.25,SAATHI,MODERATE,two_wheeler,Blinkit
1,1,0,2,0,19907.321207684203,8.672309262612973,0,2,6,1.0,0.9,0.95,699.0,820.0,RAKSHAK,MODERATE,two_wheeler,Zepto
2,1,1,1,0,37137.67391114143,7.211608060898976,0,0,9,1.0,1.0,1.0,999.0,1395.64,SURAKSHA,MODERATE,two_wheeler,Zomato
2,2,1,1,0,29087.236745326474,5.35997037398401,0,0,15,1.25,1.0,1.0,999.0,1598.3,SURAKSHA,HIGH,two_wheeler,Zomato
0,0,0,1,0,32506.301204124837,9.54740641679677,1,0,4,0.85,0.9,1.0,399.0,711.16,SAATHI,SAFE,three_wheeler,Zomato
1,0,1,1,0,32178.93805459051,9.246675100939242,0,2,15,0.85,1.0,1.0,699.0,1030.71,RAKSHAK,SAFE,two_wheeler,Zepto
1,1,0,3,0,27833.21968340701,5.807621686826031,3,0,20,1.0,0.9,0.9,699.0,968.72,RAKSHAK,MODERATE,ev_two_wheeler,Zomato
2,1,1,1,0,35036.05398684472,4.917259972196725,3,1,13,1.0,1.0,1.0,999.0,1329.27,SURAKSHA,MODERATE,ev_two_wheeler,Swiggy
0,2,0,1,0,19495.888301307692,4.423646403610596,0,3,24,1.25,0.9,1.0,399.0,766.42,SAATHI,HIGH,two_wheeler,Blinkit
1,1,1,1,0,13082.530801008676,7.96195547483406,0,3,18,1.0,1.0,1.0,699.0,1019.26,RAKSHAK,MODERATE,two_wheeler,Blinkit
1,2,0,1,0,39346.49784188398,7.593478147135776,0,2,1,1.25,0.9,1.0,699.0,1123.87,RAKSHAK,HIGH,two_wheeler,Zepto
1,0,0,2,0,22608.706627434574,7.102532340887449,0,3,22,0.85,0.9,0.95,699.0,952.99,RAKSHAK,SAFE,two_wheeler,Blinkit
0,2,2,1,0,15847.633995141108,4.523851054641753,0,2,11,1.25,1.15,1.0,399.0,761.26,SAATHI,HIGH,two_wheeler,Zepto
0,0,0,2,0,19807.814842429412,10.900594832491654,0,3,10,0.85,0.9,0.95,399.0,632.21,SAATHI,SAFE,two_wheeler,Blinkit
0,2,0,3,0,31424.329720948383,11.171882181139972,2,3,8,1.25,0.9,0.9,399.0,664.86,SAATHI,HIGH,bicycle,Blinkit
1,1,0,3,0,27142.737982346116,4.790969240429208,0,2,22,1.0,0.9,0.9,699.0,978.04,RAKSHAK,MODERATE,two_wheeler,Zepto
1,2,0,1,0,18439.709172160467,8.944724985319922,0,0,19,1.25,0.9,1.0,699.0,1191.11,RAKSHAK,HIGH,two_wheeler,Zomato
1,2,0,2,0,25300.469195815727,7.107709140887972,0,1,24,1.25,0.9,0.95,699.0,1201.8,RAKSHAK,HIGH,two_wheeler,Swiggy
0,0,1,1,0,36982.4640785684,9.600272327718844,0,1,1,0.85,1.0,1.0,399.0,655.42,SAATHI,SAFE,two_wheeler,Swiggy
2,0,0,3,0,19441.66239088819,8.119902837822664,0,1,0,0.85,0.9,0.9,999.0,798.04,SURAKSHA,SAFE,two_wheeler,Swiggy
1,1,2,3,1,17115.96605977195,8.751009802921768,3,3,23,1.0,1.15,0.9,699.0,1149.98,RAKSHAK,MODERATE,ev_two_wheeler,Blinkit
0,0,0,2,0,38354.205782668134,9.914689567168008,3,0,12,0.85,0.9,0.95,399.0,816.72,SAATHI,SAFE,ev_two_wheeler,Zomato
0,0,0,1,1,17184.926287661656,8.438737522972865,0,1,16,0.85,0.9,1.0,399.0,719.62,SAATHI,SAFE,two_wheeler,Swiggy
1,0,2,3,0,35802.35259725781,11.586909848171842,0,1,8,0.85,1.15,0.9,699.0,1070.7,RAKSHAK,SAFE,two_wheeler,Swiggy
0,1,2,1,0,34192.55192550324,7.9528033260675155,0,1,0,1.0,1.15,1.0,399.0,702.45,SAATHI,MODERATE,two_wheeler,Swiggy
1,1,2,1,0,16310.907834923933,9.52578315383175,0,0,18,1.0,1.15,1.0,699.0,1144.52,RAKSHAK,MODERATE,two_wheeler,Zomato
1,1,0,2,0,30521.349527976035,11.190488744219373,3,1,22,1.0,0.9,0.95,699.0,1155.5,RAKSHAK,MODERATE,ev_two_wheeler,Swiggy
2,0,0,2,0,13592.848273972173,4.537262259062571,0,2,14,0.85,0.9,0.95,999.0,940.59,SURAKSHA,SAFE,two_wheeler,Zepto
1,0,1,2,1,16572.167095931654,11.452801010752358,0,0,24,0.85,1.0,0.95,699.0,1095.59,RAKSHAK,SAFE,two_wheeler,Zomato
1,0,1,1,0,34839.414562845035,10.511638270413783,0,2,22,0.85,1.0,1.0,699.0,1207.8,RAKSHAK,SAFE,two_wheeler,Zepto
0,1,0,1,0,25304.121044392712,7.373453174823155,0,1,12,1.0,0.9,1.0,399.0,658.04,SAATHI,MODERATE,two_wheeler,Swiggy
1,1,0,1,0,38619.094230598304,4.870883573173241,0,2,12,1.0,0.9,1.0,699.0,1054.63,RAKSHAK,MODERATE,two_wheeler,Zepto
1,2,0,2,1,31876.71528573681,7.559200398564304,3,2,15,1.25,0.9,0.95,699.0,1217.72,RAKSHAK,HIGH,ev_two_wheeler,Zepto
1,1,0,1,0,36002.71763678116,5.640652673168599,0,1,4,1.0,0.9,1.0,699.0,960.0,RAKSHAK,MODERATE,two_wheeler,Swiggy
1,0,0,1,1,12331.31940463362,4.4905678626805425,0,1,20,0.85,0.9,1.0,699.0,902.76,RAKSHAK,SAFE,two_wheeler,Swiggy
0,0,0,3,0,37598.47853763655,7.926457995621623,0,0,7,0.85,0.9,0.9,399.0,633.99,SAATHI,SAFE,two_wheeler,Zomato
0,2,0,2,0,26404.499987788673,8.555934708160077,0,0,24,1.25,0.9,0.95,399.0,970.62,SAATHI,HIGH,two_wheeler,Zomato
1,2,1,1,0,19861.054620897554,8.056023923969375,0,0,10,1.25,1.0,1.0,699.0,1158.44,RAKSHAK,HIGH,two_wheeler,Zomato
0,0,2,1,1,31671.346255505756,10.192026503278077,3,2,15,0.85,1.15,1.0,399.0,925.35,SAATHI,SAFE,ev_two_wheeler,Zepto
1,0,2,2,0,16260.780051167629,8.12475044203482,0,2,3,0.85,1.15,0.95,699.0,810.84,RAKSHAK,SAFE,two_wheeler,Zepto
1,1,0,2,0,17426.518789101643,5.572692700655682,0,3,6,1.0,0.9,0.95,699.0,776.36,RAKSHAK,MODERATE,two_wheeler,Blinkit
1,0,1,3,0,14662.706741775191,5.095356423084879,0,2,9,0.85,1.0,0.9,699.0,712.13,RAKSHAK,SAFE,two_wheeler,Zepto
1,0,0,1,0,29204.14233538267,7.841387534876716,0,0,14,0.85,0.9,1.0,699.0,935.57,RAKSHAK,SAFE,two_wheeler,Zomato
1,0,0,1,0,23505.257651680462,4.184716981457607,0,3,5,0.85,0.9,1.0,699.0,702.52,RAKSHAK,SAFE,two_wheeler,Blinkit
0,0,2,1,0,22353.07022324478,9.908456325068453,3,1,4,0.85,1.15,1.0,399.0,579.31,SAATHI,SAFE,ev_two_wheeler,Swiggy
0,0,1,1,0,32721.483906921978,10.64260544475761,1,1,3,0.85,1.0,1.0,399.0,780.21,SAATHI,SAFE,three_wheeler,Swiggy
1,0,2,1,1,19238.850115496247,4.821786989494816,0,1,2,0.85,1.15,1.0,699.0,838.95,RAKSHAK,SAFE,two_wheeler,Swiggy
1,2,0,2,0,27885.5180279302,7.432582139640026,0,2,18,1.25,0.9,0.95,699.0,1189.17,RAKSHAK,HIGH,two_wheeler,Zepto
0,0,0,1,0,35865.20294159239,5.58085265112687,0,2,3,0.85,0.9,1.0,399.0,591.27,SAATHI,SAFE,two_wheeler,Zepto
0,1,0,2,0,29671.83309381836,4.985970689436094,0,1,1,1.0,0.9,0.95,399.0,536.52,SAATHI,MODERATE,two_wheeler,Swiggy
2,1,0,2,1,37426.083270828545,10.508892122768934,0,1,13,1.0,0.9,0.95,999.0,1452.01,SURAKSHA,MODERATE,two_wheeler,Swiggy
0,1,1,1,0,30536.267809193305,8.412822927872751,0,3,22,1.0,1.0,1.0,399.0,878.25,SAATHI,MODERATE,two_wheeler,Blinkit
0,1,2,1,0,32811.79124968144,7.650308788416005,0,0,12,1.0,1.15,1.0,399.0,794.75,SAATHI,MODERATE,two_wheeler,Zomato
0,0,0,2,0,28043.811791090226,11.974603494489923,0,2,2,0.85,0.9,0.95,399.0,592.54,SAATHI,SAFE,two_wheeler,Zepto
2,0,1,3,0,18376.007078440784,7.748129821629207,0,3,6,0.85,1.0,0.9,999.0,956.24,SURAKSHA,SAFE,two_wheeler,Blinkit
2,1,0,3,0,35918.06876798296,11.986361393455251,1,1,11,1.0,0.9,0.9,999.0,1356.29,SURAKSHA,MODERATE,three_wheeler,Swiggy
1,0,1,1,0,23076.18161149147,7.812957105211587,0,0,9,0.85,1.0,1.0,699.0,907.21,RAKSHAK,SAFE,two_wheeler,Zomato
1,0,0,2,0,34112.44816691399,11.37232754557419,0,0,10,0.85,0.9,0.95,699.0,945.29,RAKSHAK,SAFE,two_wheeler,Zomato
0,0,1,2,0,31439.759278229896,11.530319603154215,3,2,6,0.85,1.0,0.95,399.0,689.01,SAATHI,SAFE,ev_two_wheeler,Zepto
2,0,0,1,0,37289.78670164211,4.167863970290425,0,2,1,0.85,0.9,1.0,999.0,1014.3,SURAKSHA,SAFE,two_wheeler,Zepto
1,0,0,1,0,12519.55509395609,8.878493263829613,3,1,22,0.85,0.9,1.0,699.0,869.71,RAKSHAK,SAFE,ev_two_wheeler,Swiggy
1,2,2,2,0,22295.306631017887,10.255954284088482,0,2,22,1.25,1.15,0.95,699.0,1485.89,RAKSHAK,HIGH,two_wheeler,Zepto
1,0,1,2,0,15636.999136365152,10.725452068940658,0,1,0,0.85,1.0,0.95,699.0,772.06,RAKSHAK,SAFE,two_wheeler,Swiggy
1,1,0,2,0,23038.775659377658,6.453391773504609,0,0,16,1.0,0.9,0.95,699.0,961.41,RAKSHAK,MODERATE,two_wheeler,Zomato
2,2,1,2,0,22312.862157531512,11.07930765769595,0,1,16,1.25,1.0,0.95,999.0,1631.56,SURAKSHA,HIGH,two_wheeler,Swiggy
0,0,0,1,0,27094.492145790227,10.374182884558763,0,2,24,0.85,0.9,1.0,399.0,851.9,SAATHI,SAFE,two_wheeler,Zepto
0,2,0,2,0,32547.243343800765,8.31272116017798,0,1,22,1.25,0.9,0.95,399.0,968.85,SAATHI,HIGH,two_wheeler,Swiggy
1,0,0,2,0,32679.396482363063,7.834818313726666,0,1,10,0.85,0.9,0.95,699.0,863.93,RAKSHAK,SAFE,two_wheeler,Swiggy
1,0,2,1,0,32379.118736870427,8.974848683876607,0,0,24,0.85,1.15,1.0,699.0,1232.46,RAKSHAK,SAFE,two_wheeler,Zomato
1,1,0,2,1,19622.12642351372,6.736614367768566,0,2,21,1.0,0.9,0.95,699.0,1041.68,RAKSHAK,MODERATE,two_wheeler,Zepto
0,0,2,3,0,17825.306319455536,11.009118277472059,0,2,6,0.85,1.15,0.9,399.0,617.72,SAATHI,SAFE,two_wheeler,Zepto
0,1,0,3,0,38087.067877387046,10.679960177638574,0,2,21,1.0,0.9,0.9,399.0,951.97,SAATHI,MODERATE,two_wheeler,Zepto
2,1,0,1,0,13005.997021563999,7.862679211213547,0,3,6,1.0,0.9,1.0,999.0,1098.69,SURAKSHA,MODERATE,two_wheeler,Blinkit
1,1,2,3,1,14376.54885485203,6.665465243968215,3,3,19,1.0,1.15,0.9,699.0,1107.09,RAKSHAK,MODERATE,ev_two_wheeler,Blinkit
0,2,0,1,1,32863.9633557734,4.471012824123298,0,1,2,1.25,0.9,1.0,399.0,694.15,SAATHI,HIGH,two_wheeler,Swiggy
1,0,0,3,0,32638.995451292492,10.35196248695426,3,2,3,0.85,0.9,0.9,699.0,755.76,RAKSHAK,SAFE,ev_two_wheeler,Zepto
2,2,1,3,0,19428.2509163722,11.354369722631242,3,3,1,1.25,1.0,0.9,999.0,1332.36,SURAKSHA,HIGH,ev_two_wheeler,Blinkit
1,1,0,1,1,21775.33956403905,10.144651256348297,0,1,20,1.0,0.9,1.0,699.0,1151.29,RAKSHAK,MODERATE,two_wheeler,Swiggy
0,2,1,3,1,24145.590282932622,7.8860889643932,0,3,23,1.25,1.0,0.9,399.0,994.34,SAATHI,HIGH,two_wheeler,Blinkit
0,0,0,2,0,17409.603569394967,4.252781838540667,0,3,1,0.85,0.9,0.95,399.0,347.39,SAATHI,SAFE,two_wheeler,Blinkit
0,1,1,1,1,35091.09275666808,4.628147117609619,0,3,23,1.0,1.0,1.0,399.0,923.16,SAATHI,MODERATE,two_wheeler,Blinkit
0,1,1,2,0,32471.022900108674,5.901262492217104,3,3,20,1.0,1.0,0.95,399.0,839.17,SAATHI,MODERATE,ev_two_wheeler,Blinkit
0,0,0,3,0,20660.61463358833,9.814048459185887,0,3,20,0.85,0.9,0.9,399.0,775.75,SAATHI,SAFE,two_wheeler,Blinkit
1,1,1,2,1,24111.80597951608,5.331456613299657,0,1,20,1.0,1.0,0.95,699.0,1116.76,RAKSHAK,MODERATE,two_wheeler,Swiggy
1,1,1,1,0,32760.318657239535,4.3204845060846635,0,1,13,1.0,1.0,1.0,699.0,1028.11,RAKSHAK,MODERATE,two_wheeler,Swiggy
2,1,0,1,0,31316.696303380293,8.542088978381816,0,3,5,1.0,0.9,1.0,999.0,1266.92,SURAKSHA,MODERATE,two_wheeler,Blinkit
2,1,0,3,0,13063.502186885466,5.667889653942316,1,2,14,1.0,0.9,0.9,999.0,1093.65,SURAKSHA,MODERATE,three_wheeler,Zepto
0,1,0,2,0,18729.03751777227,8.597673622940603,0,0,13,1.0,0.9,0.95,399.0,721.75,SAATHI,MODERATE,two_wheeler,Zomato
1,1,0,3,0,39725.55773294601,10.554958543474868,0,1,24,1.0,0.9,0.9,699.0,1235.61,RAKSHAK,MODERATE,two_wheeler,Swiggy
1,0,0,1,0,28052.78484800262,9.508796165403961,0,3,12,0.85,0.9,1.0,699.0,921.26,RAKSHAK,SAFE,two_wheeler,Blinkit
0,0,1,1,0,35288.1913678377,10.820979499808935,0,0,23,0.85,1.0,1.0,399.0,970.11,SAATHI,SAFE,two_wheeler,Zomato
1,0,0,2,0,20935.90643495741,4.837641254899372,0,0,3,0.85,0.9,0.95,699.0,622.05,RAKSHAK,SAFE,two_wheeler,Zomato
0,0,0,1,0,37941.782058284356,10.524968246203928,0,3,17,0.85,0.9,1.0,399.0,866.68,SAATHI,SAFE,two_wheeler,Blinkit
0,0,1,3,0,31147.04476869809,10.899505147023971,0,3,11,0.85,1.0,0.9,399.0,721.85,SAATHI,SAFE,two_wheeler,Blinkit
1,1,0,1,1,27359.091777993286,10.302665505483974,0,0,7,1.0,0.9,1.0,699.0,1030.84,RAKSHAK,MODERATE,two_wheeler,Zomato
1,0,1,1,0,27274.959744313222,9.532776912816079,0,0,10,0.85,1.0,1.0,699.0,963.78,RAKSHAK,SAFE,two_wheeler,Zomato
0,1,0,1,0,14514.941896910052,7.23205298464162,3,0,2,1.0,0.9,1.0,399.0,400.81,SAATHI,MODERATE,ev_two_wheeler,Zomato
1,2,1,1,0,27442.90970125662,10.494932960720542,0,2,19,1.25,1.0,1.0,699.0,1350.77,RAKSHAK,HIGH,two_wheeler,Zepto
0,2,0,3,0,32694.880009044984,6.387479505740605,0,0,17,1.25,0.9,0.9,399.0,834.76,SAATHI,HIGH,two_wheeler,Zomato
0,2,1,2,0,34330.407668953354,6.711405735757677,2,3,13,1.25,1.0,0.95,399.0,807.17,SAATHI,HIGH,bicycle,Blinkit
1,0,2,1,0,20785.475336076277,9.262777911370868,0,2,11,0.85,1.15,1.0,699.0,1047.71,RAKSHAK,SAFE,two_wheeler,Zepto
1,2,0,1,0,29163.604137783277,7.745471168230137,0,2,16,1.25,0.9,1.0,699.0,1214.83,RAKSHAK,HIGH,two_wheeler,Zepto
1,1,0,2,0,24213.845398233447,6.050028913554684,3,1,18,1.0,0.9,0.95,699.0,942.66,RAKSHAK,MODERATE,ev_two_wheeler,Swiggy
0,1,0,2,0,37557.23049450868,8.869378764798508,0,0,24,1.0,0.9,0.95,399.0,932.28,SAATHI,MODERATE,two_wheeler,Zomato
0,2,0,1,0,29800.687296748536,5.082397100102679,0,1,11,1.25,0.9,1.0,399.0,768.91,SAATHI,HIGH,two_wheeler,Swiggy
1,1,0,2,0,12291.962365337287,5.63754263666385,0,0,3,1.0,0.9,0.95,699.0,714.41,RAKSHAK,MODERATE,two_wheeler,Zomato
0,1,2,2,0,14337.330931519024,4.322687900262017,1,1,15,1.0,1.15,0.95,399.0,669.81,SAATHI,MODERATE,three_wheeler,Swiggy
2,0,0,1,1,27790.491591528575,9.19276218909937,2,2,12,0.85,0.9,1.0,999.0,1097.82,SURAKSHA,SAFE,bicycle,Zepto
2,0,0,1,1,24435.230346475284,10.120810801360106,0,3,0,0.85,0.9,1.0,999.0,1091.28,SURAKSHA,SAFE,two_wheeler,Blinkit
1,2,1,3,0,37323.33730932455,11.27576855412146,0,1,20,1.25,1.0,0.9,699.0,1378.39,RAKSHAK,HIGH,two_wheeler,Swiggy
1,0,1,1,0,26226.064448909907,4.802515924556908,0,1,15,0.85,1.0,1.0,699.0,953.04,RAKSHAK,SAFE,two_wheeler,Swiggy
1,1,0,2,1,21069.986283841554,11.203293104708946,0,2,22,1.0,0.9,0.95,699.0,1128.92,RAKSHAK,MODERATE,two_wheeler,Zepto
1,0,0,2,0,33043.29660826697,4.635756026812844,0,1,2,0.85,0.9,0.95,699.0,746.07,RAKSHAK,SAFE,two_wheeler,Swiggy
1,1,0,3,0,20837.181528594178,11.362628613016309,0,3,8,1.0,0.9,0.9,699.0,867.19,RAKSHAK,MODERATE,two_wheeler,Blinkit
0,0,2,2,0,33362.41335682441,5.224678550731266,0,1,24,0.85,1.15,0.95,399.0,829.47,SAATHI,SAFE,two_wheeler,Swiggy
1,1,2,2,0,12773.249603343564,10.483418952518546,0,2,4,1.0,1.15,0.95,699.0,974.75,RAKSHAK,MODERATE,two_wheeler,Zepto
1,1,2,2,0,17692.56718808231,8.207656794144325,0,0,4,1.0,1.15,0.95,699.0,931.41,RAKSHAK,MODERATE,two_wheeler,Zomato
1,1,0,3,0,30800.622936352258,5.897475692378112,0,0,20,1.0,0.9,0.9,699.0,1047.46,RAKSHAK,MODERATE,two_wheeler,Zomato
1,2,0,3,0,16182.625401859139,7.214956125193991,3,3,0,1.25,0.9,0.9,699.0,788.1,RAKSHAK,HIGH,ev_two_wheeler,Blinkit
1,2,0,1,0,30830.318340327365,4.354658006418251,2,2,21,1.25,0.9,1.0,699.0,1141.75,RAKSHAK,HIGH,bicycle,Zepto
0,1,0,1,1,20201.358913534066,9.849048871715388,3,3,22,1.0,0.9,1.0,399.0,866.65,SAATHI,MODERATE,ev_two_wheeler,Blinkit
1,0,1,1,0,17341.88396256378,5.959658911947598,0,2,9,0.85,1.0,1.0,699.0,813.91,RAKSHAK,SAFE,two_wheeler,Zepto
1,1,0,1,1,18840.84497512311,11.240796970141142,0,0,15,1.0,0.9,1.0,699.0,1078.7,RAKSHAK,MODERATE,two_wheeler,Zomato
1,0,0,1,1,26692.41929202668,10.935547967534951,3,0,13,0.85,0.9,1.0,699.0,1015.85,RAKSHAK,SAFE,ev_two_wheeler,Zomato
0,1,0,2,0,32054.239100325278,9.249867458349055,0,0,10,1.0,0.9,0.95,399.0,726.03,SAATHI,MODERATE,two_wheeler,Zomato
2,1,0,1,0,25066.082421038514,11.957034303932428,0,3,14,1.0,0.9,1.0,999.0,1355.35,SURAKSHA,MODERATE,two_wheeler,Blinkit
1,1,0,1,0,19812.56496772207,5.154419859294825,1,3,22,1.0,0.9,1.0,699.0,1086.55,RAKSHAK,MODERATE,three_wheeler,Blinkit
1,1,0,3,0,37841.97742487112,5.661840657614225,0,2,14,1.0,0.9,0.9,699.0,1007.45,RAKSHAK,MODERATE,two_wheeler,Zepto
0,0,0,3,0,18159.445737149083,8.864809494816733,0,0,15,0.85,0.9,0.9,399.0,601.79,SAATHI,SAFE,two_wheeler,Zomato
2,1,0,1,0,35761.04519149751,6.586560829989127,0,3,13,1.0,0.9,1.0,999.0,1242.46,SURAKSHA,MODERATE,two_wheeler,Blinkit
1,0,0,3,1,35816.81535244359,10.427388552785303,1,3,7,0.85,0.9,0.9,699.0,1060.34,RAKSHAK,SAFE,three_wheeler,Blinkit
2,0,0,2,0,19298.446356528722,11.65206996987796,0,1,2,0.85,0.9,0.95,999.0,961.16,SURAKSHA,SAFE,two_wheeler,Swiggy
1,1,0,1,0,35601.69233690673,8.198031509008299,2,0,1,1.0,0.9,1.0,699.0,803.55,RAKSHAK,MODERATE,bicycle,Zomato
1,1,1,3,1,20514.088487277837,9.285882940997855,3,2,16,1.0,1.0,0.9,699.0,1057.91,RAKSHAK,MODERATE,ev_two_wheeler,Zepto
1,0,1,2,0,32206.43938555641,8.944406466682977,2,2,14,0.85,1.0,0.95,699.0,932.46,RAKSHAK,SAFE,bicycle,Zepto
2,0,0,1,0,36133.47855252262,6.64681443898116,0,2,1,0.85,0.9,1.0,999.0,1016.25,SURAKSHA,SAFE,two_wheeler,Zepto
1,1,1,1,0,21610.44489909144,10.533429914207387,0,3,8,1.0,1.0,1.0,699.0,1029.04,RAKSHAK,MODERATE,two_wheeler,Blinkit
2,0,0,3,1,34367.812885617765,11.854236826223914,0,1,13,0.85,0.9,0.9,999.0,1267.7,SURAKSHA,SAFE,two_wheeler,Swiggy
1,2,0,1,0,35730.8960969365,10.895734049256864,0,0,17,1.25,0.9,1.0,699.0,1376.66,RAKSHAK,HIGH,two_wheeler,Zomato
1,2,2,1,0,21208.09771085896,9.302700802325838,0,1,19,1.25,1.15,1.0,699.0,1418.16,RAKSHAK,HIGH,two_wheeler,Swiggy
1,1,0,1,0,13417.103541200857,8.427879628674624,3,1,18,1.0,0.9,1.0,699.0,909.81,RAKSHAK,MODERATE,ev_two_wheeler,Swiggy
2,1,0,2,0,18772.34981118613,7.447766740042263,2,0,21,1.0,0.9,0.95,999.0,1151.3,SURAKSHA,MODERATE,bicycle,Zomato
0,2,0,2,1,28655.25056605163,10.275691735147033,0,1,4,1.25,0.9,0.95,399.0,851.49,SAATHI,HIGH,two_wheeler,Swiggy
0,2,0,2,1,30223.474047433385,5.153280483106957,0,0,0,1.25,0.9,0.95,399.0,682.64,SAATHI,HIGH,two_wheeler,Zomato
0,0,1,2,1,15216.726550206089,8.645798929142446,0,3,24,0.85,1.0,0.95,399.0,798.22,SAATHI,SAFE,two_wheeler,Blinkit
1,0,0,3,1,19177.56839372322,4.449052704168579,0,1,4,0.85,0.9,0.9,699.0,663.01,RAKSHAK,SAFE,two_wheeler,Swiggy
0,1,0,1,0,19330.12003087581,5.007822886553346,0,3,8,1.0,0.9,1.0,399.0,539.03,SAATHI,MODERATE,two_wheeler,Blinkit
2,1,0,1,0,26541.187263430682,6.503266664469094,0,0,13,1.0,0.9,1.0,999.0,1194.6,SURAKSHA,MODERATE,two_wheeler,Zomato
0,2,0,2,0,16245.045475588759,5.96006929525949,0,0,10,1.25,0.9,0.95,399.0,684.55,SAATHI,HIGH,two_wheeler,Zomato
2,1,0,1,0,30904.183744571284,5.944459524837663,0,0,3,1.0,0.9,1.0,999.0,1162.43,SURAKSHA,MODERATE,two_wheeler,Zomato
1,1,0,3,0,12934.813113675871,7.227444950260442,0,2,1,1.0,0.9,0.9,699.0,677.55,RAKSHAK,MODERATE,two_wheeler,Zepto
0,0,0,2,0,17321.058806564502,10.181349878913359,2,0,18,0.85,0.9,0.95,399.0,572.02,SAATHI,SAFE,bicycle,Zomato
2,2,1,2,0,28669.47540222586,11.24325171886742,0,3,17,1.25,1.0,0.95,999.0,1700.98,SURAKSHA,HIGH,two_wheeler,Blinkit
0,0,0,1,0,25943.723577133518,8.337565159088589,0,1,0,0.85,0.9,1.0,399.0,502.06,SAATHI,SAFE,two_wheeler,Swiggy
1,1,0,1,0,25749.077155467432,11.374931484120207,0,3,0,1.0,0.9,1.0,699.0,901.7,RAKSHAK,MODERATE,two_wheeler,Blinkit
2,1,0,2,0,32642.90167418857,9.519303780452306,0,0,18,1.0,0.9,0.95,999.0,1354.57,SURAKSHA,MODERATE,two_wheeler,Zomato
1,0,0,1,1,28086.935215534177,9.941627505221453,2,3,5,0.85,0.9,1.0,699.0,814.55,RAKSHAK,SAFE,bicycle,Blinkit
1,1,0,1,0,23078.80177983123,6.3715720903199005,0,0,16,1.0,0.9,1.0,699.0,941.25,RAKSHAK,MODERATE,two_wheeler,Zomato
1,1,2,3,0,24778.79368884052,4.002291795143282,3,3,5,1.0,1.15,0.9,699.0,878.92,RAKSHAK,MODERATE,ev_two_wheeler,Blinkit
0,1,0,1,0,28379.831398686256,7.876333848178152,0,2,1,1.0,0.9,1.0,399.0,594.72,SAATHI,MODERATE,two_wheeler,Zepto
2,1,2,1,1,31646.37832485563,10.129380714377447,2,1,5,1.0,1.15,1.0,999.0,1467.57,SURAKSHA,MODERATE,bicycle,Swiggy
0,2,0,1,0,31719.37203096968,6.863742604477324,0,0,21,1.25,0.9,1.0,399.0,896.75,SAATHI,HIGH,two_wheeler,Zomato
1,1,0,2,0,20991.89313109922,5.975750783761698,0,1,3,1.0,0.9,0.95,699.0,783.92,RAKSHAK,MODERATE,two_wheeler,Swiggy
0,1,0,1,1,34690.77423061775,9.553242985004466,0,0,5,1.0,0.9,1.0,399.0,812.33,SAATHI,MODERATE,two_wheeler,Zomato
0,0,0,2,0,14374.344454897706,10.869163737299871,0,2,9,0.85,0.9,0.95,399.0,612.82,SAATHI,SAFE,two_wheeler,Zepto
1,0,0,2,0,19872.242095610083,11.885287659654434,0,0,23,0.85,0.9,0.95,699.0,1010.32,RAKSHAK,SAFE,two_wheeler,Zomato
0,0,0,2,1,15011.295334732227,5.551841696848044,0,1,18,0.85,0.9,0.95,399.0,664.61,SAATHI,SAFE,two_wheeler,Swiggy
0,0,0,2,0,25242.372179168015,4.398498398425637,3,2,4,0.85,0.9,0.95,399.0,406.67,SAATHI,SAFE,ev_two_wheeler,Zepto
1,2,1,3,0,35402.21317218084,8.861771234095754,0,1,16,1.25,1.0,0.9,699.0,1268.72,RAKSHAK,HIGH,two_wheeler,Swiggy
1,0,0,2,1,13102.062939565247,8.535902659514804,0,2,16,0.85,0.9,0.95,699.0,857.71,RAKSHAK,SAFE,two_wheeler,Zepto
0,0,1,3,0,13358.726644147406,5.506242791178576,0,1,10,0.85,1.0,0.9,399.0,438.0,SAATHI,SAFE,two_wheeler,Swiggy
1,0,0,1,0,30045.384727436736,11.497516391006837,1,3,11,0.85,0.9,1.0,699.0,1030.06,RAKSHAK,SAFE,three_wheeler,Blinkit
1,1,1,1,1,37867.70547739549,9.083864124371907,0,3,5,1.0,1.0,1.0,699.0,1162.46,RAKSHAK,MODERATE,two_wheeler,Blinkit
1,0,0,1,0,20528.463650627058,9.344489014629747,2,1,18,0.85,0.9,1.0,699.0,847.04,RAKSHAK,SAFE,bicycle,Swiggy
0,1,0,3,0,21736.575961381233,11.772579869874157,3,1,12,1.0,0.9,0.9,399.0,686.87,SAATHI,MODERATE,ev_two_wheeler,Swiggy
1,1,0,2,0,26004.73841715578,4.361266722843971,0,1,3,1.0,0.9,0.95,699.0,827.81,RAKSHAK,MODERATE,two_wheeler,Swiggy
0,0,1,2,1,16211.151633171849,7.101932226614988,0,0,13,0.85,1.0,0.95,399.0,639.57,SAATHI,SAFE,two_wheeler,Zomato
1,0,0,2,0,19513.26982334111,7.066884153080296,0,2,15,0.85,0.9,0.95,699.0,805.55,RAKSHAK,SAFE,two_wheeler,Zepto
2,1,0,3,0,38277.86443326159,8.394761870680423,0,1,3,1.0,0.9,0.9,999.0,1160.4,SURAKSHA,MODERATE,two_wheeler,Swiggy
1,0,1,1,0,13459.117201075424,4.816920711592295,0,2,7,0.85,1.0,1.0,699.0,742.51,RAKSHAK,SAFE,two_wheeler,Zepto
1,1,0,1,0,34996.16997494118,9.11102724485222,0,1,16,1.0,0.9,1.0,699.0,1140.09,RAKSHAK,MODERATE,two_wheeler,Swiggy
2,0,1,1,0,24448.265284421825,6.684364768462977,0,0,6,0.85,1.0,1.0,999.0,1111.11,SURAKSHA,SAFE,two_wheeler,Zomato
2,0,1,2,0,12554.364443308403,9.499322664150824,3,1,16,0.85,1.0,0.95,999.0,1128.67,SURAKSHA,SAFE,ev_two_wheeler,Swiggy
2,1,0,1,0,38840.17508605619,7.694738338602461,0,1,2,1.0,0.9,1.0,999.0,1252.31,SURAKSHA,MODERATE,two_wheeler,Swiggy
0,0,1,2,0,26742.5278394916,4.434146965859495,3,2,11,0.85,1.0,0.95,399.0,585.67,SAATHI,SAFE,ev_two_wheeler,Zepto
0,1,0,3,0,23361.109120939785,4.318988978383325,0,0,9,1.0,0.9,0.9,399.0,576.95,SAATHI,MODERATE,two_wheeler,Zomato
2,1,0,1,0,32530.147948279486,6.8942202755098725,0,1,1,1.0,0.9,1.0,999.0,1176.66,SURAKSHA,MODERATE,two_wheeler,Swiggy
1,1,0,2,1,39889.87474545431,10.860889882604459,0,3,11,1.0,0.9,0.95,699.0,1171.45,RAKSHAK,MODERATE,two_wheeler,Blinkit
1,0,0,1,0,16112.486363127155,6.8565291100264485,0,3,8,0.85,0.9,1.0,699.0,732.0,RAKSHAK,SAFE,two_wheeler,Blinkit
1,1,0,1,1,36697.414475047044,4.2579229599724355,0,0,18,1.0,0.9,1.0,699.0,1136.88,RAKSHAK,MODERATE,two_wheeler,Zomato
1,1,0,1,1,23735.254083527492,7.371723587594473,0,3,20,1.0,0.9,1.0,699.0,1077.4,RAKSHAK,MODERATE,two_wheeler,Blinkit
0,2,1,2,0,29781.429965669697,5.897554809071484,0,0,21,1.25,1.0,0.95,399.0,900.83,SAATHI,HIGH,two_wheeler,Zomato
0,2,1,3,0,25936.366541385898,8.6445361887263,0,2,9,1.25,1.0,0.9,399.0,799.27,SAATHI,HIGH,two_wheeler,Zepto
1,1,1,2,0,16496.432380247523,11.167070696540378,0,2,13,1.0,1.0,0.95,699.0,988.21,RAKSHAK,MODERATE,two_wheeler,Zepto
0,1,0,1,1,12157.73179467871,11.885328184196055,1,0,10,1.0,0.9,1.0,399.0,752.95,SAATHI,MODERATE,three_wheeler,Zomato
1,0,0,2,0,20019.1041959722,4.704742805695093,0,0,8,0.85,0.9,0.95,699.0,702.9,RAKSHAK,SAFE,two_wheeler,Zomato
1,1,2,2,0,28136.646956893586,7.874083435572902,0,0,2,1.0,1.15,0.95,699.0,1038.85,RAKSHAK,MODERATE,two_wheeler,Zomato
1,0,0,1,0,28531.291252785737,11.327068274691246,0,1,14,0.85,0.9,1.0,699.0,1011.25,RAKSHAK,SAFE,two_wheeler,Swiggy
0,0,0,3,1,16721.661407264546,4.513534847387851,2,3,22,0.85,0.9,0.9,399.0,602.65,SAATHI,SAFE,bicycle,Blinkit
0,1,0,2,0,13093.52931555157,9.940560885939648,0,3,3,1.0,0.9,0.95,399.0,526.11,SAATHI,MODERATE,two_wheeler,Blinkit
1,0,1,2,0,32555.228429803734,8.713118527021788,0,1,13,0.85,1.0,0.95,699.0,997.47,RAKSHAK,SAFE,two_wheeler,Swiggy
1,0,1,1,0,39885.38593081758,8.764405609859885,3,2,11,0.85,1.0,1.0,699.0,1035.67,RAKSHAK,SAFE,ev_two_wheeler,Zepto
1,0,0,2,0,24902.758343309913,7.829759196729456,0,2,16,0.85,0.9,0.95,699.0,897.63,RAKSHAK,SAFE,two_wheeler,Zepto
2,0,0,1,0,23830.93393677935,6.27380680510034,0,1,4,0.85,0.9,1.0,999.0,994.85,SURAKSHA,SAFE,two_wheeler,Swiggy
2,2,0,3,0,25826.085567179427,7.656202243847515,0,3,8,1.25,0.9,0.9,999.0,1294.27,SURAKSHA,HIGH,two_wheeler,Blinkit
1,1,0,1,0,33694.672183583105,7.5471653266675265,3,0,6,1.0,0.9,1.0,699.0,950.99,RAKSHAK,MODERATE,ev_two_wheeler,Zomato
0,0,0,1,0,18584.76669548913,7.445935799050362,0,3,6,0.85,0.9,1.0,399.0,518.19,SAATHI,SAFE,two_wheeler,Blinkit
1,0,0,1,0,18771.379858725035,4.6312261806766575,2,1,20,0.85,0.9,1.0,699.0,760.11,RAKSHAK,SAFE,bicycle,Swiggy
2,0,1,2,0,35870.00682862541,6.256540996354214,1,3,16,0.85,1.0,0.95,999.0,1292.57,SURAKSHA,SAFE,three_wheeler,Blinkit
1,1,0,1,0,14091.02411886787,5.218081040895013,3,2,6,1.0,0.9,1.0,699.0,742.85,RAKSHAK,MODERATE,ev_two_wheeler,Zepto
2,1,0,2,1,18505.066106893973,6.236568042964556,0,0,19,1.0,0.9,0.95,999.0,1243.91,SURAKSHA,MODERATE,two_wheeler,Zomato
1,2,1,1,0,18784.559142659797,11.12606373607193,0,1,13,1.25,1.0,1.0,699.0,1248.9,RAKSHAK,HIGH,two_wheeler,Swiggy
0,1,0,2,0,22012.78671922088,4.007991938135541,3,2,13,1.0,0.9,0.95,399.0,596.93,SAATHI,MODERATE,ev_two_wheeler,Zepto
1,0,2,2,0,31107.372534748894,10.762014366057452,0,0,16,0.85,1.15,0.95,699.0,1121.86,RAKSHAK,SAFE,two_wheeler,Zomato
0,1,0,2,0,13509.548848529572,8.941649771157383,3,1,12,1.0,0.9,0.95,399.0,592.52,SAATHI,MODERATE,ev_two_wheeler,Swiggy
1,1,2,2,0,14701.496552584716,4.558501526786696,0,1,6,1.0,1.15,0.95,699.0,879.31,RAKSHAK,MODERATE,two_wheeler,Swiggy
0,0,0,1,0,22505.465369500605,4.426638341574401,3,3,22,0.85,0.9,1.0,399.0,671.74,SAATHI,SAFE,ev_two_wheeler,Blinkit
1,1,2,2,0,24338.303233968356,9.280528013067999,0,0,18,1.0,1.15,0.95,699.0,1195.02,RAKSHAK,MODERATE,two_wheeler,Zomato
1,0,2,3,0,19314.757264965454,5.096799574390664,0,1,1,0.85,1.15,0.9,699.0,713.17,RAKSHAK,SAFE,two_wheeler,Swiggy
1,1,0,2,0,19628.05688191516,5.875108961738292,3,0,17,1.0,0.9,0.95,699.0,891.67,RAKSHAK,MODERATE,ev_two_wheeler,Zomato
1,0,0,1,1,21322.330091821357,5.534396459652737,1,0,15,0.85,0.9,1.0,699.0,964.92,RAKSHAK,SAFE,three_wheeler,Zomato
1,1,0,2,0,35382.64152363792,8.58199640697201,0,1,4,1.0,0.9,0.95,699.0,962.29,RAKSHAK,MODERATE,two_wheeler,Swiggy
1,1,2,2,0,19020.495370336692,9.382943683645998,0,2,10,1.0,1.15,0.95,699.0,1101.59,RAKSHAK,MODERATE,two_wheeler,Zepto
1,0,2,1,0,25473.030455141386,11.34833868079351,0,1,4,0.85,1.15,1.0,699.0,978.27,RAKSHAK,SAFE,two_wheeler,Swiggy
1,1,1,1,0,28884.231627831374,7.603763293263179,2,3,4,1.0,1.0,1.0,699.0,900.11,RAKSHAK,MODERATE,bicycle,Blinkit
1,1,0,1,0,22125.596861527352,6.206161685737894,0,2,1,1.0,0.9,1.0,699.0,810.25,RAKSHAK,MODERATE,two_wheeler,Zepto
1,0,0,3,0,28033.230980063578,11.20302183104745,0,0,19,0.85,0.9,0.9,699.0,1005.06,RAKSHAK,SAFE,two_wheeler,Zomato
0,0,2,2,0,19218.9453584309,4.318130961836931,0,2,9,0.85,1.15,0.95,399.0,588.29,SAATHI,SAFE,two_wheeler,Zepto
2,1,0,2,0,36777.053576839,8.721086053636416,3,1,16,1.0,0.9,0.95,999.0,1323.53,SURAKSHA,MODERATE,ev_two_wheeler,Swiggy
2,2,0,1,0,12092.210408188776,4.374132546022669,0,1,1,1.25,0.9,1.0,999.0,1158.67,SURAKSHA,HIGH,two_wheeler,Swiggy
0,2,1,2,0,37448.49373463412,4.2364223275329485,2,0,2,1.25,1.0,0.95,399.0,612.37,SAATHI,HIGH,bicycle,Zomato
0,0,2,1,1,13003.6362650877,9.286004439306385,0,0,22,0.85,1.15,1.0,399.0,886.21,SAATHI,SAFE,two_wheeler,Zomato
1,1,1,2,0,17091.02051681714,8.810001579777413,0,1,22,1.0,1.0,0.95,699.0,1083.45,RAKSHAK,MODERATE,two_wheeler,Swiggy
1,0,2,2,0,24804.29919872657,7.997056061997938,0,2,1,0.85,1.15,0.95,699.0,839.79,RAKSHAK,SAFE,two_wheeler,Zepto
0,1,0,3,0,39004.22852890004,5.3800395758791435,0,1,13,1.0,0.9,0.9,399.0,774.34,SAATHI,MODERATE,two_wheeler,Swiggy
1,0,0,1,0,31373.264794341387,9.68965728587218,0,2,22,0.85,0.9,1.0,699.0,1079.18,RAKSHAK,SAFE,two_wheeler,Zepto
0,0,0,3,0,37162.37874512447,9.673095932475405,0,3,24,0.85,0.9,0.9,399.0,858.78,SAATHI,SAFE,two_wheeler,Blinkit
0,1,0,2,0,20825.003474444893,9.718154867994077,0,0,20,1.0,0.9,0.95,399.0,753.41,SAATHI,MODERATE,two_wheeler,Zomato
1,0,0,1,0,33334.9594889001,6.922714108885604,0,2,23,0.85,0.9,1.0,699.0,1037.09,RAKSHAK,SAFE,two_wheeler,Zepto
2,0,0,2,0,29435.258783503352,4.74384221155833,3,1,14,0.85,0.9,0.95,999.0,989.26,SURAKSHA,SAFE,ev_two_wheeler,Swiggy
0,1,0,1,1,29120.062602380887,4.925706396551757,0,1,11,1.0,0.9,1.0,399.0,719.64,SAATHI,MODERATE,two_wheeler,Swiggy
1,2,1,1,0,13884.648874468676,9.976004689109843,1,2,16,1.25,1.0,1.0,699.0,1266.24,RAKSHAK,HIGH,three_wheeler,Zepto
1,0,1,2,0,39582.6680175127,4.594388305887474,2,3,17,0.85,1.0,0.95,699.0,877.59,RAKSHAK,SAFE,bicycle,Blinkit
1,0,0,3,0,23104.199716724164,11.507374816790158,3,1,0,0.85,0.9,0.9,699.0,696.38,RAKSHAK,SAFE,ev_two_wheeler,Swiggy
1,0,0,3,0,35145.84013758816,6.168894095483437,0,1,19,0.85,0.9,0.9,699.0,934.78,RAKSHAK,SAFE,two_wheeler,Swiggy
1,1,1,3,0,13236.369375128474,5.261073853734542,0,0,13,1.0,1.0,0.9,699.0,796.77,RAKSHAK,MODERATE,two_wheeler,Zomato
2,0,0,1,0,19652.940958799965,10.368297238908498,2,1,10,0.85,0.9,1.0,999.0,1034.86,SURAKSHA,SAFE,bicycle,Swiggy
1,0,0,3,0,32343.979833178222,6.888724631962342,0,3,4,0.85,0.9,0.9,699.0,801.31,RAKSHAK,SAFE,two_wheeler,Blinkit
0,2,0,1,0,19297.62034049906,5.38101816215379,0,2,1,1.25,0.9,1.0,399.0,559.71,SAATHI,HIGH,two_wheeler,Zepto
2,1,1,1,0,26832.298510642686,11.859750766293551,0,1,17,1.0,1.0,1.0,999.0,1541.17,SURAKSHA,MODERATE,two_wheeler,Swiggy
1,2,0,3,1,37013.98409047023,5.488720492752483,0,1,7,1.25,0.9,0.9,699.0,1130.19,RAKSHAK,HIGH,two_wheeler,Swiggy
1,0,1,3,1,23075.0885381119,6.7018794838524345,0,1,11,0.85,1.0,0.9,699.0,905.79,RAKSHAK,SAFE,two_wheeler,Swiggy
2,1,0,1,0,19661.67899660065,4.73921146024564,0,2,3,1.0,0.9,1.0,999.0,1037.71,SURAKSHA,MODERATE,two_wheeler,Zepto
2,0,0,3,0,28549.33153598727,11.08329559934699,0,1,15,0.85,0.9,0.9,999.0,1149.88,SURAKSHA,SAFE,two_wheeler,Swiggy
2,2,2,1,0,34629.92053420663,11.205476386300894,0,2,16,1.25,1.15,1.0,999.0,1970.62,SURAKSHA,HIGH,two_wheeler,Zepto
1,0,1,1,0,19826.78079153093,5.3045269388805085,3,2,6,0.85,1.0,1.0,699.0,716.73,RAKSHAK,SAFE,ev_two_wheeler,Zepto
1,0,1,2,0,39901.688252950975,10.182759553877348,0,2,12,0.85,1.0,0.95,699.0,1072.96,RAKSHAK,SAFE,two_wheeler,Zepto
1,0,0,3,0,19511.597630751512,5.06068877123967,0,1,11,0.85,0.9,0.9,699.0,644.19,RAKSHAK,SAFE,two_wheeler,Swiggy
1,0,1,1,0,37990.46990695982,11.209628596514836,2,2,11,0.85,1.0,1.0,699.0,976.43,RAKSHAK,SAFE,bicycle,Zepto
1,1,0,3,0,34113.43365825066,5.893148383055211,0,1,23,1.0,0.9,0.9,699.0,1061.01,RAKSHAK,MODERATE,two_wheeler,Swiggy
1,1,0,1,0,39402.68123525051,8.188523020942212,0,2,14,1.0,0.9,1.0,699.0,1129.63,RAKSHAK,MODERATE,two_wheeler,Zepto
0,0,0,2,0,29669.66128250879,10.056768669506559,0,1,0,0.85,0.9,0.95,399.0,549.17,SAATHI,SAFE,two_wheeler,Swiggy
1,0,0,2,1,19919.010722794555,5.522887504045457,0,2,0,0.85,0.9,0.95,699.0,673.65,RAKSHAK,SAFE,two_wheeler,Zepto
1,0,0,1,0,16197.665588016589,5.867461032120668,0,2,7,0.85,0.9,1.0,699.0,676.96,RAKSHAK,SAFE,two_wheeler,Zepto
1,0,0,2,0,18062.074919054823,8.851132446210453,1,0,21,0.85,0.9,0.95,699.0,992.29,RAKSHAK,SAFE,three_wheeler,Zomato
0,0,0,3,0,30241.812715078177,9.92250387464786,3,1,11,0.85,0.9,0.9,399.0,682.1,SAATHI,SAFE,ev_two_wheeler,Swiggy
1,1,2,3,1,33741.02740534161,5.5594186447850475,1,0,15,1.0,1.15,0.9,699.0,1288.75,RAKSHAK,MODERATE,three_wheeler,Zomato
1,2,1,2,0,27717.64454066457,9.288188347398982,0,0,21,1.25,1.0,0.95,699.0,1341.25,RAKSHAK,HIGH,two_wheeler,Zomato
1,1,0,1,0,20006.89902531253,8.796765298081258,0,2,4,1.0,0.9,1.0,699.0,871.54,RAKSHAK,MODERATE,two_wheeler,Zepto
0,1,0,1,0,38433.86617938444,11.582816584574669,0,3,19,1.0,0.9,1.0,399.0,950.11,SAATHI,MODERATE,two_wheeler,Blinkit
1,1,0,3,1,12625.207255494732,10.25705379566285,0,2,22,1.0,0.9,0.9,699.0,1023.59,RAKSHAK,MODERATE,two_wheeler,Zepto
1,0,0,3,1,20405.096585012252,4.947365552146145,3,2,23,0.85,0.9,0.9,699.0,879.35,RAKSHAK,SAFE,ev_two_wheeler,Zepto
2,0,0,1,0,31483.198430140255,11.62572824404949,0,3,19,0.85,0.9,1.0,999.0,1345.17,SURAKSHA,SAFE,two_wheeler,Blinkit
1,1,0,1,1,20689.240199767766,4.504841798869427,3,0,24,1.0,0.9,1.0,699.0,1005.87,RAKSHAK,MODERATE,ev_two_wheeler,Zomato
1,2,0,3,0,25800.617027234344,9.50429706842503,3,2,19,1.25,0.9,0.9,699.0,1147.79,RAKSHAK,HIGH,ev_two_wheeler,Zepto
0,0,0,1,0,29724.59414706452,6.079037011598455,3,0,10,0.85,0.9,1.0,399.0,577.39,SAATHI,SAFE,ev_two_wheeler,Zomato
2,0,0,2,1,30892.768368266472,10.26323314867648,0,1,0,0.85,0.9,0.95,999.0,1159.3,SURAKSHA,SAFE,two_wheeler,Swiggy
1,1,2,1,0,16188.511681574131,7.07495740587477,0,1,6,1.0,1.15,1.0,699.0,1017.63,RAKSHAK,MODERATE,two_wheeler,Swiggy
1,0,0,3,0,37536.847180638484,11.778629682483146,0,3,1,0.85,0.9,0.9,699.0,858.47,RAKSHAK,SAFE,two_wheeler,Blinkit
1,0,0,2,0,30627.361881028883,6.97504403670873,2,0,1,0.85,0.9,0.95,699.0,664.58,RAKSHAK,SAFE,bicycle,Zomato
1,0,2,2,0,37235.44702009247,9.089158467513855,2,2,23,0.85,1.15,0.95,699.0,1167.95,RAKSHAK,SAFE,bicycle,Zepto
1,1,0,1,0,23589.466656208548,10.226274929427664,0,2,17,1.0,0.9,1.0,699.0,1048.66,RAKSHAK,MODERATE,two_wheeler,Zepto
1,1,0,3,0,37140.274094376,7.193718995091289,3,3,23,1.0,0.9,0.9,699.0,1099.67,RAKSHAK,MODERATE,ev_two_wheeler,Blinkit
1,0,0,1,0,36598.33521071503,8.99215995291251,2,2,3,0.85,0.9,1.0,699.0,783.83,RAKSHAK,SAFE,bicycle,Zepto
0,0,1,1,0,20182.35193730102,8.24484057626199,2,1,5,0.85,1.0,1.0,399.0,440.08,SAATHI,SAFE,bicycle,Swiggy
1,2,0,3,0,26218.960411342465,10.715151768959297,0,0,5,1.25,0.9,0.9,699.0,1013.98,RAKSHAK,HIGH,two_wheeler,Zomato
1,2,0,1,0,14417.427310244871,5.841397071166354,0,1,6,1.25,0.9,1.0,699.0,939.32,RAKSHAK,HIGH,two_wheeler,Swiggy
2,1,0,2,0,25237.746078111795,6.225876981313134,0,0,16,1.0,0.9,0.95,999.0,1242.85,SURAKSHA,MODERATE,two_wheeler,Zomato
2,1,2,1,0,35368.68068159288,10.168059508879082,1,3,22,1.0,1.15,1.0,999.0,1748.53,SURAKSHA,MODERATE,three_wheeler,Blinkit
0,1,0,3,0,35623.38729626587,6.346357225670578,3,2,8,1.0,0.9,0.9,399.0,673.43,SAATHI,MODERATE,ev_two_wheeler,Zepto
2,2,0,1,0,35329.3425241981,6.588378866373207,0,2,14,1.25,0.9,1.0,999.0,1563.86,SURAKSHA,HIGH,two_wheeler,Zepto
0,2,0,2,0,17347.154110681484,8.164591498518634,0,3,3,1.25,0.9,0.95,399.0,629.36,SAATHI,HIGH,two_wheeler,Blinkit
1,1,2,2,0,25195.285904688535,4.0146395771974674,0,2,20,1.0,1.15,0.95,699.0,1137.38,RAKSHAK,MODERATE,two_wheeler,Zepto
2,0,1,1,0,17002.3022231279,5.165642019913631,0,2,18,0.85,1.0,1.0,999.0,1145.77,SURAKSHA,SAFE,two_wheeler,Zepto
1,0,0,1,0,36476.76900692779,4.914605964809618,0,1,3,0.85,0.9,1.0,699.0,762.15,RAKSHAK,SAFE,two_wheeler,Swiggy
2,0,0,3,1,19754.999863581805,6.667357564122781,0,2,5,0.85,0.9,0.9,999.0,942.19,SURAKSHA,SAFE,two_wheeler,Zepto
1,0,0,1,0,27857.969047779858,9.470600834864157,0,3,5,0.85,0.9,1.0,699.0,870.11,RAKSHAK,SAFE,two_wheeler,Blinkit
1,0,0,1,0,30194.389552604796,10.775732333661065,0,3,10,0.85,0.9,1.0,699.0,938.04,RAKSHAK,SAFE,two_wheeler,Blinkit
0,0,0,1,1,35085.44745513706,4.692260230591336,0,3,15,0.85,0.9,1.0,399.0,784.53,SAATHI,SAFE,two_wheeler,Blinkit
1,0,1,1,0,15166.719586695219,6.89147852101202,3,3,9,0.85,1.0,1.0,699.0,798.19,RAKSHAK,SAFE,ev_two_wheeler,Blinkit
1,0,1,1,0,15827.31761209878,6.895823594818282,1,0,13,0.85,1.0,1.0,699.0,896.62,RAKSHAK,SAFE,three_wheeler,Zomato
1,2,1,2,0,29738.804080907405,10.82825154479843,0,1,17,1.25,1.0,0.95,699.0,1346.21,RAKSHAK,HIGH,two_wheeler,Swiggy
0,2,0,1,0,25437.670352332025,7.054235508078835,0,1,12,1.25,0.9,1.0,399.0,762.17,SAATHI,HIGH,two_wheeler,Swiggy
0,1,0,1,1,33675.65066973181,4.596588185999845,0,0,1,1.0,0.9,1.0,399.0,627.13,SAATHI,MODERATE,two_wheeler,Zomato
2,1,2,2,0,20999.594828560217,11.052366700323653,0,2,5,1.0,1.15,0.95,999.0,1353.36,SURAKSHA,MODERATE,two_wheeler,Zepto
1,0,1,1,0,31291.791914387355,4.163017176641853,3,3,21,0.85,1.0,1.0,699.0,991.47,RAKSHAK,SAFE,ev_two_wheeler,Blinkit
0,0,1,2,1,19997.095000865702,10.326849421494831,0,1,7,0.85,1.0,0.95,399.0,686.39,SAATHI,SAFE,two_wheeler,Swiggy
2,0,1,3,1,35910.49282525273,10.641792778283534,0,3,23,0.85,1.0,0.9,999.0,1484.19,SURAKSHA,SAFE,two_wheeler,Blinkit
1,1,1,1,1,31471.434147078686,11.607900290994017,3,0,0,1.0,1.0,1.0,699.0,1067.33,RAKSHAK,MODERATE,ev_two_wheeler,Zomato
1,1,2,1,0,26596.030133977307,7.76889616217793,0,1,9,1.0,1.15,1.0,699.0,1101.46,RAKSHAK,MODERATE,two_wheeler,Swiggy
2,1,2,3,0,20125.61387418361,10.160977661358142,3,2,14,1.0,1.15,0.9,999.0,1406.99,SURAKSHA,MODERATE,ev_two_wheeler,Zepto
0,1,2,1,0,28296.259864693562,7.359470707771486,3,3,1,1.0,1.15,1.0,399.0,656.97,SAATHI,MODERATE,ev_two_wheeler,Blinkit
0,0,0,2,0,13754.819771655044,11.717900476815743,0,3,16,0.85,0.9,0.95,399.0,644.94,SAATHI,SAFE,two_wheeler,Blinkit
1,2,1,1,0,14839.428094650862,5.0636181661277355,0,0,14,1.25,1.0,1.0,699.0,1143.58,RAKSHAK,HIGH,two_wheeler,Zomato
0,1,2,1,0,28479.45080797906,5.095796007768517,2,2,3,1.0,1.15,1.0,399.0,544.52,SAATHI,MODERATE,bicycle,Zepto
0,1,0,1,0,24873.90837158998,11.839127768522747,3,2,13,1.0,0.9,1.0,399.0,773.46,SAATHI,MODERATE,ev_two_wheeler,Zepto
0,0,1,1,0,13969.261915164308,7.866476089678664,0,3,8,0.85,1.0,1.0,399.0,572.45,SAATHI,SAFE,two_wheeler,Blinkit
1,1,1,3,0,18522.81075103764,10.937312772941414,0,0,16,1.0,1.0,0.9,699.0,1030.8,RAKSHAK,MODERATE,two_wheeler,Zomato
1,2,0,1,0,22959.391319984195,5.273272254799225,0,2,4,1.25,0.9,1.0,699.0,963.8,RAKSHAK,HIGH,two_wheeler,Zepto
2,1,0,1,0,28998.42987367142,10.543963044798257,0,0,9,1.0,0.9,1.0,999.0,1232.88,SURAKSHA,MODERATE,two_wheeler,Zomato
1,1,0,1,1,21649.870175296353,9.701291490509625,0,0,4,1.0,0.9,1.0,699.0,981.2,RAKSHAK,MODERATE,two_wheeler,Zomato
1,0,0,2,1,35266.35910091659,4.463565251288015,0,3,21,0.85,0.9,0.95,699.0,1058.12,RAKSHAK,SAFE,two_wheeler,Blinkit
0,0,0,1,0,26609.180252019214,7.336014964877501,2,0,24,0.85,0.9,1.0,399.0,709.69,SAATHI,SAFE,bicycle,Zomato
2,0,1,3,0,15441.95006827406,5.110317069888115,0,0,24,0.85,1.0,0.9,999.0,1095.65,SURAKSHA,SAFE,two_wheeler,Zomato
2,2,0,2,0,34829.91575621024,9.175036346553608,3,0,3,1.25,0.9,0.95,999.0,1395.07,SURAKSHA,HIGH,ev_two_wheeler,Zomato
0,0,0,1,0,25184.05247769229,9.338337453824064,0,1,10,0.85,0.9,1.0,399.0,641.7,SAATHI,SAFE,two_wheeler,Swiggy
1,1,1,2,0,38525.478338261746,10.76089930456929,2,1,3,1.0,1.0,0.95,699.0,983.47,RAKSHAK,MODERATE,bicycle,Swiggy
0,1,1,3,0,23394.705909279157,11.250201916714826,3,0,13,1.0,1.0,0.9,399.0,743.62,SAATHI,MODERATE,ev_two_wheeler,Zomato
2,1,0,1,0,20330.49658087905,8.33414402701354,0,2,7,1.0,0.9,1.0,999.0,1140.25,SURAKSHA,MODERATE,two_wheeler,Zepto
1,2,2,1,0,12129.406340952188,8.834612898375186,0,1,21,1.25,1.15,1.0,699.0,1378.14,RAKSHAK,HIGH,two_wheeler,Swiggy
1,0,1,2,0,38246.683303832106,4.102189680032448,3,3,15,0.85,1.0,0.95,699.0,882.68,RAKSHAK,SAFE,ev_two_wheeler,Blinkit
0,0,1,2,0,36582.619056352225,11.210140644467472,0,1,24,0.85,1.0,0.95,399.0,1009.52,SAATHI,SAFE,two_wheeler,Swiggy
1,0,1,1,0,37386.355972243546,5.451103896250244,0,0,17,0.85,1.0,1.0,699.0,1052.98,RAKSHAK,SAFE,two_wheeler,Zomato
2,2,2,1,0,22660.665676650882,4.965387596812654,0,1,4,1.25,1.15,1.0,999.0,1575.13,SURAKSHA,HIGH,two_wheeler,Swiggy
2,2,1,1,0,23320.87078121124,11.871820619262886,0,1,20,1.25,1.0,1.0,999.0,1797.42,SURAKSHA,HIGH,two_wheeler,Swiggy
2,2,0,2,0,12543.751493527056,8.04416094904033,0,1,2,1.25,0.9,0.95,999.0,1183.14,SURAKSHA,HIGH,two_wheeler,Swiggy
0,2,0,2,0,31031.6425703931,7.92081665598744,0,3,2,1.25,0.9,0.95,399.0,733.19,SAATHI,HIGH,two_wheeler,Blinkit
1,1,1,3,0,25847.893487067988,7.878769495939917,3,2,17,1.0,1.0,0.9,699.0,981.8,RAKSHAK,MODERATE,ev_two_wheeler,Zepto
1,2,0,1,0,36275.831545228386,9.96648195260924,0,3,19,1.25,0.9,1.0,699.0,1336.26,RAKSHAK,HIGH,two_wheeler,Blinkit
0,2,0,3,0,37715.07474085341,10.313187675586398,0,0,8,1.25,0.9,0.9,399.0,800.84,SAATHI,HIGH,two_wheeler,Zomato
2,0,2,2,0,23356.69389220258,6.675946672092408,0,3,20,0.85,1.15,0.95,999.0,1337.71,SURAKSHA,SAFE,two_wheeler,Blinkit
1,0,2,3,1,34711.572913791264,5.764906653468341,3,3,15,0.85,1.15,0.9,699.0,1023.08,RAKSHAK,SAFE,ev_two_wheeler,Blinkit
1,2,0,3,1,22661.492020416154,8.123379584055304,0,3,24,1.25,0.9,0.9,699.0,1273.11,RAKSHAK,HIGH,two_wheeler,Blinkit
1,1,2,1,0,36657.32730052732,11.173487916046966,3,3,5,1.0,1.15,1.0,699.0,1187.57,RAKSHAK,MODERATE,ev_two_wheeler,Blinkit
1,1,0,2,0,21099.647467598414,11.458340606985336,0,1,4,1.0,0.9,0.95,699.0,910.12,RAKSHAK,MODERATE,two_wheeler,Swiggy
1,0,0,3,0,37821.45548176237,5.570462399163264,0,2,18,0.85,0.9,0.9,699.0,923.23,RAKSHAK,SAFE,two_wheeler,Zepto
1,2,0,1,0,13257.00720248378,9.537728494755818,0,3,12,1.25,0.9,1.0,699.0,1083.45,RAKSHAK,HIGH,two_wheeler,Blinkit
0,0,2,2,0,24141.362388757443,4.896881233507357,0,0,13,0.85,1.15,0.95,399.0,659.38,SAATHI,SAFE,two_wheeler,Zomato
1,1,0,2,0,32152.32339681984,8.464867529732192,0,1,17,1.0,0.9,0.95,699.0,1047.15,RAKSHAK,MODERATE,two_wheeler,Swiggy
1,1,2,1,0,13357.92632903027,6.271346327347112,0,3,24,1.0,1.15,1.0,699.0,1158.04,RAKSHAK,MODERATE,two_wheeler,Blinkit
1,1,1,3,0,12712.105558134324,11.86554727798488,1,1,2,1.0,1.0,0.9,699.0,885.79,RAKSHAK,MODERATE,three_wheeler,Swiggy
1,1,2,1,0,20089.81129084371,11.802659440852631,0,1,8,1.0,1.15,1.0,699.0,1137.1,RAKSHAK,MODERATE,two_wheeler,Swiggy
0,0,2,2,1,20863.42238537347,6.670198338156525,0,1,3,0.85,1.15,0.95,399.0,642.76,SAATHI,SAFE,two_wheeler,Swiggy
2,2,1,2,1,31378.951138789682,6.010551749010523,0,3,9,1.25,1.0,0.95,999.0,1575.08,SURAKSHA,HIGH,two_wheeler,Blinkit
1,1,2,1,0,37767.352743858704,10.444214899240267,0,3,8,1.0,1.15,1.0,699.0,1255.82,RAKSHAK,MODERATE,two_wheeler,Blinkit
0,2,0,2,0,26631.957839099974,8.170831801494579,0,1,12,1.25,0.9,0.95,399.0,790.13,SAATHI,HIGH,two_wheeler,Swiggy
1,0,0,3,0,31872.587781191185,10.494643019971747,2,2,19,0.85,0.9,0.9,699.0,930.25,RAKSHAK,SAFE,bicycle,Zepto
0,0,0,2,0,16471.84533998068,7.835711556674624,0,2,2,0.85,0.9,0.95,399.0,444.32,SAATHI,SAFE,two_wheeler,Zepto
1,1,1,3,0,13042.235182503066,11.150869419945973,0,0,24,1.0,1.0,0.9,699.0,1074.62,RAKSHAK,MODERATE,two_wheeler,Zomato
1,0,1,3,0,33764.89343880284,6.741301309529095,0,2,1,0.85,1.0,0.9,699.0,821.78,RAKSHAK,SAFE,two_wheeler,Zepto
1,0,1,3,0,39327.50797269662,6.873274497361545,2,2,5,0.85,1.0,0.9,699.0,771.76,RAKSHAK,SAFE,bicycle,Zepto
1,2,2,1,0,29350.212604712844,10.957842680869234,0,2,7,1.25,1.15,1.0,699.0,1417.26,RAKSHAK,HIGH,two_wheeler,Zepto
2,1,0,1,1,31778.085847453232,4.096776699931208,2,2,24,1.0,0.9,1.0,999.0,1384.49,SURAKSHA,MODERATE,bicycle,Zepto
1,0,0,3,0,30580.485811939325,10.204387606354313,0,0,20,0.85,0.9,0.9,699.0,1037.17,RAKSHAK,SAFE,two_wheeler,Zomato
0,1,1,2,1,28912.294819165418,6.072433193304925,0,0,10,1.0,1.0,0.95,399.0,764.3,SAATHI,MODERATE,two_wheeler,Zomato
1,1,0,1,0,33158.5053347808,8.834545079322265,0,0,22,1.0,0.9,1.0,699.0,1202.18,RAKSHAK,MODERATE,two_wheeler,Zomato
1,1,2,1,0,38929.04177146142,7.611119190671979,0,2,8,1.0,1.15,1.0,699.0,1206.72,RAKSHAK,MODERATE,two_wheeler,Zepto
2,0,2,2,0,19939.833510411023,8.9423363376728,0,0,21,0.85,1.15,0.95,999.0,1327.18,SURAKSHA,SAFE,two_wheeler,Zomato
1,1,0,1,0,19733.21611791565,7.182233738509182,0,2,19,1.0,0.9,1.0,699.0,988.55,RAKSHAK,MODERATE,two_wheeler,Zepto
2,0,1,1,1,29227.430303187244,5.314724809826142,0,1,5,0.85,1.0,1.0,999.0,1135.37,SURAKSHA,SAFE,two_wheeler,Swiggy
2,0,0,2,0,23018.39235458138,10.191189351734582,0,2,14,0.85,0.9,0.95,999.0,1150.45,SURAKSHA,SAFE,two_wheeler,Zepto
0,0,0,2,0,39911.00059709311,4.269150580350097,0,2,9,0.85,0.9,0.95,399.0,606.18,SAATHI,SAFE,two_wheeler,Zepto
1,0,1,1,0,18038.56847488759,10.928852490436338,0,0,17,0.85,1.0,1.0,699.0,984.87,RAKSHAK,SAFE,two_wheeler,Zomato
0,0,1,1,0,23540.845310669127,6.457667094585524,0,3,8,0.85,1.0,1.0,399.0,607.01,SAATHI,SAFE,two_wheeler,Blinkit
1,1,0,1,0,12327.673550704994,6.407804123283273,2,3,7,1.0,0.9,1.0,699.0,654.14,RAKSHAK,MODERATE,bicycle,Blinkit
1,1,0,1,0,13587.9807057271,9.311894894936126,2,2,12,1.0,0.9,1.0,699.0,773.09,RAKSHAK,MODERATE,bicycle,Zepto
1,2,0,1,0,33266.73740767603,10.993598164808173,0,0,7,1.25,0.9,1.0,699.0,1235.98,RAKSHAK,HIGH,two_wheeler,Zomato
1,2,0,1,1,24781.645986487936,8.563137072454104,0,1,14,1.25,0.9,1.0,699.0,1194.99,RAKSHAK,HIGH,two_wheeler,Swiggy
1,2,1,2,0,16645.341240419304,9.273804703206956,0,0,15,1.25,1.0,0.95,699.0,1174.89,RAKSHAK,HIGH,two_wheeler,Zomato
1,1,0,1,0,35044.03289695765,10.386753284358642,0,3,8,1.0,0.9,1.0,699.0,1042.75,RAKSHAK,MODERATE,two_wheeler,Blinkit
0,0,0,1,0,17021.137986888592,11.072023081119175,0,2,3,0.85,0.9,1.0,399.0,498.3,SAATHI,SAFE,two_wheeler,Zepto
0,0,1,1,1,25657.245353576393,9.031063668541492,0,0,2,0.85,1.0,1.0,399.0,670.13,SAATHI,SAFE,two_wheeler,Zomato
1,1,0,1,0,31677.371302581734,8.387891568767321,0,2,18,1.0,0.9,1.0,699.0,1150.08,RAKSHAK,MODERATE,two_wheeler,Zepto
0,1,0,2,0,12284.856237288188,8.886548688755193,0,2,18,1.0,0.9,0.95,399.0,699.23,SAATHI,MODERATE,two_wheeler,Zepto
0,2,2,1,0,21441.255455390918,5.324569006556329,1,3,8,1.25,1.15,1.0,399.0,850.54,SAATHI,HIGH,three_wheeler,Blinkit
0,0,0,1,0,15607.832662314035,10.02225314368684,0,3,10,0.85,0.9,1.0,399.0,577.44,SAATHI,SAFE,two_wheeler,Blinkit
0,0,2,3,0,36499.16572538014,11.914917140414904,2,1,1,0.85,1.15,0.9,399.0,648.85,SAATHI,SAFE,bicycle,Swiggy
1,1,0,1,0,22041.83230048811,11.721821276045524,0,1,19,1.0,0.9,1.0,699.0,1130.8,RAKSHAK,MODERATE,two_wheeler,Swiggy
1,2,0,3,0,18451.77862998549,5.861425414576681,0,3,5,1.25,0.9,0.9,699.0,873.33,RAKSHAK,HIGH,two_wheeler,Blinkit
0,0,0,2,0,28401.290034384954,6.419643038648085,0,3,3,0.85,0.9,0.95,399.0,514.11,SAATHI,SAFE,two_wheeler,Blinkit
1,0,0,1,0,38254.30599562339,5.694932317858419,0,1,22,0.85,0.9,1.0,699.0,1070.07,RAKSHAK,SAFE,two_wheeler,Swiggy
1,0,0,2,0,21051.034605156216,11.100709696831803,3,2,17,0.85,0.9,0.95,699.0,895.51,RAKSHAK,SAFE,ev_two_wheeler,Zepto
1,1,0,1,0,36152.8919800544,6.268734130631093,0,3,18,1.0,0.9,1.0,699.0,1069.65,RAKSHAK,MODERATE,two_wheeler,Blinkit
1,1,0,2,0,36111.85788700777,9.742547296785418,3,2,12,1.0,0.9,0.95,699.0,1049.88,RAKSHAK,MODERATE,ev_two_wheeler,Zepto
0,1,0,1,1,26645.90280741638,11.305743882213147,0,1,2,1.0,0.9,1.0,399.0,702.22,SAATHI,MODERATE,two_wheeler,Swiggy
1,2,0,2,0,39233.34497024324,10.856943604991214,3,1,11,1.25,0.9,0.95,699.0,1245.14,RAKSHAK,HIGH,ev_two_wheeler,Swiggy
2,0,0,2,0,12513.796540714617,6.888477586225561,0,2,8,0.85,0.9,0.95,999.0,891.12,SURAKSHA,SAFE,two_wheeler,Zepto
1,0,0,2,0,33799.55287752308,6.394691657514922,0,0,13,0.85,0.9,0.95,699.0,891.36,RAKSHAK,SAFE,two_wheeler,Zomato
2,0,2,1,0,21114.50348567543,6.140508984652059,3,3,6,0.85,1.15,1.0,999.0,1134.0,SURAKSHA,SAFE,ev_two_wheeler,Blinkit
2,2,1,2,0,20412.47062740063,11.237387500253893,0,1,17,1.25,1.0,0.95,999.0,1659.51,SURAKSHA,HIGH,two_wheeler,Swiggy
2,0,0,1,0,31974.679476800957,6.892415412289064,3,2,2,0.85,0.9,1.0,999.0,1027.47,SURAKSHA,SAFE,ev_two_wheeler,Zepto
1,1,0,3,0,16907.576862797083,10.795294425878627,0,1,11,1.0,0.9,0.9,699.0,919.04,RAKSHAK,MODERATE,two_wheeler,Swiggy
1,0,1,3,0,26189.218904665533,6.546601704450138,1,3,9,0.85,1.0,0.9,699.0,841.44,RAKSHAK,SAFE,three_wheeler,Blinkit
2,0,2,3,0,13477.68831277989,9.926901039694187,0,0,15,0.85,1.15,0.9,999.0,1212.54,SURAKSHA,SAFE,two_wheeler,Zomato
1,1,2,2,0,19328.808821126866,11.398149491487214,2,1,20,1.0,1.15,0.95,699.0,1087.0,RAKSHAK,MODERATE,bicycle,Swiggy
0,2,1,1,1,31361.417102764215,9.32946666280472,0,1,5,1.25,1.0,1.0,399.0,896.81,SAATHI,HIGH,two_wheeler,Swiggy
1,0,0,2,0,17562.497784796906,5.124930855058271,0,2,11,0.85,0.9,0.95,699.0,704.05,RAKSHAK,SAFE,two_wheeler,Zepto
2,0,0,1,0,35817.54605478117,4.383184171739399,2,1,22,0.85,0.9,1.0,999.0,1149.36,SURAKSHA,SAFE,bicycle,Swiggy
1,2,2,1,1,27238.84938754121,4.312449430531513,0,0,14,1.25,1.15,1.0,699.0,1406.45,RAKSHAK,HIGH,two_wheeler,Zomato
1,2,1,3,0,26211.977386674538,10.236728768060352,0,3,22,1.25,1.0,0.9,699.0,1325.12,RAKSHAK,HIGH,two_wheeler,Blinkit
1,0,2,3,0,37212.599612862854,4.756124010800553,0,1,14,0.85,1.15,0.9,699.0,998.0,RAKSHAK,SAFE,two_wheeler,Swiggy
2,0,1,2,0,25283.849440086364,10.906449335823584,0,1,12,0.85,1.0,0.95,999.0,1186.18,SURAKSHA,SAFE,two_wheeler,Swiggy
1,0,2,2,0,24039.791120680587,8.584565268135451,0,0,7,0.85,1.15,0.95,699.0,933.34,RAKSHAK,SAFE,two_wheeler,Zomato
2,0,0,2,0,29058.673956013823,8.43213615286095,2,1,15,0.85,0.9,0.95,999.0,1076.14,SURAKSHA,SAFE,bicycle,Swiggy
1,0,2,2,1,36283.94880489513,9.820659599159782,3,3,24,0.85,1.15,0.95,699.0,1336.42,RAKSHAK,SAFE,ev_two_wheeler,Blinkit
2,1,0,2,1,14457.321285408805,10.89182515707685,0,0,12,1.0,0.9,0.95,999.0,1195.71,SURAKSHA,MODERATE,two_wheeler,Zomato
0,0,0,1,0,17432.050803625963,10.774137596213308,3,1,19,0.85,0.9,1.0,399.0,681.47,SAATHI,SAFE,ev_two_wheeler,Swiggy
2,1,2,3,0,32554.1256394216,4.843147791606906,0,1,13,1.0,1.15,0.9,999.0,1378.42,SURAKSHA,MODERATE,two_wheeler,Swiggy
1,2,2,1,1,28724.14798771377,5.898067901077523,0,1,23,1.25,1.15,1.0,699.0,1544.35,RAKSHAK,HIGH,two_wheeler,Swiggy
0,1,0,3,0,17751.377256794643,6.559223948045819,0,0,22,1.0,0.9,0.9,399.0,701.97,SAATHI,MODERATE,two_wheeler,Zomato
0,0,0,3,1,37996.59543443905,5.478204143820133,0,1,15,0.85,0.9,0.9,399.0,774.23,SAATHI,SAFE,two_wheeler,Swiggy
1,1,0,1,0,19470.58690872651,8.2863380945249,0,3,12,1.0,0.9,1.0,699.0,879.18,RAKSHAK,MODERATE,two_wheeler,Blinkit
1,2,0,2,0,29908.17167575851,4.9253017694708054,0,0,8,1.25,0.9,0.95,699.0,1008.34,RAKSHAK,HIGH,two_wheeler,Zomato
1,0,2,1,1,13508.831755960591,11.856722540194305,2,3,10,0.85,1.15,1.0,699.0,989.36,RAKSHAK,SAFE,bicycle,Blinkit
1,0,2,1,0,36219.98915296949,10.228635633081728,3,3,14,0.85,1.15,1.0,699.0,1166.74,RAKSHAK,SAFE,ev_two_wheeler,Blinkit
2,0,0,2,0,16906.37036447684,10.147849834298448,1,0,6,0.85,0.9,0.95,999.0,1025.44,SURAKSHA,SAFE,three_wheeler,Zomato
2,0,1,1,1,39701.94042357053,7.779880202971057,2,3,21,0.85,1.0,1.0,999.0,1402.85,SURAKSHA,SAFE,bicycle,Blinkit
1,1,0,1,0,20196.99510523618,11.87247657908329,0,1,3,1.0,0.9,1.0,699.0,946.15,RAKSHAK,MODERATE,two_wheeler,Swiggy
1,1,0,2,0,17479.874801409904,6.943287502528566,0,0,0,1.0,0.9,0.95,699.0,696.89,RAKSHAK,MODERATE,two_wheeler,Zomato
1,2,0,2,1,39930.07009747352,10.197719824089528,2,0,3,1.25,0.9,0.95,699.0,1094.62,RAKSHAK,HIGH,bicycle,Zomato
1,0,0,2,0,21553.093519434253,9.980135173980052,3,2,0,0.85,0.9,0.95,699.0,689.57,RAKSHAK,SAFE,ev_two_wheeler,Zepto
2,2,0,3,0,36373.393444697416,6.325941766433312,3,2,0,1.25,0.9,0.9,999.0,1237.49,SURAKSHA,HIGH,ev_two_wheeler,Zepto
0,0,0,1,0,28456.11193521171,8.97942521655726,2,2,18,0.85,0.9,1.0,399.0,633.86,SAATHI,SAFE,bicycle,Zepto
1,2,1,3,0,34776.94700777228,6.803138673975407,0,2,11,1.25,1.0,0.9,699.0,1221.15,RAKSHAK,HIGH,two_wheeler,Zepto
0,0,0,2,0,25336.547523456138,4.111843880681333,0,3,1,0.85,0.9,0.95,399.0,413.26,SAATHI,SAFE,two_wheeler,Blinkit
0,0,0,1,0,36528.494750221726,4.411805472537092,0,0,17,0.85,0.9,1.0,399.0,725.12,SAATHI,SAFE,two_wheeler,Zomato
2,1,1,2,1,18221.29693383242,5.560215880175009,3,3,11,1.0,1.0,0.95,999.0,1176.79,SURAKSHA,MODERATE,ev_two_wheeler,Blinkit
1,2,0,3,0,15109.599715600487,6.31662324744015,0,2,7,1.25,0.9,0.9,699.0,871.03,RAKSHAK,HIGH,two_wheeler,Zepto
1,1,1,1,0,12613.230125938302,5.787527597514796,3,2,17,1.0,1.0,1.0,699.0,949.54,RAKSHAK,MODERATE,ev_two_wheeler,Zepto
1,2,0,1,0,31560.93099272028,10.065464882161336,0,3,11,1.25,0.9,1.0,699.0,1212.9,RAKSHAK,HIGH,two_wheeler,Blinkit
0,1,2,1,1,32731.0328402204,10.21022203967198,0,3,14,1.0,1.15,1.0,399.0,1013.0,SAATHI,MODERATE,two_wheeler,Blinkit
0,1,0,1,0,12945.436162173028,8.12790959976686,0,2,6,1.0,0.9,1.0,399.0,554.15,SAATHI,MODERATE,two_wheeler,Zepto
2,1,2,3,0,35596.20648120846,8.048841191258667,1,1,6,1.0,1.15,0.9,999.0,1437.52,SURAKSHA,MODERATE,three_wheeler,Swiggy
1,1,0,2,1,28068.68454142721,5.947859812846567,0,0,2,1.0,0.9,0.95,699.0,907.98,RAKSHAK,MODERATE,two_wheeler,Zomato
0,1,0,3,0,35648.98151328652,11.648357499024328,0,3,12,1.0,0.9,0.9,399.0,805.5,SAATHI,MODERATE,two_wheeler,Blinkit
1,0,0,3,0,16733.49324468722,6.898812949675743,0,1,10,0.85,0.9,0.9,699.0,711.27,RAKSHAK,SAFE,two_wheeler,Swiggy
1,2,0,2,1,15029.226405090496,10.531682027462677,0,0,19,1.25,0.9,0.95,699.0,1243.86,RAKSHAK,HIGH,two_wheeler,Zomato
1,0,1,2,0,35989.388851104966,8.877614657212352,0,1,7,0.85,1.0,0.95,699.0,924.1,RAKSHAK,SAFE,two_wheeler,Swiggy
1,0,1,2,1,14105.503517868216,7.428740856761371,0,1,22,0.85,1.0,0.95,699.0,1041.81,RAKSHAK,SAFE,two_wheeler,Swiggy
0,2,2,2,0,29019.91623101816,11.759616382537493,0,0,15,1.25,1.15,0.95,399.0,1021.35,SAATHI,HIGH,two_wheeler,Zomato
0,0,0,3,0,17350.98026661741,7.364388792960414,0,0,6,0.85,0.9,0.9,399.0,432.88,SAATHI,SAFE,two_wheeler,Zomato
1,1,0,2,0,22704.316418906947,7.313954012168027,0,0,19,1.0,0.9,0.95,699.0,1004.54,RAKSHAK,MODERATE,two_wheeler,Zomato
0,2,1,2,0,33409.80783997926,4.052130525535002,0,1,4,1.25,1.0,0.95,399.0,723.98,SAATHI,HIGH,two_wheeler,Swiggy
2,1,0,2,1,31755.909658115866,8.58660611111251,0,3,14,1.0,0.9,0.95,999.0,1374.61,SURAKSHA,MODERATE,two_wheeler,Blinkit
1,1,0,2,1,19964.9124423629,10.09321591174534,2,1,5,1.0,0.9,0.95,699.0,818.54,RAKSHAK,MODERATE,bicycle,Swiggy
0,1,0,3,0,35724.84075334518,7.792252658951362,0,0,16,1.0,0.9,0.9,399.0,820.12,SAATHI,MODERATE,two_wheeler,Zomato
2,1,2,1,0,28121.86841511121,11.816414875633882,0,2,1,1.0,1.15,1.0,999.0,1470.46,SURAKSHA,MODERATE,two_wheeler,Zepto
2,0,0,3,0,25116.038333867018,11.327652763725425,0,0,21,0.85,0.9,0.9,999.0,1195.86,SURAKSHA,SAFE,two_wheeler,Zomato
0,0,0,3,0,22262.752043096836,5.01352487124154,3,0,20,0.85,0.9,0.9,399.0,578.56,SAATHI,SAFE,ev_two_wheeler,Zomato
1,2,2,1,0,38326.13492084382,9.754580430437763,3,1,11,1.25,1.15,1.0,699.0,1472.29,RAKSHAK,HIGH,ev_two_wheeler,Swiggy
1,0,0,3,0,26764.02827294316,6.604916057019699,3,1,24,0.85,0.9,0.9,699.0,913.58,RAKSHAK,SAFE,ev_two_wheeler,Swiggy
2,0,0,2,0,19541.575992993137,10.896246994348079,0,3,14,0.85,0.9,0.95,999.0,1084.8,SURAKSHA,SAFE,two_wheeler,Blinkit
2,1,0,1,1,15609.341508685848,9.774557897684353,3,1,22,1.0,0.9,1.0,999.0,1389.19,SURAKSHA,MODERATE,ev_two_wheeler,Swiggy
2,1,0,3,0,34471.219931343585,11.417477960481673,0,1,17,1.0,0.9,0.9,999.0,1346.63,SURAKSHA,MODERATE,two_wheeler,Swiggy
2,0,0,2,0,17708.749814231145,4.191915259836167,3,1,13,0.85,0.9,0.95,999.0,915.32,SURAKSHA,SAFE,ev_two_wheeler,Swiggy
2,1,0,3,0,21821.632368831626,6.43894394085957,0,2,2,1.0,0.9,0.9,999.0,973.08,SURAKSHA,MODERATE,two_wheeler,Zepto
0,0,1,2,0,15536.62400874506,6.973070500581983,0,3,24,0.85,1.0,0.95,399.0,680.95,SAATHI,SAFE,two_wheeler,Blinkit
1,1,1,3,0,27052.538483788892,6.145720982084074,0,3,20,1.0,1.0,0.9,699.0,1024.62,RAKSHAK,MODERATE,two_wheeler,Blinkit
1,1,1,1,0,22363.433373371216,6.461178596950731,0,1,18,1.0,1.0,1.0,699.0,1051.37,RAKSHAK,MODERATE,two_wheeler,Swiggy
0,1,0,1,0,31748.653694617868,7.880225559517107,0,0,20,1.0,0.9,1.0,399.0,815.38,SAATHI,MODERATE,two_wheeler,Zomato
2,0,0,1,0,36551.5033701052,6.965708509165686,2,1,15,0.85,0.9,1.0,999.0,1108.33,SURAKSHA,SAFE,bicycle,Swiggy
0,0,0,2,0,22846.0377118229,9.000428583762933,0,1,14,0.85,0.9,0.95,399.0,695.59,SAATHI,SAFE,two_wheeler,Swiggy
0,0,1,1,0,24633.884011211878,11.632163618686207,0,1,4,0.85,1.0,1.0,399.0,682.06,SAATHI,SAFE,two_wheeler,Swiggy
1,1,0,2,0,38519.069196076496,6.0233167559821235,0,0,16,1.0,0.9,0.95,699.0,1040.49,RAKSHAK,MODERATE,two_wheeler,Zomato
0,0,1,3,0,26716.410595580415,4.939232498908799,0,1,14,0.85,1.0,0.9,399.0,616.83,SAATHI,SAFE,two_wheeler,Swiggy
1,1,2,3,0,16931.951748476946,10.539451273710958,0,3,22,1.0,1.15,0.9,699.0,1176.84,RAKSHAK,MODERATE,two_wheeler,Blinkit
1,1,0,2,1,36124.529877629975,4.229053637869132,0,0,2,1.0,0.9,0.95,699.0,865.73,RAKSHAK,MODERATE,two_wheeler,Zomato
2,1,1,1,0,33354.698858853975,10.793304561148965,0,2,14,1.0,1.0,1.0,999.0,1471.04,SURAKSHA,MODERATE,two_wheeler,Zepto
2,0,0,2,1,24158.37775580322,4.996123750668963,0,0,12,0.85,0.9,0.95,999.0,1056.32,SURAKSHA,SAFE,two_wheeler,Zomato
1,0,1,1,0,23643.35340750483,11.10644121837318,0,3,21,0.85,1.0,1.0,699.0,1132.09,RAKSHAK,SAFE,two_wheeler,Blinkit
2,2,1,3,0,12379.947957312446,6.039412528167272,2,1,0,1.25,1.0,0.9,999.0,1095.81,SURAKSHA,HIGH,bicycle,Swiggy
1,0,0,1,0,14568.149228981541,8.999708136745728,2,3,6,0.85,0.9,1.0,699.0,626.83,RAKSHAK,SAFE,bicycle,Blinkit
2,0,0,2,0,26393.468748219333,11.88076418671838,0,2,19,0.85,0.9,0.95,999.0,1230.47,SURAKSHA,SAFE,two_wheeler,Zepto
1,0,0,2,0,14279.034464221033,4.917551136918264,0,2,10,0.85,0.9,0.95,699.0,722.68,RAKSHAK,SAFE,two_wheeler,Zepto
1,0,0,1,1,26039.3836158644,6.15760612196547,3,2,23,0.85,0.9,1.0,699.0,992.66,RAKSHAK,SAFE,ev_two_wheeler,Zepto
1,1,0,3,0,16439.318428981776,10.7251435581857,0,1,8,1.0,0.9,0.9,699.0,807.91,RAKSHAK,MODERATE,two_wheeler,Swiggy
2,2,1,1,0,24620.28905492706,8.798612554850484,3,0,9,1.25,1.0,1.0,999.0,1574.74,SURAKSHA,HIGH,ev_two_wheeler,Zomato
2,1,0,1,0,20680.70926685456,11.443549933441581,0,3,9,1.0,0.9,1.0,999.0,1252.12,SURAKSHA,MODERATE,two_wheeler,Blinkit
2,1,0,2,0,34775.72966005906,5.580351108252469,3,3,18,1.0,0.9,0.95,999.0,1213.15,SURAKSHA,MODERATE,ev_two_wheeler,Blinkit
0,2,0,1,0,32755.032780061632,5.046888530597284,0,3,16,1.25,0.9,1.0,399.0,804.13,SAATHI,HIGH,two_wheeler,Blinkit
1,1,0,1,0,16105.195129927652,5.1722065582509495,0,1,10,1.0,0.9,1.0,699.0,782.28,RAKSHAK,MODERATE,two_wheeler,Swiggy
1,0,1,3,0,33021.24528790599,8.046348803623854,0,0,5,0.85,1.0,0.9,699.0,865.45,RAKSHAK,SAFE,two_wheeler,Zomato
1,2,1,1,0,24124.507312940972,5.716158982493829,0,0,8,1.25,1.0,1.0,699.0,1117.68,RAKSHAK,HIGH,two_wheeler,Zomato
1,1,0,1,0,26456.450984535222,4.155324479012525,2,2,11,1.0,0.9,1.0,699.0,799.94,RAKSHAK,MODERATE,bicycle,Zepto
0,2,2,1,0,31672.827070113355,8.909419013415164,1,3,24,1.25,1.15,1.0,399.0,1193.99,SAATHI,HIGH,three_wheeler,Blinkit
0,0,0,2,0,36930.97977907131,10.892439237361849,0,3,14,0.85,0.9,0.95,399.0,817.67,SAATHI,SAFE,two_wheeler,Blinkit
1,1,0,1,0,16172.06453527061,6.220938254183851,0,3,18,1.0,0.9,1.0,699.0,945.0,RAKSHAK,MODERATE,two_wheeler,Blinkit
0,1,0,2,0,38884.91228411333,9.495687639894758,3,1,22,1.0,0.9,0.95,399.0,914.0,SAATHI,MODERATE,ev_two_wheeler,Swiggy
2,0,1,2,0,25172.49678846167,5.044586646293119,0,1,23,0.85,1.0,0.95,999.0,1227.03,SURAKSHA,SAFE,two_wheeler,Swiggy
1,2,0,3,0,30347.536894333854,6.032221540664322,1,1,11,1.25,0.9,0.9,699.0,1087.46,RAKSHAK,HIGH,three_wheeler,Swiggy
1,1,0,1,0,16679.83009716142,6.023170187922971,3,0,12,1.0,0.9,1.0,699.0,815.31,RAKSHAK,MODERATE,ev_two_wheeler,Zomato
2,0,0,1,0,39521.34652007131,10.6795264257097,3,1,23,0.85,0.9,1.0,999.0,1401.37,SURAKSHA,SAFE,ev_two_wheeler,Swiggy
1,0,0,2,0,15009.980987782787,6.186099636444658,2,2,22,0.85,0.9,0.95,699.0,746.66,RAKSHAK,SAFE,bicycle,Zepto
0,1,0,3,0,29117.417714682684,9.891517136906153,0,2,23,1.0,0.9,0.9,399.0,859.75,SAATHI,MODERATE,two_wheeler,Zepto
2,2,2,1,0,35865.738426673866,10.591297019653032,0,1,8,1.25,1.15,1.0,999.0,1838.62,SURAKSHA,HIGH,two_wheeler,Swiggy
1,1,0,2,0,34793.670884553576,9.961747817569247,0,2,1,1.0,0.9,0.95,699.0,949.91,RAKSHAK,MODERATE,two_wheeler,Zepto
1,1,1,2,1,31958.55658696733,8.422720070112423,0,3,20,1.0,1.0,0.95,699.0,1241.98,RAKSHAK,MODERATE,two_wheeler,Blinkit
1,0,2,2,0,19806.963814907507,6.57437526870087,2,2,1,0.85,1.15,0.95,699.0,721.01,RAKSHAK,SAFE,bicycle,Zepto
2,2,0,2,0,33752.469542127,8.50588055100144,3,2,13,1.25,0.9,0.95,999.0,1518.47,SURAKSHA,HIGH,ev_two_wheeler,Zepto
0,0,2,1,0,26208.667108631988,4.316764574392622,0,3,9,0.85,1.15,1.0,399.0,615.01,SAATHI,SAFE,two_wheeler,Blinkit
0,2,0,3,0,33831.16223023618,8.651238161709259,0,3,3,1.25,0.9,0.9,399.0,720.31,SAATHI,HIGH,two_wheeler,Blinkit
0,0,1,2,0,26140.758478064236,5.8818766397651725,0,3,14,0.85,1.0,0.95,399.0,596.87,SAATHI,SAFE,two_wheeler,Blinkit
0,1,0,1,0,35676.768973022525,4.4523833694824635,0,2,7,1.0,0.9,1.0,399.0,622.87,SAATHI,MODERATE,two_wheeler,Zepto
1,0,1,1,0,13714.778983441818,11.111186370013048,3,2,15,0.85,1.0,1.0,699.0,944.56,RAKSHAK,SAFE,ev_two_wheeler,Zepto
0,2,0,1,0,32141.963289014646,4.160041315409348,0,2,12,1.25,0.9,1.0,399.0,754.34,SAATHI,HIGH,two_wheeler,Zepto
0,1,0,1,1,16274.532353377752,6.932094044471245,0,3,9,1.0,0.9,1.0,399.0,698.35,SAATHI,MODERATE,two_wheeler,Blinkit
1,2,0,2,1,33462.66574492406,5.209373586258604,0,3,5,1.25,0.9,0.95,699.0,1081.96,RAKSHAK,HIGH,two_wheeler,Blinkit
2,1,0,2,0,19584.47354898802,9.336545746014298,0,1,16,1.0,0.9,0.95,999.0,1203.85,SURAKSHA,MODERATE,two_wheeler,Swiggy
1,2,2,2,0,24169.68596522585,9.533627343002767,0,0,13,1.25,1.15,0.95,699.0,1345.3,RAKSHAK,HIGH,two_wheeler,Zomato
2,1,1,3,0,38038.08477148607,7.171249229805249,0,2,8,1.0,1.0,0.9,999.0,1331.0,SURAKSHA,MODERATE,two_wheeler,Zepto
0,0,2,2,0,27602.95944531927,6.932407505332722,0,0,3,0.85,1.15,0.95,399.0,586.09,SAATHI,SAFE,two_wheeler,Zomato
1,2,1,1,1,18030.553807742122,8.099249147681196,3,2,21,1.25,1.0,1.0,699.0,1298.98,RAKSHAK,HIGH,ev_two_wheeler,Zepto
1,1,0,1,0,20721.001315079553,8.71069975473465,0,0,22,1.0,0.9,1.0,699.0,1070.56,RAKSHAK,MODERATE,two_wheeler,Zomato
0,1,0,2,0,17107.463151423424,10.364778272461896,0,0,12,1.0,0.9,0.95,399.0,641.25,SAATHI,MODERATE,two_wheeler,Zomato
1,0,0,1,0,16369.360736490373,6.0346777080482275,0,3,21,0.85,0.9,1.0,699.0,906.59,RAKSHAK,SAFE,two_wheeler,Blinkit
2,2,0,2,0,38651.44819167064,6.665701784732841,2,3,22,1.25,0.9,0.95,999.0,1496.43,SURAKSHA,HIGH,bicycle,Blinkit
0,2,2,2,0,12309.523163516267,8.357112444942864,0,0,20,1.25,1.15,0.95,399.0,929.06,SAATHI,HIGH,two_wheeler,Zomato
1,1,1,1,0,19415.86720510945,5.048228046498392,3,2,5,1.0,1.0,1.0,699.0,825.15,RAKSHAK,MODERATE,ev_two_wheeler,Zepto
1,1,1,3,0,32380.57341799285,7.312495521706731,0,1,11,1.0,1.0,0.9,699.0,988.59,RAKSHAK,MODERATE,two_wheeler,Swiggy
1,1,0,1,1,26487.597286873148,9.481685970707753,0,2,18,1.0,0.9,1.0,699.0,1146.72,RAKSHAK,MODERATE,two_wheeler,Zepto
1,2,0,2,0,16578.733841027373,4.756230112003965,0,2,23,1.25,0.9,0.95,699.0,1112.58,RAKSHAK,HIGH,two_wheeler,Zepto
1,1,2,1,0,28628.059419034744,9.98868581369442,0,2,24,1.0,1.15,1.0,699.0,1366.79,RAKSHAK,MODERATE,two_wheeler,Zepto
1,2,0,2,0,23128.187626838117,7.071627623067377,0,2,12,1.25,0.9,0.95,699.0,1068.27,RAKSHAK,HIGH,two_wheeler,Zepto
0,1,0,3,1,29536.465307388622,10.552459645354798,0,2,21,1.0,0.9,0.9,399.0,926.85,SAATHI,MODERATE,two_wheeler,Zepto
1,0,0,2,0,12843.956896230786,6.324075302225512,0,1,17,0.85,0.9,0.95,699.0,769.1,RAKSHAK,SAFE,two_wheeler,Swiggy
0,1,1,1,0,21138.477748914564,6.424373986548693,0,2,3,1.0,1.0,1.0,399.0,583.99,SAATHI,MODERATE,two_wheeler,Zepto
2,1,0,1,0,30928.043706373406,9.566290451387417,0,2,1,1.0,0.9,1.0,999.0,1172.1,SURAKSHA,MODERATE,two_wheeler,Zepto
1,1,2,1,0,36344.47929197083,11.53477995270758,3,0,21,1.0,1.15,1.0,699.0,1393.93,RAKSHAK,MODERATE,ev_two_wheeler,Zomato
1,0,2,2,0,36827.33941287003,9.103213832394555,1,2,23,0.85,1.15,0.95,699.0,1294.96,RAKSHAK,SAFE,three_wheeler,Zepto
2,2,2,1,1,21899.49175242833,11.203656581983859,0,0,12,1.25,1.15,1.0,999.0,1868.67,SURAKSHA,HIGH,two_wheeler,Zomato
1,2,1,1,0,28868.18715653233,11.805109752781071,0,3,4,1.25,1.0,1.0,699.0,1270.14,RAKSHAK,HIGH,two_wheeler,Blinkit
2,2,0,2,0,19602.27794866088,10.61704681296434,0,3,9,1.25,0.9,0.95,999.0,1371.47,SURAKSHA,HIGH,two_wheeler,Blinkit
1,0,0,2,0,31856.851088468506,5.989567525336038,3,2,23,0.85,0.9,0.95,699.0,926.07,RAKSHAK,SAFE,ev_two_wheeler,Zepto
1,0,0,1,1,20645.08361676055,6.708504071677976,0,3,20,0.85,0.9,1.0,699.0,966.84,RAKSHAK,SAFE,two_wheeler,Blinkit
2,0,0,1,0,19957.896433733775,4.496627872256289,0,2,18,0.85,0.9,1.0,999.0,1083.33,SURAKSHA,SAFE,two_wheeler,Zepto
0,0,0,3,0,17347.496855125682,7.238363246893906,0,3,19,0.85,0.9,0.9,399.0,642.19,SAATHI,SAFE,two_wheeler,Blinkit
0,1,1,3,1,19734.364779827654,9.676633551026121,0,3,22,1.0,1.0,0.9,399.0,909.33,SAATHI,MODERATE,two_wheeler,Blinkit
2,0,0,1,0,14198.49633393104,6.759620376024545,0,1,12,0.85,0.9,1.0,999.0,1011.24,SURAKSHA,SAFE,two_wheeler,Swiggy
0,1,0,3,1,33155.97968678668,5.93983705116494,2,3,18,1.0,0.9,0.9,399.0,707.52,SAATHI,MODERATE,bicycle,Blinkit
1,2,0,3,0,38288.3508694608,11.931204332417085,0,3,1,1.25,0.9,0.9,699.0,1150.92,RAKSHAK,HIGH,two_wheeler,Blinkit
0,1,0,2,0,17643.06223565467,9.209005959618596,0,0,13,1.0,0.9,0.95,399.0,672.91,SAATHI,MODERATE,two_wheeler,Zomato
0,0,1,2,0,15980.012774650904,5.786380392816534,0,0,8,0.85,1.0,0.95,399.0,469.5,SAATHI,SAFE,two_wheeler,Zomato
1,1,1,2,0,14511.7365571751,11.120665356374065,0,3,20,1.0,1.0,0.95,699.0,1098.71,RAKSHAK,MODERATE,two_wheeler,Blinkit
2,1,0,3,1,37014.374619936396,4.386196508485177,0,0,7,1.0,0.9,0.9,999.0,1168.53,SURAKSHA,MODERATE,two_wheeler,Zomato
1,1,1,3,1,24805.42704044263,9.091928810967618,0,1,2,1.0,1.0,0.9,699.0,898.79,RAKSHAK,MODERATE,two_wheeler,Swiggy
1,0,0,3,0,36811.3603209686,6.829380595159735,0,0,5,0.85,0.9,0.9,699.0,826.62,RAKSHAK,SAFE,two_wheeler,Zomato
1,1,1,3,1,12252.890594338212,9.355437315441078,0,1,10,1.0,1.0,0.9,699.0,926.89,RAKSHAK,MODERATE,two_wheeler,Swiggy
0,1,0,3,0,32469.858452356817,4.152059200205371,0,1,24,1.0,0.9,0.9,399.0,791.49,SAATHI,MODERATE,two_wheeler,Swiggy
2,0,0,1,0,16725.106617469646,10.703628435992528,0,0,16,0.85,0.9,1.0,999.0,1128.24,SURAKSHA,SAFE,two_wheeler,Zomato
1,1,0,1,0,24811.03612535714,4.411284855892289,2,0,22,1.0,0.9,1.0,699.0,931.34,RAKSHAK,MODERATE,bicycle,Zomato
1,1,1,2,0,33560.318917263896,6.8757726103147325,0,0,20,1.0,1.0,0.95,699.0,1192.41,RAKSHAK,MODERATE,two_wheeler,Zomato
0,2,1,1,0,17406.023666308476,11.767893215228856,0,2,6,1.25,1.0,1.0,399.0,782.76,SAATHI,HIGH,two_wheeler,Zepto
0,1,2,1,0,26138.53735812237,11.140922672712254,1,0,10,1.0,1.15,1.0,399.0,928.41,SAATHI,MODERATE,three_wheeler,Zomato
0,0,1,1,0,24010.715142511235,9.623367984495744,0,1,19,0.85,1.0,1.0,399.0,833.41,SAATHI,SAFE,two_wheeler,Swiggy
1,1,2,1,0,13958.190202934416,11.430179404671048,0,0,21,1.0,1.15,1.0,699.0,1240.35,RAKSHAK,MODERATE,two_wheeler,Zomato
2,0,0,1,0,20529.515946457257,11.979929287009412,0,2,14,0.85,0.9,1.0,999.0,1191.04,SURAKSHA,SAFE,two_wheeler,Zepto
1,0,0,1,0,23964.709170049628,11.844325189445549,1,3,14,0.85,0.9,1.0,699.0,1019.53,RAKSHAK,SAFE,three_wheeler,Blinkit
1,0,0,3,0,26842.214855545702,6.748975969017103,0,0,3,0.85,0.9,0.9,699.0,688.54,RAKSHAK,SAFE,two_wheeler,Zomato
0,1,0,1,0,16291.062043622296,8.618229443026998,0,2,23,1.0,0.9,1.0,399.0,828.39,SAATHI,MODERATE,two_wheeler,Zepto
0,0,0,1,0,18925.468397439046,10.38540750769436,0,0,16,0.85,0.9,1.0,399.0,693.85,SAATHI,SAFE,two_wheeler,Zomato
1,1,0,1,0,13416.802377330981,10.408023181084744,0,1,11,1.0,0.9,1.0,699.0,894.42,RAKSHAK,MODERATE,two_wheeler,Swiggy
1,1,1,1,0,32195.99536073912,7.466809655445115,2,1,7,1.0,1.0,1.0,699.0,943.48,RAKSHAK,MODERATE,bicycle,Swiggy
0,2,2,2,1,17005.238097189802,7.865889249961215,3,0,20,1.25,1.15,0.95,399.0,975.21,SAATHI,HIGH,ev_two_wheeler,Zomato
1,0,0,1,0,39378.721695869455,4.8916971166681344,3,0,9,0.85,0.9,1.0,699.0,832.83,RAKSHAK,SAFE,ev_two_wheeler,Zomato
0,1,0,2,0,38713.899659443836,8.818219843998161,0,3,15,1.0,0.9,0.95,399.0,856.54,SAATHI,MODERATE,two_wheeler,Blinkit
1,2,0,2,0,21302.624666912066,11.727080103546738,0,2,22,1.25,0.9,0.95,699.0,1216.93,RAKSHAK,HIGH,two_wheeler,Zepto
0,0,0,3,0,36174.82381410214,6.051429557213662,0,1,16,0.85,0.9,0.9,399.0,723.98,SAATHI,SAFE,two_wheeler,Swiggy
1,0,0,1,0,39125.449107909415,9.348819044486701,0,3,17,0.85,0.9,1.0,699.0,1116.89,RAKSHAK,SAFE,two_wheeler,Blinkit
2,2,1,1,0,14796.285881815716,5.1222584687974155,3,2,7,1.25,1.0,1.0,999.0,1341.02,SURAKSHA,HIGH,ev_two_wheeler,Zepto
1,0,1,1,0,31308.724129176528,5.036657343439382,0,0,5,0.85,1.0,1.0,699.0,848.04,RAKSHAK,SAFE,two_wheeler,Zomato
1,2,0,1,0,32720.15508105328,8.081705618914484,3,3,3,1.25,0.9,1.0,699.0,1049.7,RAKSHAK,HIGH,ev_two_wheeler,Blinkit
0,1,0,2,1,33843.74777746258,10.290537157594096,0,1,22,1.0,0.9,0.95,399.0,1031.79,SAATHI,MODERATE,two_wheeler,Swiggy
0,0,0,1,0,24278.034951688158,6.292924467597821,0,1,5,0.85,0.9,1.0,399.0,524.03,SAATHI,SAFE,two_wheeler,Swiggy
1,0,1,1,0,39211.03560733491,10.468834017390678,0,3,22,0.85,1.0,1.0,699.0,1187.58,RAKSHAK,SAFE,two_wheeler,Blinkit
0,0,1,1,1,17134.747337824665,9.68565889495422,0,1,0,0.85,1.0,1.0,399.0,610.15,SAATHI,SAFE,two_wheeler,Swiggy
2,0,1,2,1,37665.45446298715,11.36406231589266,0,2,9,0.85,1.0,0.95,999.0,1359.1,SURAKSHA,SAFE,two_wheeler,Zepto
2,2,0,2,0,32362.039264521987,10.698286222798089,1,0,9,1.25,0.9,0.95,999.0,1512.23,SURAKSHA,HIGH,three_wheeler,Zomato
1,1,0,2,0,34957.21203956483,8.138675987835962,3,1,3,1.0,0.9,0.95,699.0,898.74,RAKSHAK,MODERATE,ev_two_wheeler,Swiggy
1,1,1,3,0,13886.751275633487,5.340268407781396,0,2,2,1.0,1.0,0.9,699.0,742.17,RAKSHAK,MODERATE,two_wheeler,Zepto
1,2,0,1,0,34536.7939437628,11.139016916746398,0,2,8,1.25,0.9,1.0,699.0,1196.44,RAKSHAK,HIGH,two_wheeler,Zepto
0,0,2,1,0,13802.754966003064,7.334612031398816,1,1,11,0.85,1.15,1.0,399.0,699.73,SAATHI,SAFE,three_wheeler,Swiggy
1,1,1,3,1,35945.4825735154,8.61741756297074,0,3,22,1.0,1.0,0.9,699.0,1277.34,RAKSHAK,MODERATE,two_wheeler,Blinkit
1,1,0,3,0,39351.22101252385,9.830826958990126,0,0,1,1.0,0.9,0.9,699.0,948.96,RAKSHAK,MODERATE,two_wheeler,Zomato
1,1,0,1,0,17618.099448903045,4.5219236334038655,0,2,23,1.0,0.9,1.0,699.0,983.99,RAKSHAK,MODERATE,two_wheeler,Zepto
1,0,0,2,1,26689.390845342496,6.988197022499063,0,1,13,0.85,0.9,0.95,699.0,1006.92,RAKSHAK,SAFE,two_wheeler,Swiggy
2,0,2,1,0,24333.54223751099,6.855319211772121,2,2,14,0.85,1.15,1.0,999.0,1246.8,SURAKSHA,SAFE,bicycle,Zepto
1,1,2,1,1,18038.502775302277,9.714921295578629,0,3,16,1.0,1.15,1.0,699.0,1271.9,RAKSHAK,MODERATE,two_wheeler,Blinkit
0,1,1,1,0,39280.50473410063,9.545496030299155,0,3,1,1.0,1.0,1.0,399.0,742.13,SAATHI,MODERATE,two_wheeler,Blinkit
1,0,0,1,0,26235.663438010473,8.687233885020351,3,0,21,0.85,0.9,1.0,699.0,1018.11,RAKSHAK,SAFE,ev_two_wheeler,Zomato
1,1,0,2,0,21140.621571690084,9.127952929009247,0,3,17,1.0,0.9,0.95,699.0,961.11,RAKSHAK,MODERATE,two_wheeler,Blinkit
2,0,0,2,0,27187.546999222155,10.359106638409983,3,0,17,0.85,0.9,0.95,999.0,1174.24,SURAKSHA,SAFE,ev_two_wheeler,Zomato
1,2,0,2,0,23217.59891953358,4.547048976859451,3,0,21,1.25,0.9,0.95,699.0,1106.19,RAKSHAK,HIGH,ev_two_wheeler,Zomato
1,0,1,1,0,17644.270414720988,6.37930109341046,0,2,9,0.85,1.0,1.0,699.0,829.81,RAKSHAK,SAFE,two_wheeler,Zepto
1,1,0,1,0,38263.41539678266,6.275974272445714,3,2,11,1.0,0.9,1.0,699.0,997.61,RAKSHAK,MODERATE,ev_two_wheeler,Zepto
1,2,0,3,0,28952.532967081952,10.883643328767896,3,1,12,1.25,0.9,0.9,699.0,1101.36,RAKSHAK,HIGH,ev_two_wheeler,Swiggy
1,0,2,2,0,23600.77821855797,5.181417902708605,0,0,2,0.85,1.15,0.95,699.0,844.77,RAKSHAK,SAFE,two_wheeler,Zomato
0,1,0,1,0,17183.5602160501,10.879537897935087,0,2,2,1.0,0.9,1.0,399.0,594.53,SAATHI,MODERATE,two_wheeler,Zepto
0,1,0,1,0,17177.90214785673,4.2723950524285,3,2,15,1.0,0.9,1.0,399.0,562.05,SAATHI,MODERATE,ev_two_wheeler,Zepto
1,1,0,1,1,35088.124369224446,10.074155357307134,0,2,21,1.0,0.9,1.0,699.0,1274.72,RAKSHAK,MODERATE,two_wheeler,Zepto
0,1,0,2,0,16217.319683170646,7.689619777057088,0,1,10,1.0,0.9,0.95,399.0,601.53,SAATHI,MODERATE,two_wheeler,Swiggy
1,0,0,1,0,15967.45768328649,7.623462964587624,0,3,10,0.85,0.9,1.0,699.0,809.32,RAKSHAK,SAFE,two_wheeler,Blinkit
0,1,0,1,1,17076.18921638955,7.669866617093936,3,2,2,1.0,0.9,1.0,399.0,568.94,SAATHI,MODERATE,ev_two_wheeler,Zepto
1,2,0,2,0,36947.121805134346,7.485262379252041,0,0,24,1.25,0.9,0.95,699.0,1322.32,RAKSHAK,HIGH,two_wheeler,Zomato
2,1,0,3,0,22503.015692912842,9.997713386294386,0,2,19,1.0,0.9,0.9,999.0,1264.95,SURAKSHA,MODERATE,two_wheeler,Zepto
1,0,1,2,0,35129.32122304289,5.471168180200111,0,3,9,0.85,1.0,0.95,699.0,884.59,RAKSHAK,SAFE,two_wheeler,Blinkit
0,1,1,1,0,29513.151163349004,10.696090084024135,0,1,18,1.0,1.0,1.0,399.0,882.34,SAATHI,MODERATE,two_wheeler,Swiggy
2,0,0,3,0,38347.96997910272,6.248521191573881,0,0,4,0.85,0.9,0.9,999.0,1000.31,SURAKSHA,SAFE,two_wheeler,Zomato
2,1,2,1,0,17483.821753291384,6.547001784898534,0,3,19,1.0,1.15,1.0,999.0,1451.11,SURAKSHA,MODERATE,two_wheeler,Blinkit
1,0,0,1,0,24031.918630546897,5.572293899229993,0,2,14,0.85,0.9,1.0,699.0,868.63,RAKSHAK,SAFE,two_wheeler,Zepto
1,0,0,1,0,37981.524522699634,11.600540984958919,2,1,5,0.85,0.9,1.0,699.0,865.44,RAKSHAK,SAFE,bicycle,Swiggy
1,0,1,1,1,21079.62033805716,8.246878202617633,0,2,16,0.85,1.0,1.0,699.0,1063.5,RAKSHAK,SAFE,two_wheeler,Zepto
0,2,1,2,0,25226.980869920662,7.863571468587543,0,3,15,1.25,1.0,0.95,399.0,860.23,SAATHI,HIGH,two_wheeler,Blinkit
0,0,0,2,1,20576.035818737386,4.7164370939503915,3,3,18,0.85,0.9,0.95,399.0,635.13,SAATHI,SAFE,ev_two_wheeler,Blinkit
1,0,0,2,0,14897.19843578982,8.42629132784754,0,3,4,0.85,0.9,0.95,699.0,657.42,RAKSHAK,SAFE,two_wheeler,Blinkit
0,2,1,2,0,34054.905060013865,9.869674475981057,1,3,20,1.25,1.0,0.95,399.0,1067.32,SAATHI,HIGH,three_wheeler,Blinkit
1,1,2,3,0,39443.92807417353,11.984126526595674,0,1,7,1.0,1.15,0.9,699.0,1172.61,RAKSHAK,MODERATE,two_wheeler,Swiggy
1,0,0,3,0,22733.20571100355,4.551297439423051,0,1,5,0.85,0.9,0.9,699.0,663.0,RAKSHAK,SAFE,two_wheeler,Swiggy
1,1,1,1,0,13053.34537144352,10.14448227754067,0,2,20,1.0,1.0,1.0,699.0,1025.59,RAKSHAK,MODERATE,two_wheeler,Zepto
0,0,1,2,0,33280.6277344613,11.83540316665551,2,2,11,0.85,1.0,0.95,399.0,717.13,SAATHI,SAFE,bicycle,Zepto
1,1,0,2,1,23772.297019827034,11.201103610344028,0,2,2,1.0,0.9,0.95,699.0,940.67,RAKSHAK,MODERATE,two_wheeler,Zepto
2,0,0,2,0,20243.84680831827,4.54981023901303,0,2,14,0.85,0.9,0.95,999.0,988.04,SURAKSHA,SAFE,two_wheeler,Zepto
0,2,0,1,0,34686.043413666266,10.456109085327071,2,1,16,1.25,0.9,1.0,399.0,867.42,SAATHI,HIGH,bicycle,Swiggy
0,1,1,3,0,24751.427191476032,9.589824548474798,0,0,11,1.0,1.0,0.9,399.0,714.0,SAATHI,MODERATE,two_wheeler,Zomato
1,1,0,2,0,13105.476253654775,6.2003221145001355,0,1,2,1.0,0.9,0.95,699.0,725.78,RAKSHAK,MODERATE,two_wheeler,Swiggy
2,0,0,1,0,25465.69492544228,8.45163502876672,3,1,9,0.85,0.9,1.0,999.0,1024.21,SURAKSHA,SAFE,ev_two_wheeler,Swiggy
0,0,1,3,0,30885.366723556443,4.0277152727802505,0,1,3,0.85,1.0,0.9,399.0,535.94,SAATHI,SAFE,two_wheeler,Swiggy
0,0,0,2,0,12207.237505892152,8.011349670783204,0,2,14,0.85,0.9,0.95,399.0,659.56,SAATHI,SAFE,two_wheeler,Zepto
0,0,0,1,0,18813.926557711904,4.798144270806451,2,2,6,0.85,0.9,1.0,399.0,343.13,SAATHI,SAFE,bicycle,Zepto
1,2,0,2,0,19903.58988297481,6.201512579420333,0,1,16,1.25,0.9,0.95,699.0,1075.21,RAKSHAK,HIGH,two_wheeler,Swiggy
1,1,1,3,1,34073.167077392965,7.80151328033715,0,2,17,1.0,1.0,0.9,699.0,1184.05,RAKSHAK,MODERATE,two_wheeler,Zepto
1,1,0,2,0,29365.735294344056,5.916838583356365,0,1,4,1.0,0.9,0.95,699.0,824.17,RAKSHAK,MODERATE,two_wheeler,Swiggy
1,2,1,1,1,26943.610455624803,6.311815969984257,0,3,9,1.25,1.0,1.0,699.0,1280.93,RAKSHAK,HIGH,two_wheeler,Blinkit
2,2,2,2,1,14038.833148195823,6.7863953390895055,0,3,24,1.25,1.15,0.95,999.0,1801.78,SURAKSHA,HIGH,two_wheeler,Blinkit
1,1,0,1,0,38951.948446573704,5.236014491962427,3,3,2,1.0,0.9,1.0,699.0,877.63,RAKSHAK,MODERATE,ev_two_wheeler,Blinkit
2,1,1,2,0,13559.793079415875,11.3480812055084,3,0,7,1.0,1.0,0.95,999.0,1189.41,SURAKSHA,MODERATE,ev_two_wheeler,Zomato
1,1,0,2,1,18091.384040402023,5.4660469175124975,0,1,11,1.0,0.9,0.95,699.0,848.03,RAKSHAK,MODERATE,two_wheeler,Swiggy
0,0,0,3,0,23366.9207775085,8.275103714286136,0,0,24,0.85,0.9,0.9,399.0,770.92,SAATHI,SAFE,two_wheeler,Zomato
1,0,0,1,0,30337.298903983923,4.6199681732939375,0,2,2,0.85,0.9,1.0,699.0,706.86,RAKSHAK,SAFE,two_wheeler,Zepto
1,2,0,3,0,14361.31601634698,9.527535152134865,0,1,10,1.25,0.9,0.9,699.0,902.44,RAKSHAK,HIGH,two_wheeler,Swiggy
0,0,0,1,0,20267.8802251812,10.784550253358441,0,0,18,0.85,0.9,1.0,399.0,753.21,SAATHI,SAFE,two_wheeler,Zomato
1,0,0,3,0,19540.908518059965,7.933672555487651,1,3,21,0.85,0.9,0.9,699.0,949.77,RAKSHAK,SAFE,three_wheeler,Blinkit
1,2,1,2,0,37238.50471459552,4.1705765878457015,0,3,7,1.25,1.0,0.95,699.0,1131.21,RAKSHAK,HIGH,two_wheeler,Blinkit
1,0,2,3,0,37031.34688056694,4.930145210130122,2,2,5,0.85,1.15,0.9,699.0,789.35,RAKSHAK,SAFE,bicycle,Zepto
1,0,1,1,0,37881.155926299274,8.935436840556374,0,3,11,0.85,1.0,1.0,699.0,1075.25,RAKSHAK,SAFE,two_wheeler,Blinkit
0,0,0,1,0,20972.18606567674,8.4728633647028,0,3,9,0.85,0.9,1.0,399.0,586.22,SAATHI,SAFE,two_wheeler,Blinkit
0,2,2,1,0,17903.934133384282,8.47040667483197,0,0,18,1.25,1.15,1.0,399.0,911.08,SAATHI,HIGH,two_wheeler,Zomato
2,0,1,2,0,29767.870381659835,7.441315620115997,0,0,12,0.85,1.0,0.95,999.0,1173.57,SURAKSHA,SAFE,two_wheeler,Zomato
1,0,0,2,0,33705.91688255679,8.922491257819514,0,2,24,0.85,0.9,0.95,699.0,1091.9,RAKSHAK,SAFE,two_wheeler,Zepto
2,1,0,3,0,36877.819088201926,6.6239867869683176,0,2,7,1.0,0.9,0.9,999.0,1123.54,SURAKSHA,MODERATE,two_wheeler,Zepto
0,1,0,1,1,21911.827813335454,8.518526255935768,2,0,4,1.0,0.9,1.0,399.0,580.08,SAATHI,MODERATE,bicycle,Zomato
0,2,0,3,0,39225.530544679124,8.867063625198362,3,2,11,1.25,0.9,0.9,399.0,777.37,SAATHI,HIGH,ev_two_wheeler,Zepto
1,1,0,1,0,39006.387336024265,10.646282353375785,3,3,22,1.0,0.9,1.0,699.0,1238.06,RAKSHAK,MODERATE,ev_two_wheeler,Blinkit
1,0,0,2,1,30164.325297310603,8.55798584930632,0,2,8,0.85,0.9,0.95,699.0,956.07,RAKSHAK,SAFE,two_wheeler,Zepto
2,0,0,1,1,34191.04233120105,5.192783155755159,0,1,17,0.85,0.9,1.0,999.0,1237.8,SURAKSHA,SAFE,two_wheeler,Swiggy
2,2,0,2,0,27255.947199340455,8.421565510102283,2,3,24,1.25,0.9,0.95,999.0,1474.68,SURAKSHA,HIGH,bicycle,Blinkit
0,2,2,2,1,20464.397315425682,10.88895334690217,0,1,19,1.25,1.15,0.95,399.0,1054.41,SAATHI,HIGH,two_wheeler,Swiggy
0,1,0,2,0,16317.621593860993,5.756173085810539,0,1,15,1.0,0.9,0.95,399.0,617.97,SAATHI,MODERATE,two_wheeler,Swiggy
1,0,0,2,0,19320.190537898074,11.47818120638324,3,2,23,0.85,0.9,0.95,699.0,975.5,RAKSHAK,SAFE,ev_two_wheeler,Zepto
0,0,1,2,1,22787.977928951514,11.209731714086322,0,0,11,0.85,1.0,0.95,399.0,776.2,SAATHI,SAFE,two_wheeler,Zomato
1,2,0,1,0,29085.124303430875,11.270811023058574,0,0,12,1.25,0.9,1.0,699.0,1192.92,RAKSHAK,HIGH,two_wheeler,Zomato
1,1,0,2,0,25449.564134222353,5.185752878428133,0,0,10,1.0,0.9,0.95,699.0,867.86,RAKSHAK,MODERATE,two_wheeler,Zomato
2,1,0,2,0,13740.253959711888,7.218490569393296,2,0,24,1.0,0.9,0.95,999.0,1152.8,SURAKSHA,MODERATE,bicycle,Zomato
0,0,0,2,0,29335.211468495785,8.044755213526765,2,2,23,0.85,0.9,0.95,399.0,705.76,SAATHI,SAFE,bicycle,Zepto
1,1,2,2,1,12030.563148642794,8.241885541807129,0,0,1,1.0,1.15,0.95,699.0,938.05,RAKSHAK,MODERATE,two_wheeler,Zomato
0,1,0,1,0,36359.62781404842,10.529713236248107,1,3,12,1.0,0.9,1.0,399.0,927.09,SAATHI,MODERATE,three_wheeler,Blinkit
0,0,1,2,0,14842.023239377806,4.017965667821242,0,3,22,0.85,1.0,0.95,399.0,591.88,SAATHI,SAFE,two_wheeler,Blinkit
1,0,0,2,1,31596.852199441637,6.2108237512013345,0,1,16,0.85,0.9,0.95,699.0,963.07,RAKSHAK,SAFE,two_wheeler,Swiggy
1,1,2,1,0,36899.424335098534,4.766351071341,0,1,14,1.0,1.15,1.0,699.0,1220.83,RAKSHAK,MODERATE,two_wheeler,Swiggy
2,0,2,3,0,18488.29877681015,6.180573355347316,0,3,9,0.85,1.15,0.9,999.0,1112.01,SURAKSHA,SAFE,two_wheeler,Blinkit
1,2,1,2,0,28511.171265917546,6.776366633983077,1,1,5,1.25,1.0,0.95,699.0,1106.31,RAKSHAK,HIGH,three_wheeler,Swiggy
0,1,0,2,1,23259.313464766732,10.629263673928214,2,0,16,1.0,0.9,0.95,399.0,720.89,SAATHI,MODERATE,bicycle,Zomato
2,1,0,1,0,16133.185174348624,6.727035042457905,0,0,5,1.0,0.9,1.0,999.0,1081.46,SURAKSHA,MODERATE,two_wheeler,Zomato
2,1,0,1,0,28452.274175721595,7.970210739763769,0,1,7,1.0,0.9,1.0,999.0,1200.94,SURAKSHA,MODERATE,two_wheeler,Swiggy
1,1,2,1,0,33235.48533195775,6.394183141952246,2,2,2,1.0,1.15,1.0,699.0,938.24,RAKSHAK,MODERATE,bicycle,Zepto
0,1,0,2,1,19464.732151251686,11.493505914279158,0,1,7,1.0,0.9,0.95,399.0,712.6,SAATHI,MODERATE,two_wheeler,Swiggy
1,0,0,2,0,16442.344758966632,8.254856874857314,0,0,0,0.85,0.9,0.95,699.0,653.95,RAKSHAK,SAFE,two_wheeler,Zomato
2,1,0,1,0,12858.216539802508,5.005300396892046,3,0,13,1.0,0.9,1.0,999.0,1098.08,SURAKSHA,MODERATE,ev_two_wheeler,Zomato
1,0,0,1,0,27548.72360403761,4.236673469104111,0,1,3,0.85,0.9,1.0,699.0,701.99,RAKSHAK,SAFE,two_wheeler,Swiggy
1,1,1,2,0,26828.93591384691,7.097261649067483,3,1,5,1.0,1.0,0.95,699.0,905.66,RAKSHAK,MODERATE,ev_two_wheeler,Swiggy
0,0,2,3,0,37319.45663760432,7.52697897196062,0,0,5,0.85,1.15,0.9,399.0,723.13,SAATHI,SAFE,two_wheeler,Zomato
0,1,2,1,0,22125.36879237624,10.875726223764524,0,2,16,1.0,1.15,1.0,399.0,885.95,SAATHI,MODERATE,two_wheeler,Zepto
1,2,0,1,0,33493.33543914471,5.782127011335599,3,1,2,1.25,0.9,1.0,699.0,1054.42,RAKSHAK,HIGH,ev_two_wheeler,Swiggy
1,0,2,2,1,38781.470722474354,5.005127816876771,0,0,17,0.85,1.15,0.95,699.0,1152.24,RAKSHAK,SAFE,two_wheeler,Zomato
2,1,0,1,0,18052.30717297863,7.869628866521383,3,1,1,1.0,0.9,1.0,999.0,1030.28,SURAKSHA,MODERATE,ev_two_wheeler,Swiggy
1,0,0,3,1,38517.002059437524,9.465582805479976,0,3,16,0.85,0.9,0.9,699.0,1111.42,RAKSHAK,SAFE,two_wheeler,Blinkit
0,1,0,2,0,18996.21839614227,7.490154240340714,3,1,14,1.0,0.9,0.95,399.0,647.64,SAATHI,MODERATE,ev_two_wheeler,Swiggy
1,0,1,1,0,20213.193329782283,10.363065392980943,0,3,4,0.85,1.0,1.0,699.0,894.15,RAKSHAK,SAFE,two_wheeler,Blinkit
0,0,0,1,0,23885.898486760692,10.672355329771857,2,3,19,0.85,0.9,1.0,399.0,657.98,SAATHI,SAFE,bicycle,Blinkit
1,0,1,3,0,21981.388624139312,11.83848139111484,2,2,9,0.85,1.0,0.9,699.0,778.43,RAKSHAK,SAFE,bicycle,Zepto
1,1,1,1,0,38792.32685352314,6.305399302224053,3,0,14,1.0,1.0,1.0,699.0,1075.53,RAKSHAK,MODERATE,ev_two_wheeler,Zomato
1,2,0,3,0,13004.941399215888,9.701698625652101,0,2,10,1.25,0.9,0.9,699.0,986.27,RAKSHAK,HIGH,two_wheeler,Zepto
1,0,0,1,0,13838.691860120478,4.802934437521338,1,2,7,0.85,0.9,1.0,699.0,721.5,RAKSHAK,SAFE,three_wheeler,Zepto
2,2,0,1,0,17939.609961086608,6.348362343159734,0,0,8,1.25,0.9,1.0,999.0,1386.51,SURAKSHA,HIGH,two_wheeler,Zomato
1,1,0,3,0,29266.76093652163,8.02585419083103,0,2,5,1.0,0.9,0.9,699.0,874.76,RAKSHAK,MODERATE,two_wheeler,Zepto
1,2,0,3,0,23553.35090165298,11.413982170761347,0,3,2,1.25,0.9,0.9,699.0,981.53,RAKSHAK,HIGH,two_wheeler,Blinkit
1,0,0,1,1,16070.834008664813,8.507456040076367,0,1,15,0.85,0.9,1.0,699.0,914.17,RAKSHAK,SAFE,two_wheeler,Swiggy
1,2,0,3,1,15851.799227151108,6.487077604118701,1,2,21,1.25,0.9,0.9,699.0,1208.91,RAKSHAK,HIGH,three_wheeler,Zepto
0,2,1,2,0,36540.466874946884,7.09140687877187,0,2,21,1.25,1.0,0.95,399.0,1050.51,SAATHI,HIGH,two_wheeler,Zepto
1,1,0,2,0,38215.68313474504,4.899731487690916,0,1,20,1.0,0.9,0.95,699.0,1043.61,RAKSHAK,MODERATE,two_wheeler,Swiggy
1,1,2,2,0,24443.007556815657,11.843894735576114,0,2,14,1.0,1.15,0.95,699.0,1222.12,RAKSHAK,MODERATE,two_wheeler,Zepto
0,0,0,2,0,14147.578065223352,11.468704419329706,0,3,11,0.85,0.9,0.95,399.0,583.74,SAATHI,SAFE,two_wheeler,Blinkit
1,1,2,1,1,36661.18521281137,10.141295651326498,2,1,19,1.0,1.15,1.0,699.0,1353.69,RAKSHAK,MODERATE,bicycle,Swiggy
1,1,1,2,0,27014.930513902727,5.582677737775059,1,2,15,1.0,1.0,0.95,699.0,1057.59,RAKSHAK,MODERATE,three_wheeler,Zepto
1,2,0,1,1,39224.93916251806,8.886967535732937,0,3,14,1.25,0.9,1.0,699.0,1359.9,RAKSHAK,HIGH,two_wheeler,Blinkit
0,1,0,2,0,12895.9026185955,8.059155352440957,3,3,17,1.0,0.9,0.95,399.0,692.75,SAATHI,MODERATE,ev_two_wheeler,Blinkit
2,1,0,2,0,39822.77811375677,7.091685953190352,0,1,12,1.0,0.9,0.95,999.0,1344.71,SURAKSHA,MODERATE,two_wheeler,Swiggy
1,1,1,1,0,39041.945012223696,4.592383724911311,3,2,4,1.0,1.0,1.0,699.0,949.52,RAKSHAK,MODERATE,ev_two_wheeler,Zepto
0,2,1,3,0,26958.852234308997,11.723696600353643,0,3,11,1.25,1.0,0.9,399.0,860.8,SAATHI,HIGH,two_wheeler,Blinkit
1,0,0,1,0,30773.801067813067,11.009822410241915,3,3,19,0.85,0.9,1.0,699.0,1031.88,RAKSHAK,SAFE,ev_two_wheeler,Blinkit
1,1,0,2,0,13116.785081617296,6.645173933871269,0,0,0,1.0,0.9,0.95,699.0,718.25,RAKSHAK,MODERATE,two_wheeler,Zomato
1,0,0,2,0,31841.659543187536,7.3297574460610155,2,2,18,0.85,0.9,0.95,699.0,890.26,RAKSHAK,SAFE,bicycle,Zepto
0,1,1,2,0,19255.36291959984,6.838041369038062,1,2,8,1.0,1.0,0.95,399.0,665.53,SAATHI,MODERATE,three_wheeler,Zepto
1,0,0,3,1,28767.58651602912,6.183350779234671,0,3,5,0.85,0.9,0.9,699.0,859.27,RAKSHAK,SAFE,two_wheeler,Blinkit
1,2,1,1,0,13466.090477443411,11.94030455924382,3,1,4,1.25,1.0,1.0,699.0,1091.19,RAKSHAK,HIGH,ev_two_wheeler,Swiggy
1,2,1,2,0,30416.638211649228,10.130387024098082,0,3,14,1.25,1.0,0.95,699.0,1278.17,RAKSHAK,HIGH,two_wheeler,Blinkit
1,0,2,1,0,19875.260134703633,11.312000296074224,0,3,13,0.85,1.15,1.0,699.0,1030.94,RAKSHAK,SAFE,two_wheeler,Blinkit
2,1,0,3,0,25645.9223846018,9.075178075976677,3,3,8,1.0,0.9,0.9,999.0,1091.51,SURAKSHA,MODERATE,ev_two_wheeler,Blinkit
2,0,0,3,0,35130.29794964065,4.717130145890714,0,1,20,0.85,0.9,0.9,999.0,1125.19,SURAKSHA,SAFE,two_wheeler,Swiggy
0,0,0,2,0,31955.118849233757,5.5775415389763285,0,1,22,0.85,0.9,0.95,399.0,751.53,SAATHI,SAFE,two_wheeler,Swiggy
2,1,1,2,0,28658.318291831834,5.051324761130097,0,3,7,1.0,1.0,0.95,999.0,1215.61,SURAKSHA,MODERATE,two_wheeler,Blinkit
0,1,0,2,0,14290.929327812666,5.0193241504124275,0,0,9,1.0,0.9,0.95,399.0,549.6,SAATHI,MODERATE,two_wheeler,Zomato
1,0,1,1,0,14012.860959343434,9.548688658113335,3,1,4,0.85,1.0,1.0,699.0,758.78,RAKSHAK,SAFE,ev_two_wheeler,Swiggy
2,0,0,3,0,15148.61885053893,11.941237978021729,1,1,12,0.85,0.9,0.9,999.0,1072.33,SURAKSHA,SAFE,three_wheeler,Swiggy
0,1,0,2,0,22735.9317327894,6.145941545312463,0,0,13,1.0,0.9,0.95,399.0,642.62,SAATHI,MODERATE,two_wheeler,Zomato
1,1,0,1,0,26926.314498894466,11.767296562902118,0,2,11,1.0,0.9,1.0,699.0,1027.65,RAKSHAK,MODERATE,two_wheeler,Zepto
2,2,0,1,0,39294.61748300216,8.851411926439525,2,2,24,1.25,0.9,1.0,999.0,1592.26,SURAKSHA,HIGH,bicycle,Zepto
1,1,1,1,0,16346.199978377133,5.025796073917361,3,0,8,1.0,1.0,1.0,699.0,838.87,RAKSHAK,MODERATE,ev_two_wheeler,Zomato
1,1,0,1,0,28739.947729870815,9.701103611452645,0,2,15,1.0,0.9,1.0,699.0,1055.24,RAKSHAK,MODERATE,two_wheeler,Zepto
1,2,1,1,0,15122.657011120395,7.457243640869081,3,0,11,1.25,1.0,1.0,699.0,1094.71,RAKSHAK,HIGH,ev_two_wheeler,Zomato
1,2,0,3,0,37342.49509455581,8.663841618372121,0,3,11,1.25,0.9,0.9,699.0,1156.49,RAKSHAK,HIGH,two_wheeler,Blinkit
0,0,0,1,0,27438.1550067308,5.106103872446284,0,0,17,0.85,0.9,1.0,399.0,672.71,SAATHI,SAFE,two_wheeler,Zomato
2,2,0,2,1,26495.966253591687,4.181110587429979,0,3,12,1.25,0.9,0.95,999.0,1447.34,SURAKSHA,HIGH,two_wheeler,Blinkit
1,1,1,2,1,34277.049894945245,8.456614735795442,0,1,17,1.0,1.0,0.95,699.0,1185.39,RAKSHAK,MODERATE,two_wheeler,Swiggy
1,1,0,1,0,23224.170686537942,6.695028361110977,0,1,19,1.0,0.9,1.0,699.0,1008.6,RAKSHAK,MODERATE,two_wheeler,Swiggy
1,1,0,3,0,34060.71714099247,8.138737709084836,0,2,22,1.0,0.9,0.9,699.0,1124.63,RAKSHAK,MODERATE,two_wheeler,Zepto
0,1,0,1,1,35963.509513857745,8.128140347341038,0,0,7,1.0,0.9,1.0,399.0,796.02,SAATHI,MODERATE,two_wheeler,Zomato
1,2,1,1,1,22308.36073015806,6.812132999285809,2,0,3,1.25,1.0,1.0,699.0,1011.45,RAKSHAK,HIGH,bicycle,Zomato
2,0,0,2,0,27749.177178802962,11.120383278991527,0,2,12,0.85,0.9,0.95,999.0,1139.33,SURAKSHA,SAFE,two_wheeler,Zepto
2,2,0,3,0,35952.119892486175,5.329527356924094,1,0,7,1.25,0.9,0.9,999.0,1407.76,SURAKSHA,HIGH,three_wheeler,Zomato
2,2,0,2,0,21715.700922161097,9.020291919563007,0,2,24,1.25,0.9,0.95,999.0,1572.36,SURAKSHA,HIGH,two_wheeler,Zepto
1,0,0,3,0,27883.76639914,5.433334998709719,0,3,12,0.85,0.9,0.9,699.0,805.19,RAKSHAK,SAFE,two_wheeler,Blinkit
0,2,0,3,0,30691.738850012804,4.903070547934781,0,3,21,1.25,0.9,0.9,399.0,850.77,SAATHI,HIGH,two_wheeler,Blinkit
0,2,2,1,0,28817.16335349451,10.878998000562149,0,1,10,1.25,1.15,1.0,399.0,1011.7,SAATHI,HIGH,two_wheeler,Swiggy
2,0,0,2,1,38568.07020497846,8.308363537121048,0,0,24,0.85,0.9,0.95,999.0,1406.31,SURAKSHA,SAFE,two_wheeler,Zomato
1,0,1,1,0,38796.605074384395,11.310584230362101,3,3,4,0.85,1.0,1.0,699.0,1002.61,RAKSHAK,SAFE,ev_two_wheeler,Blinkit
0,2,1,2,1,28102.145205789922,5.037846021804384,0,0,7,1.25,1.0,0.95,399.0,818.03,SAATHI,HIGH,two_wheeler,Zomato
2,1,0,2,0,39990.477791591635,10.212659688358952,1,1,7,1.0,0.9,0.95,999.0,1381.76,SURAKSHA,MODERATE,three_wheeler,Swiggy
1,1,0,1,1,20092.95379825792,11.947472394956488,3,2,15,1.0,0.9,1.0,699.0,1116.61,RAKSHAK,MODERATE,ev_two_wheeler,Zepto
1,2,1,2,0,12630.469729969065,5.293986321154019,2,0,8,1.25,1.0,0.95,699.0,821.02,RAKSHAK,HIGH,bicycle,Zomato
1,1,0,1,0,30692.07545380285,6.359240928115548,0,1,8,1.0,0.9,1.0,699.0,930.08,RAKSHAK,MODERATE,two_wheeler,Swiggy
1,1,1,2,0,21151.76131809924,7.1737529324062805,3,2,17,1.0,1.0,0.95,699.0,1008.69,RAKSHAK,MODERATE,ev_two_wheeler,Zepto
1,1,1,3,1,29393.420173132836,6.243420280466226,0,0,6,1.0,1.0,0.9,699.0,994.51,RAKSHAK,MODERATE,two_wheeler,Zomato
0,0,1,1,1,33179.45738722787,9.878454648063144,1,2,12,0.85,1.0,1.0,399.0,872.63,SAATHI,SAFE,three_wheeler,Zepto
0,1,0,2,0,21910.987994382274,11.577899801890663,3,2,13,1.0,0.9,0.95,399.0,719.8,SAATHI,MODERATE,ev_two_wheeler,Zepto
0,1,0,1,0,34268.596924311205,4.646072719538306,0,3,14,1.0,0.9,1.0,399.0,728.37,SAATHI,MODERATE,two_wheeler,Blinkit
1,0,0,3,1,29938.288642963147,6.50912879349496,0,3,1,0.85,0.9,0.9,699.0,772.64,RAKSHAK,SAFE,two_wheeler,Blinkit
0,1,2,2,0,19910.165235684457,4.743158203367243,0,2,21,1.0,1.15,0.95,399.0,763.16,SAATHI,MODERATE,two_wheeler,Zepto
1,0,1,1,1,30959.35829632324,10.01170028502251,0,0,9,0.85,1.0,1.0,699.0,1088.35,RAKSHAK,SAFE,two_wheeler,Zomato
1,1,1,1,0,18877.914670510494,6.357813573821415,0,0,23,1.0,1.0,1.0,699.0,1090.12,RAKSHAK,MODERATE,two_wheeler,Zomato
1,2,0,1,0,34145.48205997341,5.411489323361833,0,3,21,1.25,0.9,1.0,699.0,1286.66,RAKSHAK,HIGH,two_wheeler,Blinkit
1,0,0,1,0,16009.800354558243,9.699437861479577,0,0,7,0.85,0.9,1.0,699.0,767.43,RAKSHAK,SAFE,two_wheeler,Zomato
1,0,2,1,1,24103.444494341707,9.359349723765057,3,2,6,0.85,1.15,1.0,699.0,1018.04,RAKSHAK,SAFE,ev_two_wheeler,Zepto
1,1,0,1,0,17955.972258650298,5.83323349620343,0,3,4,1.0,0.9,1.0,699.0,789.38,RAKSHAK,MODERATE,two_wheeler,Blinkit
0,1,0,1,0,21178.427121979068,5.764544589095541,0,2,15,1.0,0.9,1.0,399.0,668.37,SAATHI,MODERATE,two_wheeler,Zepto
1,0,1,2,1,20266.439366405775,9.157804690727161,0,0,5,0.85,1.0,0.95,699.0,892.95,RAKSHAK,SAFE,two_wheeler,Zomato
1,1,2,3,1,31440.23978800249,5.488400262469596,2,0,13,1.0,1.15,0.9,699.0,1047.78,RAKSHAK,MODERATE,bicycle,Zomato
2,0,0,1,0,27745.83720805144,11.969584396685557,0,3,19,0.85,0.9,1.0,999.0,1278.94,SURAKSHA,SAFE,two_wheeler,Blinkit
1,2,2,1,0,38863.13650790695,10.383922249877976,0,2,15,1.25,1.15,1.0,699.0,1517.24,RAKSHAK,HIGH,two_wheeler,Zepto
2,0,0,1,1,23947.737222543576,9.229648838413684,2,3,17,0.85,0.9,1.0,999.0,1149.51,SURAKSHA,SAFE,bicycle,Blinkit
2,0,0,3,0,37254.080854602085,11.216154395916346,0,0,2,0.85,0.9,0.9,999.0,1052.18,SURAKSHA,SAFE,two_wheeler,Zomato
1,0,0,1,0,21769.65346494014,8.966432682150348,0,3,21,0.85,0.9,1.0,699.0,1021.11,RAKSHAK,SAFE,two_wheeler,Blinkit
2,2,0,2,0,21433.047825013622,6.994513266269427,3,2,5,1.25,0.9,0.95,999.0,1266.93,SURAKSHA,HIGH,ev_two_wheeler,Zepto
2,0,1,1,1,33180.30237774006,9.45959669080633,0,3,11,0.85,1.0,1.0,999.0,1323.52,SURAKSHA,SAFE,two_wheeler,Blinkit
0,0,0,2,0,16994.500054210534,7.374630420598351,0,1,20,0.85,0.9,0.95,399.0,642.31,SAATHI,SAFE,two_wheeler,Swiggy
1,2,1,2,0,29017.33552451539,6.928114822957438,0,2,1,1.25,1.0,0.95,699.0,1034.32,RAKSHAK,HIGH,two_wheeler,Zepto
2,0,0,1,0,30915.08560319824,6.5482176359197934,3,0,19,0.85,0.9,1.0,999.0,1135.83,SURAKSHA,SAFE,ev_two_wheeler,Zomato
0,2,1,1,0,24457.823541766476,9.060287349234354,0,3,10,1.25,1.0,1.0,399.0,816.76,SAATHI,HIGH,two_wheeler,Blinkit
1,1,0,1,0,13669.428221386883,6.270865993153403,0,2,19,1.0,0.9,1.0,699.0,928.7,RAKSHAK,MODERATE,two_wheeler,Zepto
1,0,0,2,0,37779.71185410798,10.139005578012874,1,3,17,0.85,0.9,0.95,699.0,1083.33,RAKSHAK,SAFE,three_wheeler,Blinkit
0,2,0,1,0,21815.992189858767,4.164780998042778,0,2,22,1.25,0.9,1.0,399.0,826.7,SAATHI,HIGH,two_wheeler,Zepto
2,0,2,1,0,32478.51747992837,9.9485449423256,0,0,4,0.85,1.15,1.0,999.0,1327.93,SURAKSHA,SAFE,two_wheeler,Zomato
1,1,0,1,0,19402.199971203125,4.047983144935701,0,3,10,1.0,0.9,1.0,699.0,803.04,RAKSHAK,MODERATE,two_wheeler,Blinkit
0,0,0,3,0,19723.528765924,6.434334868118716,0,1,12,0.85,0.9,0.9,399.0,538.91,SAATHI,SAFE,two_wheeler,Swiggy
1,1,1,2,1,16901.40376413678,10.782705754189482,0,2,5,1.0,1.0,0.95,699.0,1024.86,RAKSHAK,MODERATE,two_wheeler,Zepto
0,1,2,2,0,34880.62513704643,4.714043737719384,0,3,22,1.0,1.15,0.95,399.0,905.49,SAATHI,MODERATE,two_wheeler,Blinkit
0,1,2,1,0,27629.794821205833,5.828057164115723,3,3,0,1.0,1.15,1.0,399.0,593.54,SAATHI,MODERATE,ev_two_wheeler,Blinkit
0,0,0,2,0,13476.790837383047,9.313446574418887,0,2,22,0.85,0.9,0.95,399.0,698.64,SAATHI,SAFE,two_wheeler,Zepto
0,0,1,1,0,33661.92435118696,11.364021009068946,0,1,10,0.85,1.0,1.0,399.0,771.77,SAATHI,SAFE,two_wheeler,Swiggy
0,0,0,1,0,20327.13764841626,7.791062986753904,3,1,13,0.85,0.9,1.0,399.0,587.05,SAATHI,SAFE,ev_two_wheeler,Swiggy
1,2,0,3,0,12808.462218739842,8.42647769838611,0,1,0,1.25,0.9,0.9,699.0,792.11,RAKSHAK,HIGH,two_wheeler,Swiggy
1,1,0,1,1,26075.939025717176,7.778128374391829,0,2,6,1.0,0.9,1.0,699.0,970.17,RAKSHAK,MODERATE,two_wheeler,Zepto
1,1,0,2,0,32994.89692370016,9.405283974703512,3,3,6,1.0,0.9,0.95,699.0,890.56,RAKSHAK,MODERATE,ev_two_wheeler,Blinkit
0,2,0,1,0,20725.43839113912,8.322936077333583,0,2,5,1.25,0.9,1.0,399.0,659.34,SAATHI,HIGH,two_wheeler,Zepto
1,1,1,1,1,17026.039348148042,10.102164436301564,0,3,19,1.0,1.0,1.0,699.0,1193.77,RAKSHAK,MODERATE,two_wheeler,Blinkit
0,0,2,1,0,32508.609265450214,4.04293646382806,1,0,7,0.85,1.15,1.0,399.0,688.83,SAATHI,SAFE,three_wheeler,Zomato
0,0,0,1,0,31446.68590999614,8.291050286219491,0,0,2,0.85,0.9,1.0,399.0,619.87,SAATHI,SAFE,two_wheeler,Zomato
0,1,0,1,0,29148.6405568051,5.196050478990376,0,2,10,1.0,0.9,1.0,399.0,676.38,SAATHI,MODERATE,two_wheeler,Zepto
1,1,0,1,0,34046.73275143746,4.401011458566529,0,2,3,1.0,0.9,1.0,699.0,862.82,RAKSHAK,MODERATE,two_wheeler,Zepto
0,0,0,1,0,15488.927949344543,10.37745622726314,0,3,9,0.85,0.9,1.0,399.0,524.5,SAATHI,SAFE,two_wheeler,Blinkit
1,1,1,1,0,35862.57485984756,4.9633858094461525,0,3,23,1.0,1.0,1.0,699.0,1156.04,RAKSHAK,MODERATE,two_wheeler,Blinkit
0,1,0,1,0,39248.29220806708,5.449826313470161,1,2,9,1.0,0.9,1.0,399.0,797.87,SAATHI,MODERATE,three_wheeler,Zepto
0,1,0,3,1,20659.23728691732,6.61192235965975,0,1,2,1.0,0.9,0.9,399.0,562.02,SAATHI,MODERATE,two_wheeler,Swiggy
1,1,1,1,0,31373.897267541663,5.643669677042938,2,1,15,1.0,1.0,1.0,699.0,978.27,RAKSHAK,MODERATE,bicycle,Swiggy
1,2,1,1,0,22443.053956884556,9.712209716695243,0,2,0,1.25,1.0,1.0,699.0,1094.0,RAKSHAK,HIGH,two_wheeler,Zepto
0,2,0,1,1,14014.974815890937,6.696619919878697,0,3,16,1.25,0.9,1.0,399.0,744.54,SAATHI,HIGH,two_wheeler,Blinkit
1,0,1,1,0,21175.518919157897,6.751043408965212,0,2,8,0.85,1.0,1.0,699.0,833.61,RAKSHAK,SAFE,two_wheeler,Zepto
1,1,1,1,0,31476.947760613,9.432639043761196,0,0,2,1.0,1.0,1.0,699.0,994.93,RAKSHAK,MODERATE,two_wheeler,Zomato
0,2,0,2,1,36179.102774866864,4.185089558035371,0,2,2,1.25,0.9,0.95,399.0,758.45,SAATHI,HIGH,two_wheeler,Zepto
1,0,1,3,1,37035.1130645879,5.6331476253997295,0,2,3,0.85,1.0,0.9,699.0,913.68,RAKSHAK,SAFE,two_wheeler,Zepto
0,0,0,2,0,35640.882759377055,8.278624625920918,3,0,3,0.85,0.9,0.95,399.0,640.93,SAATHI,SAFE,ev_two_wheeler,Zomato
2,1,1,1,1,20351.383406125155,5.994222930931056,3,1,24,1.0,1.0,1.0,999.0,1450.37,SURAKSHA,MODERATE,ev_two_wheeler,Swiggy
2,2,0,3,1,24739.263462180592,4.001558898698537,0,3,17,1.25,0.9,0.9,999.0,1388.79,SURAKSHA,HIGH,two_wheeler,Blinkit
0,0,0,3,1,27301.26251638456,8.493673889972861,0,2,10,0.85,0.9,0.9,399.0,677.5,SAATHI,SAFE,two_wheeler,Zepto
1,0,2,3,0,25643.90583272565,4.659436610778989,0,1,20,0.85,1.15,0.9,699.0,1008.35,RAKSHAK,SAFE,two_wheeler,Swiggy
1,0,0,1,1,23941.763124467678,6.493663295700386,0,3,6,0.85,0.9,1.0,699.0,867.44,RAKSHAK,SAFE,two_wheeler,Blinkit
0,0,0,1,0,12890.519199347109,10.736240257216433,0,1,4,0.85,0.9,1.0,399.0,503.62,SAATHI,SAFE,two_wheeler,Swiggy
1,1,1,1,0,35442.43073280451,11.70388525075083,0,2,6,1.0,1.0,1.0,699.0,1152.82,RAKSHAK,MODERATE,two_wheeler,Zepto
2,1,0,1,1,33265.630473820784,4.592588625737937,0,1,17,1.0,0.9,1.0,999.0,1434.55,SURAKSHA,MODERATE,two_wheeler,Swiggy
1,1,1,1,0,39054.98957913256,6.047097711686898,3,1,11,1.0,1.0,1.0,699.0,1096.14,RAKSHAK,MODERATE,ev_two_wheeler,Swiggy
1,2,2,3,0,36885.75671408253,9.88387524662972,3,2,18,1.25,1.15,0.9,699.0,1410.04,RAKSHAK,HIGH,ev_two_wheeler,Zepto
1,0,0,1,0,20897.682500747353,6.090775305474688,0,2,3,0.85,0.9,1.0,699.0,739.08,RAKSHAK,SAFE,two_wheeler,Zepto
0,0,0,1,0,38053.76541254016,4.5265841435051515,0,1,19,0.85,0.9,1.0,399.0,734.65,SAATHI,SAFE,two_wheeler,Swiggy
0,1,1,1,0,28674.543476596158,11.98386106965979,3,3,4,1.0,1.0,1.0,399.0,712.51,SAATHI,MODERATE,ev_two_wheeler,Blinkit
0,1,2,2,0,18865.0271295839,11.908881939095703,0,0,4,1.0,1.15,0.95,399.0,715.63,SAATHI,MODERATE,two_wheeler,Zomato
1,1,1,1,0,38656.67976074804,9.592527302170051,0,3,14,1.0,1.0,1.0,699.0,1140.33,RAKSHAK,MODERATE,two_wheeler,Blinkit
2,1,0,2,0,30493.773936994687,4.00088185441458,0,0,1,1.0,0.9,0.95,999.0,1004.86,SURAKSHA,MODERATE,two_wheeler,Zomato
0,0,0,2,0,26345.247147548325,11.291258265105538,0,1,4,0.85,0.9,0.95,399.0,664.77,SAATHI,SAFE,two_wheeler,Swiggy
1,0,0,1,0,36938.196959328714,8.896875275250697,0,1,2,0.85,0.9,1.0,699.0,874.2,RAKSHAK,SAFE,two_wheeler,Swiggy
1,0,1,2,0,14913.001499244116,6.0211866084490815,0,1,11,0.85,1.0,0.95,699.0,766.24,RAKSHAK,SAFE,two_wheeler,Swiggy
1,0,2,1,1,37546.496962462756,11.10023244808577,0,3,4,0.85,1.15,1.0,699.0,1154.12,RAKSHAK,SAFE,two_wheeler,Blinkit
1,0,1,1,0,38962.82221308836,5.114098159106768,0,1,22,0.85,1.0,1.0,699.0,1144.27,RAKSHAK,SAFE,two_wheeler,Swiggy
2,2,0,2,0,20915.027480392666,8.497529803360727,2,2,8,1.25,0.9,0.95,999.0,1274.08,SURAKSHA,HIGH,bicycle,Zepto
0,1,0,1,0,35961.1734015461,8.543322287959235,3,2,10,1.0,0.9,1.0,399.0,755.6,SAATHI,MODERATE,ev_two_wheeler,Zepto
0,0,0,2,0,16700.885196861163,7.417772230898431,2,0,22,0.85,0.9,0.95,399.0,589.93,SAATHI,SAFE,bicycle,Zomato
1,1,0,2,0,29213.962047380996,7.182345718022499,0,0,23,1.0,0.9,0.95,699.0,1106.84,RAKSHAK,MODERATE,two_wheeler,Zomato
0,0,0,3,1,27744.925912761282,11.122870966226863,0,3,10,0.85,0.9,0.9,399.0,701.97,SAATHI,SAFE,two_wheeler,Blinkit
0,0,0,2,1,37341.877445866325,6.212222072921488,0,3,21,0.85,0.9,0.95,399.0,850.21,SAATHI,SAFE,two_wheeler,Blinkit
0,0,1,2,0,21326.121500531954,4.45967645779925,0,0,4,0.85,1.0,0.95,399.0,462.13,SAATHI,SAFE,two_wheeler,Zomato
0,1,0,1,0,28530.209412276552,9.534084246106222,0,1,17,1.0,0.9,1.0,399.0,827.75,SAATHI,MODERATE,two_wheeler,Swiggy
0,0,0,3,0,18161.11786792939,5.3344139229666805,0,1,14,0.85,0.9,0.9,399.0,537.67,SAATHI,SAFE,two_wheeler,Swiggy
0,1,2,2,0,22011.788603588935,9.522042875296965,3,2,12,1.0,1.15,0.95,399.0,790.15,SAATHI,MODERATE,ev_two_wheeler,Zepto
0,1,1,1,0,31850.625881356395,5.536398131168301,3,2,10,1.0,1.0,1.0,399.0,703.91,SAATHI,MODERATE,ev_two_wheeler,Zepto
0,1,1,1,0,19634.347368295996,8.574978036074832,3,0,11,1.0,1.0,1.0,399.0,667.79,SAATHI,MODERATE,ev_two_wheeler,Zomato
1,1,0,1,0,24836.415209357387,11.199594314178261,3,0,5,1.0,0.9,1.0,699.0,952.86,RAKSHAK,MODERATE,ev_two_wheeler,Zomato
0,1,1,1,0,27828.03287374485,4.614886235027116,2,0,4,1.0,1.0,1.0,399.0,506.28,SAATHI,MODERATE,bicycle,Zomato
0,0,0,1,0,25964.701262745468,9.619996585752617,0,1,9,0.85,0.9,1.0,399.0,662.69,SAATHI,SAFE,two_wheeler,Swiggy
1,1,1,1,0,21101.050601505423,8.580214980775267,1,1,6,1.0,1.0,1.0,699.0,1008.1,RAKSHAK,MODERATE,three_wheeler,Swiggy
2,2,0,2,0,18170.34792775982,10.115403668890838,3,1,21,1.25,0.9,0.95,999.0,1509.52,SURAKSHA,HIGH,ev_two_wheeler,Swiggy
1,0,2,1,0,25396.002949544752,4.346259916009446,2,2,1,0.85,1.15,1.0,699.0,727.9,RAKSHAK,SAFE,bicycle,Zepto
2,1,0,2,0,22956.773096417684,6.961683736343103,0,3,4,1.0,0.9,0.95,999.0,1058.33,SURAKSHA,MODERATE,two_wheeler,Blinkit
2,0,0,3,0,38899.1143130666,10.327813018012638,0,3,6,0.85,0.9,0.9,999.0,1138.59,SURAKSHA,SAFE,two_wheeler,Blinkit
1,1,1,3,0,17024.562560656923,11.484170283715224,0,2,8,1.0,1.0,0.9,699.0,961.25,RAKSHAK,MODERATE,two_wheeler,Zepto
1,1,0,2,0,34326.51049356505,10.193589276233492,0,1,8,1.0,0.9,0.95,699.0,1002.02,RAKSHAK,MODERATE,two_wheeler,Swiggy
0,0,1,1,0,36079.978125890426,4.185813707688942,0,2,19,0.85,1.0,1.0,399.0,746.04,SAATHI,SAFE,two_wheeler,Zepto
1,2,2,1,0,15312.368921140202,8.81478104037784,1,1,11,1.25,1.15,1.0,699.0,1320.17,RAKSHAK,HIGH,three_wheeler,Swiggy
1,0,1,3,0,24670.44138756069,6.553501680990728,0,3,20,0.85,1.0,0.9,699.0,957.98,RAKSHAK,SAFE,two_wheeler,Blinkit
1,2,1,1,0,26568.084464402127,7.274181829169473,2,0,4,1.25,1.0,1.0,699.0,987.12,RAKSHAK,HIGH,bicycle,Zomato
0,0,0,3,0,38099.8308846108,11.223828233036423,0,1,12,0.85,0.9,0.9,399.0,746.85,SAATHI,SAFE,two_wheeler,Swiggy
2,1,2,3,0,28620.893958821733,8.513852502860573,0,0,22,1.0,1.15,0.9,999.0,1551.2,SURAKSHA,MODERATE,two_wheeler,Zomato
0,1,0,1,0,26092.68086466657,10.062591952243636,1,3,12,1.0,0.9,1.0,399.0,826.37,SAATHI,MODERATE,three_wheeler,Blinkit
1,0,0,1,1,14223.430840337416,6.606774243125903,0,3,3,0.85,0.9,1.0,699.0,719.77,RAKSHAK,SAFE,two_wheeler,Blinkit
1,1,0,1,0,22690.543734556166,4.692246218185411,2,1,16,1.0,0.9,1.0,699.0,824.84,RAKSHAK,MODERATE,bicycle,Swiggy
0,0,0,1,0,12705.931302704006,4.523715878912903,0,1,8,0.85,0.9,1.0,399.0,454.5,SAATHI,SAFE,two_wheeler,Swiggy
0,0,1,3,0,20432.23957681213,4.307479288241358,0,2,1,0.85,1.0,0.9,399.0,436.4,SAATHI,SAFE,two_wheeler,Zepto
1,2,0,2,0,38978.126442076726,8.54707980153551,0,2,11,1.25,0.9,0.95,699.0,1199.5,RAKSHAK,HIGH,two_wheeler,Zepto
0,0,0,1,0,18517.55597468077,6.155501044758894,2,3,7,0.85,0.9,1.0,399.0,390.15,SAATHI,SAFE,bicycle,Blinkit
2,1,1,1,1,16139.433046784583,10.802119926702996,0,0,21,1.0,1.0,1.0,999.0,1541.32,SURAKSHA,MODERATE,two_wheeler,Zomato
1,1,1,3,0,23430.966726197417,5.548542438793625,1,0,10,1.0,1.0,0.9,699.0,947.84,RAKSHAK,MODERATE,three_wheeler,Zomato
1,0,0,2,0,30588.4657720229,6.00173567113704,0,0,9,0.85,0.9,0.95,699.0,802.29,RAKSHAK,SAFE,two_wheeler,Zomato
1,0,0,2,0,24651.78787134381,11.72966666355389,0,1,13,0.85,0.9,0.95,699.0,941.41,RAKSHAK,SAFE,two_wheeler,Swiggy
1,0,2,2,0,37153.196205867884,9.997793617708801,0,1,0,0.85,1.15,0.95,699.0,955.69,RAKSHAK,SAFE,two_wheeler,Swiggy
1,0,1,1,0,28662.70024559417,6.204446522975249,3,3,13,0.85,1.0,1.0,699.0,890.19,RAKSHAK,SAFE,ev_two_wheeler,Blinkit
0,0,0,1,0,28700.476506220188,10.940640246352277,0,1,11,0.85,0.9,1.0,399.0,701.99,SAATHI,SAFE,two_wheeler,Swiggy
2,2,0,2,0,21295.937078713487,9.371804328580817,0,2,16,1.25,0.9,0.95,999.0,1449.95,SURAKSHA,HIGH,two_wheeler,Zepto
0,0,1,2,0,35497.36735198108,7.047508820045685,0,3,9,0.85,1.0,0.95,399.0,700.7,SAATHI,SAFE,two_wheeler,Blinkit
2,0,0,2,0,18894.318255570885,6.7243782825367004,0,0,16,0.85,0.9,0.95,999.0,1045.39,SURAKSHA,SAFE,two_wheeler,Zomato
2,0,0,1,1,26041.780099061914,8.02019131755052,0,3,0,0.85,0.9,1.0,999.0,1063.94,SURAKSHA,SAFE,two_wheeler,Blinkit
0,0,1,2,1,27402.988441936588,5.834725018009673,1,1,8,0.85,1.0,0.95,399.0,714.73,SAATHI,SAFE,three_wheeler,Swiggy
1,2,0,1,1,17165.054730932578,7.714974067927148,0,2,10,1.25,0.9,1.0,699.0,1122.9,RAKSHAK,HIGH,two_wheeler,Zepto
0,1,0,1,1,21115.782697779927,10.96977715390716,0,2,12,1.0,0.9,1.0,399.0,821.99,SAATHI,MODERATE,two_wheeler,Zepto
1,1,0,1,1,38010.271128066175,4.609365295135399,1,1,19,1.0,0.9,1.0,699.0,1212.02,RAKSHAK,MODERATE,three_wheeler,Swiggy
1,1,1,2,0,28280.77113849076,9.126031976609005,1,0,17,1.0,1.0,0.95,699.0,1181.8,RAKSHAK,MODERATE,three_wheeler,Zomato
2,2,0,2,0,24156.091602430402,6.9226627481355605,0,0,11,1.25,0.9,0.95,999.0,1304.13,SURAKSHA,HIGH,two_wheeler,Zomato
2,0,0,2,0,29938.92215890104,9.391300772794569,3,3,4,0.85,0.9,0.95,999.0,1004.56,SURAKSHA,SAFE,ev_two_wheeler,Blinkit
0,0,0,1,0,35700.647608989355,9.399374216835977,0,2,23,0.85,0.9,1.0,399.0,890.45,SAATHI,SAFE,two_wheeler,Zepto
1,1,0,2,0,21960.537385833068,7.911935858489324,2,1,17,1.0,0.9,0.95,699.0,877.66,RAKSHAK,MODERATE,bicycle,Swiggy
0,0,0,2,0,38374.62530251829,11.616319396366727,0,2,7,0.85,0.9,0.95,399.0,770.4,SAATHI,SAFE,two_wheeler,Zepto
1,0,2,3,0,19447.450959015012,10.66487533935709,2,3,16,0.85,1.15,0.9,699.0,935.2,RAKSHAK,SAFE,bicycle,Blinkit
0,1,1,1,0,36633.63355943413,7.402001124906679,0,3,3,1.0,1.0,1.0,399.0,728.98,SAATHI,MODERATE,two_wheeler,Blinkit
0,2,0,1,0,39593.63511909159,4.274444320516242,0,3,24,1.25,0.9,1.0,399.0,987.14,SAATHI,HIGH,two_wheeler,Blinkit
1,0,2,1,0,17323.622144757537,11.094739000810408,0,1,20,0.85,1.15,1.0,699.0,1103.92,RAKSHAK,SAFE,two_wheeler,Swiggy
1,0,1,1,1,13454.425074374922,10.309057760513525,0,1,3,0.85,1.0,1.0,699.0,853.12,RAKSHAK,SAFE,two_wheeler,Swiggy
1,0,0,1,0,12719.176508531886,4.440221711778939,0,1,22,0.85,0.9,1.0,699.0,815.45,RAKSHAK,SAFE,two_wheeler,Swiggy
1,0,1,3,1,26812.704404663964,8.32753667929644,0,0,2,0.85,1.0,0.9,699.0,845.63,RAKSHAK,SAFE,two_wheeler,Zomato
2,1,1,1,1,29297.831742443304,5.788224497932248,0,2,18,1.0,1.0,1.0,999.0,1488.63,SURAKSHA,MODERATE,two_wheeler,Zepto
1,0,0,2,0,39179.99352379737,8.671797218306136,0,2,22,0.85,0.9,0.95,699.0,1123.28,RAKSHAK,SAFE,two_wheeler,Zepto
1,2,1,1,1,12654.576207377975,9.223393479553424,0,1,5,1.25,1.0,1.0,699.0,1133.92,RAKSHAK,HIGH,two_wheeler,Swiggy
1,1,0,2,0,16558.40799242504,11.712725850445569,2,0,1,1.0,0.9,0.95,699.0,708.35,RAKSHAK,MODERATE,bicycle,Zomato
1,0,0,2,0,31599.443364952956,11.766149793141974,0,1,3,0.85,0.9,0.95,699.0,898.79,RAKSHAK,SAFE,two_wheeler,Swiggy
2,0,0,1,1,22963.590244042793,11.65991840764875,0,1,4,0.85,0.9,1.0,999.0,1140.52,SURAKSHA,SAFE,two_wheeler,Swiggy
2,1,0,1,0,17100.031285304405,10.795052385250273,0,1,2,1.0,0.9,1.0,999.0,1160.78,SURAKSHA,MODERATE,two_wheeler,Swiggy
0,1,1,1,0,25237.86884310977,11.163412669349029,0,0,11,1.0,1.0,1.0,399.0,801.19,SAATHI,MODERATE,two_wheeler,Zomato
0,1,0,1,0,25107.330028938857,10.12020258792118,0,1,22,1.0,0.9,1.0,399.0,891.99,SAATHI,MODERATE,two_wheeler,Swiggy
2,0,1,2,0,16272.11605266688,7.709611179665846,0,3,18,0.85,1.0,0.95,999.0,1142.17,SURAKSHA,SAFE,two_wheeler,Blinkit
2,0,0,1,0,15528.410928792266,8.703280622675912,0,1,14,0.85,0.9,1.0,999.0,1102.0,SURAKSHA,SAFE,two_wheeler,Swiggy
1,0,2,1,1,30597.66112100854,11.37595016026491,0,2,9,0.85,1.15,1.0,699.0,1193.35,RAKSHAK,SAFE,two_wheeler,Zepto
1,0,0,1,0,21891.987982071674,9.471667314597138,2,2,1,0.85,0.9,1.0,699.0,623.67,RAKSHAK,SAFE,bicycle,Zepto
1,1,0,1,0,27350.809922113353,9.771855354323701,0,0,3,1.0,0.9,1.0,699.0,935.05,RAKSHAK,MODERATE,two_wheeler,Zomato
2,1,1,1,0,31302.482131522625,9.972246934551396,0,1,21,1.0,1.0,1.0,999.0,1472.03,SURAKSHA,MODERATE,two_wheeler,Swiggy
0,0,1,1,0,30630.825465980895,5.913398078893268,0,0,19,0.85,1.0,1.0,399.0,794.29,SAATHI,SAFE,two_wheeler,Zomato
1,1,2,1,0,12989.822989139439,4.62240090657679,0,0,8,1.0,1.15,1.0,699.0,920.16,RAKSHAK,MODERATE,two_wheeler,Zomato
0,1,1,1,0,27518.577884581216,6.5467161770434155,0,1,11,1.0,1.0,1.0,399.0,751.91,SAATHI,MODERATE,two_wheeler,Swiggy
2,2,2,2,1,26491.95213613261,10.283647748887567,2,3,16,1.25,1.15,0.95,999.0,1791.25,SURAKSHA,HIGH,bicycle,Blinkit
1,2,1,3,0,13895.16194753862,6.697674106488118,0,0,6,1.25,1.0,0.9,699.0,940.5,RAKSHAK,HIGH,two_wheeler,Zomato
0,1,0,2,0,39416.63753794396,5.399832709765917,3,2,3,1.0,0.9,0.95,399.0,607.7,SAATHI,MODERATE,ev_two_wheeler,Zepto
2,0,1,1,1,31081.29737859293,10.244693701093318,0,3,11,0.85,1.0,1.0,999.0,1383.56,SURAKSHA,SAFE,two_wheeler,Blinkit
0,0,2,1,0,32448.711475037937,10.127944082130199,0,1,8,0.85,1.15,1.0,399.0,777.21,SAATHI,SAFE,two_wheeler,Swiggy
0,2,0,3,0,29562.235848131175,8.641376726682186,0,3,15,1.25,0.9,0.9,399.0,879.36,SAATHI,HIGH,two_wheeler,Blinkit
0,0,0,3,1,32489.70162704171,9.898775858086323,2,1,4,0.85,0.9,0.9,399.0,642.24,SAATHI,SAFE,bicycle,Swiggy
1,0,1,1,1,30104.567146127272,4.2305232084288455,3,0,5,0.85,1.0,1.0,699.0,869.82,RAKSHAK,SAFE,ev_two_wheeler,Zomato
0,0,2,2,0,21201.647232834075,7.838561451259521,0,2,24,0.85,1.15,0.95,399.0,825.87,SAATHI,SAFE,two_wheeler,Zepto
1,1,0,2,0,37263.13914254719,9.998689787075238,2,2,13,1.0,0.9,0.95,699.0,1006.75,RAKSHAK,MODERATE,bicycle,Zepto
0,2,0,2,1,22750.641042095893,9.624576175257168,0,0,24,1.25,0.9,0.95,399.0,1022.28,SAATHI,HIGH,two_wheeler,Zomato
2,2,0,1,1,34776.67210646196,4.751343663409764,1,2,9,1.25,0.9,1.0,999.0,1530.44,SURAKSHA,HIGH,three_wheeler,Zepto
1,2,0,2,0,25689.27948231202,7.541422996353132,0,0,16,1.25,0.9,0.95,699.0,1111.95,RAKSHAK,HIGH,two_wheeler,Zomato
1,1,0,1,0,13000.41485828056,6.237104749810703,1,2,23,1.0,0.9,1.0,699.0,1006.55,RAKSHAK,MODERATE,three_wheeler,Zepto
0,0,0,3,0,21380.357272581416,9.576544309048753,0,0,24,0.85,0.9,0.9,399.0,765.5,SAATHI,SAFE,two_wheeler,Zomato
1,0,1,1,0,27695.08046544899,10.428592683070983,0,0,18,0.85,1.0,1.0,699.0,1060.83,RAKSHAK,SAFE,two_wheeler,Zomato
2,2,0,2,0,24235.200141750363,8.790799490448935,0,0,23,1.25,0.9,0.95,999.0,1556.23,SURAKSHA,HIGH,two_wheeler,Zomato
0,1,1,2,1,32988.95922430591,4.96468972894588,2,1,18,1.0,1.0,0.95,399.0,792.52,SAATHI,MODERATE,bicycle,Swiggy
1,1,0,1,0,18401.389624824464,11.099831078490269,3,3,17,1.0,0.9,1.0,699.0,1005.49,RAKSHAK,MODERATE,ev_two_wheeler,Blinkit
0,1,2,3,1,30742.951082482054,11.460963734047027,2,2,11,1.0,1.15,0.9,399.0,845.01,SAATHI,MODERATE,bicycle,Zepto
1,1,1,1,0,21350.777977644484,10.138308554384743,1,3,5,1.0,1.0,1.0,699.0,1089.37,RAKSHAK,MODERATE,three_wheeler,Blinkit
1,2,1,3,0,14869.850858126392,5.994518931288722,0,0,5,1.25,1.0,0.9,699.0,903.03,RAKSHAK,HIGH,two_wheeler,Zomato
1,1,0,2,0,35565.80669246834,9.583458515306504,0,1,16,1.0,0.9,0.95,699.0,1116.31,RAKSHAK,MODERATE,two_wheeler,Swiggy
1,2,0,1,0,34427.580111324496,6.769009220529229,0,1,13,1.25,0.9,1.0,699.0,1196.26,RAKSHAK,HIGH,two_wheeler,Swiggy
2,2,1,1,0,30802.218100314436,10.348741768621114,0,3,22,1.25,1.0,1.0,999.0,1806.74,SURAKSHA,HIGH,two_wheeler,Blinkit
0,2,0,3,0,31067.36783541016,11.599399767795784,0,1,12,1.25,0.9,0.9,399.0,854.38,SAATHI,HIGH,two_wheeler,Swiggy
0,1,0,1,0,14064.973367683564,8.32011189007425,0,1,24,1.0,0.9,1.0,399.0,769.78,SAATHI,MODERATE,two_wheeler,Swiggy
0,0,2,1,0,22878.289199683117,10.193335080549819,2,2,2,0.85,1.15,1.0,399.0,513.58,SAATHI,SAFE,bicycle,Zepto
0,1,0,2,0,12316.643227042816,8.901247161826984,0,2,20,1.0,0.9,0.95,399.0,699.0,SAATHI,MODERATE,two_wheeler,Zepto
0,1,0,2,0,35425.84362201784,9.252618043388768,0,0,5,1.0,0.9,0.95,399.0,736.45,SAATHI,MODERATE,two_wheeler,Zomato
2,1,0,2,0,13218.61848145267,4.10767962345177,3,0,10,1.0,0.9,0.95,999.0,1000.97,SURAKSHA,MODERATE,ev_two_wheeler,Zomato
2,0,0,1,0,23023.5499656142,11.51826357142912,0,3,4,0.85,0.9,1.0,999.0,1067.65,SURAKSHA,SAFE,two_wheeler,Blinkit
1,0,0,1,0,22486.90799576489,7.21932667490307,0,3,24,0.85,0.9,1.0,699.0,1040.03,RAKSHAK,SAFE,two_wheeler,Blinkit
1,1,0,1,1,17052.788069887065,4.323472764121258,0,0,6,1.0,0.9,1.0,699.0,836.67,RAKSHAK,MODERATE,two_wheeler,Zomato
1,0,1,2,0,16804.098425367807,8.747613913364482,0,1,18,0.85,1.0,0.95,699.0,938.46,RAKSHAK,SAFE,two_wheeler,Swiggy
2,1,0,1,0,20857.7800573649,7.24731474501937,2,1,7,1.0,0.9,1.0,999.0,1053.89,SURAKSHA,MODERATE,bicycle,Swiggy
1,1,1,2,0,38493.764772015486,4.661872507476175,3,0,13,1.0,1.0,0.95,699.0,1022.58,RAKSHAK,MODERATE,ev_two_wheeler,Zomato
0,1,1,3,0,15035.755671632134,9.124936993804464,0,3,14,1.0,1.0,0.9,399.0,622.4,SAATHI,MODERATE,two_wheeler,Blinkit
1,1,2,3,1,34956.9027390971,9.559831668842643,0,3,1,1.0,1.15,0.9,699.0,1143.63,RAKSHAK,MODERATE,two_wheeler,Blinkit
1,1,1,1,0,25674.345634735826,5.137016295327013,0,1,12,1.0,1.0,1.0,699.0,959.6,RAKSHAK,MODERATE,two_wheeler,Swiggy
1,2,0,3,0,39363.0390666998,4.56172738288581,0,3,21,1.25,0.9,0.9,699.0,1192.31,RAKSHAK,HIGH,two_wheeler,Blinkit
1,0,0,1,0,20685.881985691874,6.444917179179964,0,1,15,0.85,0.9,1.0,699.0,838.91,RAKSHAK,SAFE,two_wheeler,Swiggy
1,0,0,1,0,23881.359367207988,7.1133717736241735,0,2,19,0.85,0.9,1.0,699.0,948.67,RAKSHAK,SAFE,two_wheeler,Zepto
1,0,2,2,1,20477.441016310106,5.056189415306685,0,0,22,0.85,1.15,0.95,699.0,1076.16,RAKSHAK,SAFE,two_wheeler,Zomato
1,1,1,1,0,16017.362840339527,7.235865161582203,1,0,14,1.0,1.0,1.0,699.0,1056.99,RAKSHAK,MODERATE,three_wheeler,Zomato
1,2,1,3,0,23719.12079520199,4.201270259692662,0,0,6,1.25,1.0,0.9,699.0,963.28,RAKSHAK,HIGH,two_wheeler,Zomato
1,0,0,1,0,36838.1096634188,9.084978462381729,0,0,11,0.85,0.9,1.0,699.0,979.04,RAKSHAK,SAFE,two_wheeler,Zomato
1,2,1,1,0,18832.963583201963,7.02679719061353,0,3,2,1.25,1.0,1.0,699.0,1039.59,RAKSHAK,HIGH,two_wheeler,Blinkit
0,0,1,1,0,31772.233671016013,10.78732262735649,0,1,2,0.85,1.0,1.0,399.0,615.97,SAATHI,SAFE,two_wheeler,Swiggy
2,0,0,1,0,30960.546959279356,6.562616862921804,0,2,12,0.85,0.9,1.0,999.0,1136.38,SURAKSHA,SAFE,two_wheeler,Zepto
1,0,0,2,0,21378.083482869577,10.773688978660154,2,1,24,0.85,0.9,0.95,699.0,907.14,RAKSHAK,SAFE,bicycle,Swiggy
2,1,1,2,0,37267.54996021341,6.3656727648399425,0,3,8,1.0,1.0,0.95,999.0,1334.11,SURAKSHA,MODERATE,two_wheeler,Blinkit
2,2,1,2,0,34087.008190585475,8.033758928795223,3,3,10,1.25,1.0,0.95,999.0,1548.9,SURAKSHA,HIGH,ev_two_wheeler,Blinkit
1,1,0,1,0,30938.551398337542,6.929197097684566,0,2,3,1.0,0.9,1.0,699.0,870.66,RAKSHAK,MODERATE,two_wheeler,Zepto
2,2,0,2,0,17411.538353288615,10.01777537411501,0,3,19,1.25,0.9,0.95,999.0,1461.58,SURAKSHA,HIGH,two_wheeler,Blinkit
0,1,0,2,0,26807.614478125262,8.889235921810403,0,3,9,1.0,0.9,0.95,399.0,696.67,SAATHI,MODERATE,two_wheeler,Blinkit
2,0,1,2,0,21241.31255952838,5.465223129201136,0,2,21,0.85,1.0,0.95,999.0,1169.97,SURAKSHA,SAFE,two_wheeler,Zepto
0,0,0,1,0,28762.93693389039,9.792268773246432,0,0,12,0.85,0.9,1.0,399.0,733.37,SAATHI,SAFE,two_wheeler,Zomato
0,0,2,1,0,23390.8522568704,11.107155340376181,0,3,4,0.85,1.15,1.0,399.0,722.88,SAATHI,SAFE,two_wheeler,Blinkit
2,2,0,1,0,28911.65710730325,11.636493962785904,0,1,18,1.25,0.9,1.0,999.0,1656.14,SURAKSHA,HIGH,two_wheeler,Swiggy
0,1,0,1,0,32150.296143292988,7.836708677757322,0,0,24,1.0,0.9,1.0,399.0,875.57,SAATHI,MODERATE,two_wheeler,Zomato
2,1,1,2,0,33565.24023093509,4.156828544370256,0,1,8,1.0,1.0,0.95,999.0,1309.99,SURAKSHA,MODERATE,two_wheeler,Swiggy
0,1,0,2,0,18257.169118916194,8.931521139741232,2,3,14,1.0,0.9,0.95,399.0,556.88,SAATHI,MODERATE,bicycle,Blinkit
2,0,0,2,0,39335.208312087794,6.548466065504668,0,1,16,0.85,0.9,0.95,999.0,1165.08,SURAKSHA,SAFE,two_wheeler,Swiggy
1,0,0,3,0,31381.21607464328,10.551810544132799,0,1,21,0.85,0.9,0.9,699.0,1046.03,RAKSHAK,SAFE,two_wheeler,Swiggy
1,1,1,2,0,14069.994216825218,10.732761814403055,3,2,11,1.0,1.0,0.95,699.0,989.99,RAKSHAK,MODERATE,ev_two_wheeler,Zepto
1,0,0,2,0,20813.971038842625,4.768008035155012,0,2,1,0.85,0.9,0.95,699.0,629.24,RAKSHAK,SAFE,two_wheeler,Zepto
1,1,0,1,0,22048.436491120334,4.287037454310792,3,0,17,1.0,0.9,1.0,699.0,914.63,RAKSHAK,MODERATE,ev_two_wheeler,Zomato
1,1,0,2,0,23703.664677288456,9.702486056926112,0,3,14,1.0,0.9,0.95,699.0,991.94,RAKSHAK,MODERATE,two_wheeler,Blinkit
0,1,0,2,0,18748.633879615554,10.6571822987497,3,3,18,1.0,0.9,0.95,399.0,766.36,SAATHI,MODERATE,ev_two_wheeler,Blinkit
1,0,0,1,0,22845.652485801696,4.417637676760786,0,0,0,0.85,0.9,1.0,699.0,648.3,RAKSHAK,SAFE,two_wheeler,Zomato
0,1,2,3,0,20583.617047770782,11.899666761239981,1,2,2,1.0,1.15,0.9,399.0,772.34,SAATHI,MODERATE,three_wheeler,Zepto
0,1,1,3,0,14363.295135164954,7.24601699163386,0,2,8,1.0,1.0,0.9,399.0,570.49,SAATHI,MODERATE,two_wheeler,Zepto
2,1,1,2,0,29800.237047885697,7.047640765789247,0,1,24,1.0,1.0,0.95,999.0,1430.96,SURAKSHA,MODERATE,two_wheeler,Swiggy
0,0,0,2,1,21812.010348967742,4.236096515959203,0,1,1,0.85,0.9,0.95,399.0,505.72,SAATHI,SAFE,two_wheeler,Swiggy
2,1,0,1,0,19752.654289866157,5.525742153070396,0,3,15,1.0,0.9,1.0,999.0,1164.45,SURAKSHA,MODERATE,two_wheeler,Blinkit
1,2,0,1,1,37232.645627593374,10.598050507747386,2,0,9,1.25,0.9,1.0,699.0,1234.55,RAKSHAK,HIGH,bicycle,Zomato
2,1,0,1,0,26786.999527301545,8.960912097349002,2,1,13,1.0,0.9,1.0,999.0,1188.97,SURAKSHA,MODERATE,bicycle,Swiggy
1,1,0,1,0,21894.636834101635,5.558589299559456,0,2,2,1.0,0.9,1.0,699.0,751.64,RAKSHAK,MODERATE,two_wheeler,Zepto
0,2,0,1,0,37401.18900855692,8.55694374068608,3,3,18,1.25,0.9,1.0,399.0,920.94,SAATHI,HIGH,ev_two_wheeler,Blinkit
0,1,0,3,1,26783.202274634248,4.833424580064055,0,1,22,1.0,0.9,0.9,399.0,777.53,SAATHI,MODERATE,two_wheeler,Swiggy
0,0,0,3,0,29972.101805364557,7.291879009092337,0,0,19,0.85,0.9,0.9,399.0,718.05,SAATHI,SAFE,two_wheeler,Zomato
2,1,0,1,0,13779.459641273228,8.986044199141078,2,3,6,1.0,0.9,1.0,999.0,980.04,SURAKSHA,MODERATE,bicycle,Blinkit
2,1,0,2,0,34718.814260463885,11.35131677596797,3,2,0,1.0,0.9,0.95,999.0,1179.11,SURAKSHA,MODERATE,ev_two_wheeler,Zepto
0,0,1,1,0,37170.54919626924,5.5847965762495955,3,3,19,0.85,1.0,1.0,399.0,788.19,SAATHI,SAFE,ev_two_wheeler,Blinkit
1,1,1,1,0,17022.07130740923,5.892874740727782,0,2,15,1.0,1.0,1.0,699.0,964.79,RAKSHAK,MODERATE,two_wheeler,Zepto
1,2,0,1,0,33520.54684555459,10.897978953798717,0,0,24,1.25,0.9,1.0,699.0,1407.42,RAKSHAK,HIGH,two_wheeler,Zomato
1,1,1,3,0,16392.96549926966,10.825299136401586,3,3,14,1.0,1.0,0.9,699.0,948.25,RAKSHAK,MODERATE,ev_two_wheeler,Blinkit
0,2,0,1,0,18815.54809824382,7.676258184207944,3,0,2,1.25,0.9,1.0,399.0,589.57,SAATHI,HIGH,ev_two_wheeler,Zomato
0,2,1,3,0,31763.605732187334,5.185633061349707,0,2,10,1.25,1.0,0.9,399.0,731.97,SAATHI,HIGH,two_wheeler,Zepto
0,1,1,2,0,30897.42655281446,10.190406386310306,0,1,24,1.0,1.0,0.95,399.0,917.91,SAATHI,MODERATE,two_wheeler,Swiggy
1,1,0,3,1,29204.849927254163,7.510721061729227,2,3,5,1.0,0.9,0.9,699.0,813.17,RAKSHAK,MODERATE,bicycle,Blinkit
0,2,2,1,0,22301.824314831832,11.920784953728413,0,0,6,1.25,1.15,1.0,399.0,898.37,SAATHI,HIGH,two_wheeler,Zomato
1,2,0,2,1,34013.56015138079,6.1853095233524416,3,3,1,1.25,0.9,0.95,699.0,1015.93,RAKSHAK,HIGH,ev_two_wheeler,Blinkit
0,0,0,2,0,13666.818502949014,6.719647185905616,0,2,0,0.85,0.9,0.95,399.0,359.9,SAATHI,SAFE,two_wheeler,Zepto
2,2,0,2,0,37059.058602028206,5.220757905720738,3,2,3,1.25,0.9,0.95,999.0,1347.03,SURAKSHA,HIGH,ev_two_wheeler,Zepto
0,2,2,2,0,28123.68962129997,8.986464247513663,0,3,22,1.25,1.15,0.95,399.0,1017.41,SAATHI,HIGH,two_wheeler,Blinkit
1,1,0,2,1,23459.343915593498,11.839122579769647,0,3,21,1.0,0.9,0.95,699.0,1143.32,RAKSHAK,MODERATE,two_wheeler,Blinkit
0,2,0,1,0,26595.45467974843,10.859233355708728,3,3,16,1.25,0.9,1.0,399.0,895.1,SAATHI,HIGH,ev_two_wheeler,Blinkit
0,0,0,2,0,23053.307600585984,4.313389656657525,0,0,12,0.85,0.9,0.95,399.0,558.54,SAATHI,SAFE,two_wheeler,Zomato
1,0,0,1,0,25687.787457027855,6.6421084866969204,0,2,5,0.85,0.9,1.0,699.0,790.05,RAKSHAK,SAFE,two_wheeler,Zepto
0,1,1,3,1,26169.79057484687,10.464501749469392,0,1,0,1.0,1.0,0.9,399.0,650.29,SAATHI,MODERATE,two_wheeler,Swiggy
1,1,0,2,0,29258.681042568016,9.703681422115437,0,0,11,1.0,0.9,0.95,699.0,957.97,RAKSHAK,MODERATE,two_wheeler,Zomato
2,1,1,1,0,29297.15439568413,5.873081316098361,0,1,14,1.0,1.0,1.0,999.0,1335.9,SURAKSHA,MODERATE,two_wheeler,Swiggy
1,2,2,2,0,37562.090441939756,8.782172489776578,0,2,11,1.25,1.15,0.95,699.0,1419.3,RAKSHAK,HIGH,two_wheeler,Zepto
0,2,1,1,0,23305.478532762696,11.57879197083627,0,1,18,1.25,1.0,1.0,399.0,958.63,SAATHI,HIGH,two_wheeler,Swiggy
1,0,1,3,1,20072.974571683713,7.641305991740771,1,2,19,0.85,1.0,0.9,699.0,1024.47,RAKSHAK,SAFE,three_wheeler,Zepto
2,0,1,1,0,32865.63055129978,7.818909699484019,0,3,6,0.85,1.0,1.0,999.0,1131.58,SURAKSHA,SAFE,two_wheeler,Blinkit
2,1,1,1,1,36887.04586764746,6.937937645961765,0,0,24,1.0,1.0,1.0,999.0,1618.64,SURAKSHA,MODERATE,two_wheeler,Zomato
1,1,0,1,1,24423.939278032165,10.51691242901907,0,2,23,1.0,0.9,1.0,699.0,1266.32,RAKSHAK,MODERATE,two_wheeler,Zepto
1,1,1,3,0,31898.776773155594,6.585159555483042,0,1,18,1.0,1.0,0.9,699.0,1061.99,RAKSHAK,MODERATE,two_wheeler,Swiggy
1,1,0,2,0,19259.300391061428,10.734083265706335,0,3,3,1.0,0.9,0.95,699.0,842.49,RAKSHAK,MODERATE,two_wheeler,Blinkit
1,1,2,1,0,30285.371202325263,8.572931685203338,0,1,24,1.0,1.15,1.0,699.0,1368.7,RAKSHAK,MODERATE,two_wheeler,Swiggy
0,1,2,1,0,14494.244797825311,4.907811216077899,0,0,18,1.0,1.15,1.0,399.0,696.44,SAATHI,MODERATE,two_wheeler,Zomato
1,1,0,2,0,15935.677109550725,8.278830140363716,0,2,5,1.0,0.9,0.95,699.0,848.72,RAKSHAK,MODERATE,two_wheeler,Zepto
0,1,0,1,1,21139.482408963922,9.448728317838777,0,2,11,1.0,0.9,1.0,399.0,752.62,SAATHI,MODERATE,two_wheeler,Zepto
1,0,1,3,0,16739.962009052662,6.323127371887694,0,2,17,0.85,1.0,0.9,699.0,841.18,RAKSHAK,SAFE,two_wheeler,Zepto
0,1,0,1,0,25366.216735586626,11.97618483215796,0,0,4,1.0,0.9,1.0,399.0,635.34,SAATHI,MODERATE,two_wheeler,Zomato
2,2,0,1,0,24072.610152709785,7.413806238987149,0,3,1,1.25,0.9,1.0,999.0,1306.36,SURAKSHA,HIGH,two_wheeler,Blinkit
2,1,2,1,0,15227.232727377086,9.191235988478674,0,0,1,1.0,1.15,1.0,999.0,1314.44,SURAKSHA,MODERATE,two_wheeler,Zomato
0,0,0,2,0,12290.90458010075,10.053543643738724,1,3,3,0.85,0.9,0.95,399.0,509.1,SAATHI,SAFE,three_wheeler,Blinkit
1,2,0,1,0,32037.894156622617,11.672714307009757,2,2,6,1.25,0.9,1.0,699.0,1094.08,RAKSHAK,HIGH,bicycle,Zepto
1,2,0,1,1,31059.720048929976,11.412643976673074,0,3,5,1.25,0.9,1.0,699.0,1271.87,RAKSHAK,HIGH,two_wheeler,Blinkit
2,2,0,1,1,14476.492114294459,8.15397342107909,0,3,9,1.25,0.9,1.0,999.0,1454.34,SURAKSHA,HIGH,two_wheeler,Blinkit
0,0,2,1,0,12305.99517109696,10.316404812638133,0,3,12,0.85,1.15,1.0,399.0,653.6,SAATHI,SAFE,two_wheeler,Blinkit
0,1,0,1,0,20689.595993602266,4.301160328934104,2,0,0,1.0,0.9,1.0,399.0,352.46,SAATHI,MODERATE,bicycle,Zomato
0,0,0,2,0,23164.98065902964,6.420190567917502,0,2,16,0.85,0.9,0.95,399.0,628.76,SAATHI,SAFE,two_wheeler,Zepto
0,0,0,2,0,21248.224652597004,10.288118470947465,0,1,21,0.85,0.9,0.95,399.0,757.32,SAATHI,SAFE,two_wheeler,Swiggy
1,1,0,3,0,22492.20788538546,6.68354725200189,0,1,5,1.0,0.9,0.9,699.0,767.51,RAKSHAK,MODERATE,two_wheeler,Swiggy
2,1,0,1,0,21395.347626176663,7.640094287119368,0,2,22,1.0,0.9,1.0,999.0,1344.34,SURAKSHA,MODERATE,two_wheeler,Zepto
1,0,2,2,1,20886.932016576146,11.771233778979854,3,1,14,0.85,1.15,0.95,699.0,1092.56,RAKSHAK,SAFE,ev_two_wheeler,Swiggy
0,1,1,1,0,22605.85879675567,6.806930580681779,0,1,12,1.0,1.0,1.0,399.0,719.44,SAATHI,MODERATE,two_wheeler,Swiggy
1,0,0,1,0,24588.015935353782,5.83165662424935,0,1,18,0.85,0.9,1.0,699.0,926.86,RAKSHAK,SAFE,two_wheeler,Swiggy
0,1,0,2,0,31827.392250749024,9.122280796626551,1,1,8,1.0,0.9,0.95,399.0,722.44,SAATHI,MODERATE,three_wheeler,Swiggy
1,2,1,1,1,20121.24062145737,7.227682512698269,0,1,15,1.25,1.0,1.0,699.0,1248.29,RAKSHAK,HIGH,two_wheeler,Swiggy
2,0,1,2,0,28982.024164283688,9.895267958766734,0,1,4,0.85,1.0,0.95,999.0,1106.34,SURAKSHA,SAFE,two_wheeler,Swiggy
1,0,1,3,0,21576.947516372813,5.071493590981794,0,1,0,0.85,1.0,0.9,699.0,675.5,RAKSHAK,SAFE,two_wheeler,Swiggy
1,1,0,2,0,23266.303860682143,4.170888590809259,0,1,13,1.0,0.9,0.95,699.0,902.13,RAKSHAK,MODERATE,two_wheeler,Swiggy
0,0,0,1,1,12455.422075288412,6.615299738019138,0,1,3,0.85,0.9,1.0,399.0,473.67,SAATHI,SAFE,two_wheeler,Swiggy
1,1,0,1,0,38692.74988740648,8.816252769130468,2,0,11,1.0,0.9,1.0,699.0,1003.96,RAKSHAK,MODERATE,bicycle,Zomato
1,1,0,2,0,13732.645914893576,7.635478932598276,0,3,10,1.0,0.9,0.95,699.0,788.47,RAKSHAK,MODERATE,two_wheeler,Blinkit
1,2,2,3,0,39469.53547548868,11.929584082553522,0,3,14,1.25,1.15,0.9,699.0,1465.84,RAKSHAK,HIGH,two_wheeler,Blinkit
1,2,1,1,0,21375.562804726396,4.591740265189421,0,1,15,1.25,1.0,1.0,699.0,1143.84,RAKSHAK,HIGH,two_wheeler,Swiggy
0,1,0,1,0,12053.279610295966,11.491374391467694,3,2,15,1.0,0.9,1.0,399.0,669.07,SAATHI,MODERATE,ev_two_wheeler,Zepto
1,0,0,3,0,32710.795306589767,5.963485477791037,3,0,23,0.85,0.9,0.9,699.0,920.86,RAKSHAK,SAFE,ev_two_wheeler,Zomato
1,0,0,3,1,25821.38554559084,6.720249621152919,0,2,22,0.85,0.9,0.9,699.0,1024.5,RAKSHAK,SAFE,two_wheeler,Zepto
1,1,0,1,0,31330.50339813453,9.231132592324043,0,0,22,1.0,0.9,1.0,699.0,1172.83,RAKSHAK,MODERATE,two_wheeler,Zomato
2,0,0,1,1,18267.638167481487,9.586418845745108,0,1,15,0.85,0.9,1.0,999.0,1220.8,SURAKSHA,SAFE,two_wheeler,Swiggy
2,0,0,2,0,16448.612397471312,8.692031051779402,0,0,11,0.85,0.9,0.95,999.0,1030.06,SURAKSHA,SAFE,two_wheeler,Zomato
0,0,0,1,0,21422.092736511382,7.930561119224026,0,0,0,0.85,0.9,1.0,399.0,472.2,SAATHI,SAFE,two_wheeler,Zomato
0,1,0,1,0,17505.15994098036,10.83349429135572,3,2,0,1.0,0.9,1.0,399.0,493.49,SAATHI,MODERATE,ev_two_wheeler,Zepto
1,1,1,1,0,19656.438441909468,11.207480714776187,0,0,19,1.0,1.0,1.0,699.0,1144.16,RAKSHAK,MODERATE,two_wheeler,Zomato
1,0,0,3,0,30517.300499590787,4.898357771279182,2,0,23,0.85,0.9,0.9,699.0,850.35,RAKSHAK,SAFE,bicycle,Zomato
2,1,0,2,0,37697.73506644162,5.806178101579735,0,3,19,1.0,0.9,0.95,999.0,1360.27,SURAKSHA,MODERATE,two_wheeler,Blinkit
0,2,1,1,0,38617.581955555725,6.968067096518326,2,2,15,1.25,1.0,1.0,399.0,861.76,SAATHI,HIGH,bicycle,Zepto
0,1,1,2,0,17756.540060778105,4.92719775394203,0,2,0,1.0,1.0,0.95,399.0,472.89,SAATHI,MODERATE,two_wheeler,Zepto
1,0,1,1,1,33238.64935529983,4.461545771910897,0,1,11,0.85,1.0,1.0,699.0,993.1,RAKSHAK,SAFE,two_wheeler,Swiggy
0,0,0,3,0,13775.79708824926,5.338277914347298,0,2,23,0.85,0.9,0.9,399.0,593.5,SAATHI,SAFE,two_wheeler,Zepto
1,0,1,2,0,16150.517062611969,8.591875363000899,3,0,1,0.85,1.0,0.95,699.0,685.56,RAKSHAK,SAFE,ev_two_wheeler,Zomato
1,0,0,3,1,37926.8719813991,6.519116213047854,0,0,8,0.85,0.9,0.9,699.0,999.4,RAKSHAK,SAFE,two_wheeler,Zomato
1,1,1,1,0,24294.239617458094,6.174598801323528,0,1,15,1.0,1.0,1.0,699.0,1029.14,RAKSHAK,MODERATE,two_wheeler,Swiggy
1,0,0,1,0,25054.947579612442,9.154438725753122,0,0,21,0.85,0.9,1.0,699.0,1039.9,RAKSHAK,SAFE,two_wheeler,Zomato
2,1,1,1,0,14447.191294945482,11.54887276083951,0,3,24,1.0,1.0,1.0,999.0,1487.33,SURAKSHA,MODERATE,two_wheeler,Blinkit
0,0,0,1,0,23875.21746805562,7.6993947048072435,0,2,21,0.85,0.9,1.0,399.0,769.44,SAATHI,SAFE,two_wheeler,Zepto
1,2,0,1,0,32464.283015102745,6.953631425935383,0,3,11,1.25,0.9,1.0,699.0,1160.92,RAKSHAK,HIGH,two_wheeler,Blinkit
1,2,2,1,1,24673.217692782928,10.086885406036611,0,3,7,1.25,1.15,1.0,699.0,1438.64,RAKSHAK,HIGH,two_wheeler,Blinkit
1,1,0,3,0,22705.551648150817,10.627892651117048,3,0,7,1.0,0.9,0.9,699.0,866.75,RAKSHAK,MODERATE,ev_two_wheeler,Zomato
0,0,0,3,0,33415.99737494115,4.628572658333374,0,1,14,0.85,0.9,0.9,399.0,668.14,SAATHI,SAFE,two_wheeler,Swiggy
1,0,2,2,0,35125.09554017869,4.976637420920765,1,3,9,0.85,1.15,0.95,699.0,1075.25,RAKSHAK,SAFE,three_wheeler,Blinkit
1,1,0,1,1,17647.531572251697,8.636834302639162,0,3,1,1.0,0.9,1.0,699.0,932.21,RAKSHAK,MODERATE,two_wheeler,Blinkit
0,0,2,2,0,13016.812701400588,11.652213996618128,0,2,13,0.85,1.15,0.95,399.0,686.77,SAATHI,SAFE,two_wheeler,Zepto
0,0,0,1,0,24412.021539462425,5.326435766612641,1,0,3,0.85,0.9,1.0,399.0,536.04,SAATHI,SAFE,three_wheeler,Zomato
1,1,0,1,0,39804.68432474901,11.71299945616067,0,2,19,1.0,0.9,1.0,699.0,1263.07,RAKSHAK,MODERATE,two_wheeler,Zepto
2,2,1,2,0,34851.57324513214,5.7576142421168965,0,2,8,1.25,1.0,0.95,999.0,1562.67,SURAKSHA,HIGH,two_wheeler,Zepto
1,0,1,3,0,14627.209232678373,4.989094138704111,0,1,11,0.85,1.0,0.9,699.0,724.85,RAKSHAK,SAFE,two_wheeler,Swiggy
1,2,0,1,0,33841.16888342942,4.115190180262556,0,0,3,1.25,0.9,1.0,699.0,1013.35,RAKSHAK,HIGH,two_wheeler,Zomato
0,0,0,2,0,30012.283372125436,8.332593649970166,0,1,20,0.85,0.9,0.95,399.0,797.79,SAATHI,SAFE,two_wheeler,Swiggy
0,0,0,1,0,33033.5023731975,8.227069258536481,0,2,22,0.85,0.9,1.0,399.0,844.51,SAATHI,SAFE,two_wheeler,Zepto
1,0,0,1,1,28170.323329347368,7.572803450620949,0,1,20,0.85,0.9,1.0,699.0,1068.24,RAKSHAK,SAFE,two_wheeler,Swiggy
1,0,0,2,0,39574.38760074151,4.574239866690242,0,2,9,0.85,0.9,0.95,699.0,866.42,RAKSHAK,SAFE,two_wheeler,Zepto
0,0,1,2,0,22374.181815253047,7.056264927842181,2,2,15,0.85,1.0,0.95,399.0,563.03,SAATHI,SAFE,bicycle,Zepto
1,0,1,1,0,24054.85987263816,6.553337314645377,0,3,23,0.85,1.0,1.0,699.0,1093.44,RAKSHAK,SAFE,two_wheeler,Blinkit
1,0,2,1,0,23902.248879972132,6.88015166572061,3,1,5,0.85,1.15,1.0,699.0,869.75,RAKSHAK,SAFE,ev_two_wheeler,Swiggy
1,0,2,3,0,16010.371618685029,4.185488094344213,0,3,12,0.85,1.15,0.9,699.0,793.13,RAKSHAK,SAFE,two_wheeler,Blinkit
2,2,1,1,0,22708.182379454294,11.309120694320445,0,0,20,1.25,1.0,1.0,999.0,1732.01,SURAKSHA,HIGH,two_wheeler,Zomato
1,0,0,1,0,22326.031517055613,5.326270289829791,0,0,7,0.85,0.9,1.0,699.0,752.76,RAKSHAK,SAFE,two_wheeler,Zomato
2,2,1,2,0,19894.628147691623,9.11312524783537,1,1,14,1.25,1.0,0.95,999.0,1589.44,SURAKSHA,HIGH,three_wheeler,Swiggy
0,1,0,2,0,21386.941226074305,6.749316490591817,0,0,23,1.0,0.9,0.95,399.0,755.48,SAATHI,MODERATE,two_wheeler,Zomato
0,1,0,2,1,13602.777856584686,7.408974544298927,0,1,12,1.0,0.9,0.95,399.0,682.3,SAATHI,MODERATE,two_wheeler,Swiggy
1,0,1,2,0,32227.178968963897,8.80165486074137,0,0,22,0.85,1.0,0.95,699.0,1112.59,RAKSHAK,SAFE,two_wheeler,Zomato
0,2,0,2,1,35543.65829571287,10.28820217639575,0,0,11,1.25,0.9,0.95,399.0,947.54,SAATHI,HIGH,two_wheeler,Zomato
1,0,1,2,0,31001.467988727793,8.391596080373116,0,2,6,0.85,1.0,0.95,699.0,887.77,RAKSHAK,SAFE,two_wheeler,Zepto
1,1,0,2,0,20486.905666454524,8.125663737877101,3,1,16,1.0,0.9,0.95,699.0,915.73,RAKSHAK,MODERATE,ev_two_wheeler,Swiggy
0,2,0,1,1,22752.68829533612,7.692679992497172,0,2,22,1.25,0.9,1.0,399.0,953.08,SAATHI,HIGH,two_wheeler,Zepto
1,0,0,2,0,34367.64844432089,10.008095298491781,0,1,20,0.85,0.9,0.95,699.0,1025.39,RAKSHAK,SAFE,two_wheeler,Swiggy
2,1,0,2,0,32141.038940711973,8.469812342319319,1,2,13,1.0,0.9,0.95,999.0,1315.76,SURAKSHA,MODERATE,three_wheeler,Zepto
0,2,0,1,0,28472.060747393898,7.840984140952101,0,1,0,1.25,0.9,1.0,399.0,699.61,SAATHI,HIGH,two_wheeler,Swiggy
1,2,1,1,0,28365.92339140268,4.430408976777522,0,2,21,1.25,1.0,1.0,699.0,1284.55,RAKSHAK,HIGH,two_wheeler,Zepto
1,1,1,2,0,37641.07763508384,6.791544175981212,3,0,11,1.0,1.0,0.95,699.0,1048.08,RAKSHAK,MODERATE,ev_two_wheeler,Zomato
1,1,1,2,1,12803.19606191572,4.6250483435124465,3,2,0,1.0,1.0,0.95,699.0,758.0,RAKSHAK,MODERATE,ev_two_wheeler,Zepto
0,2,0,1,0,12226.046654899601,10.213716201027239,0,0,15,1.25,0.9,1.0,399.0,733.56,SAATHI,HIGH,two_wheeler,Zomato
1,0,2,1,0,31649.251587810402,9.337656440172395,0,0,22,0.85,1.15,1.0,699.0,1195.72,RAKSHAK,SAFE,two_wheeler,Zomato
2,0,0,1,0,17259.55607896726,8.215529800288262,3,2,3,0.85,0.9,1.0,999.0,926.18,SURAKSHA,SAFE,ev_two_wheeler,Zepto
0,0,1,1,0,29780.53396201249,5.524754164581103,0,2,24,0.85,1.0,1.0,399.0,823.92,SAATHI,SAFE,two_wheeler,Zepto
0,0,1,1,0,32660.593878567684,9.888549536183856,0,0,15,0.85,1.0,1.0,399.0,793.05,SAATHI,SAFE,two_wheeler,Zomato
1,1,0,1,0,27105.959344243973,8.866626767235946,0,0,10,1.0,0.9,1.0,699.0,942.79,RAKSHAK,MODERATE,two_wheeler,Zomato
1,2,1,2,0,39283.19530045608,4.862364173437801,0,2,1,1.25,1.0,0.95,699.0,1064.18,RAKSHAK,HIGH,two_wheeler,Zepto
1,0,1,1,0,19569.191553430748,5.383751008832798,0,1,18,0.85,1.0,1.0,699.0,897.19,RAKSHAK,SAFE,two_wheeler,Swiggy
0,0,0,2,0,21092.541925678855,5.148070602883903,2,0,22,0.85,0.9,0.95,399.0,578.94,SAATHI,SAFE,bicycle,Zomato
1,2,2,3,0,27335.94270025796,8.853296227321753,2,2,1,1.25,1.15,0.9,699.0,1047.52,RAKSHAK,HIGH,bicycle,Zepto
1,1,0,1,0,20372.24814283254,5.692178146951307,3,0,22,1.0,0.9,1.0,699.0,969.52,RAKSHAK,MODERATE,ev_two_wheeler,Zomato
2,2,2,3,0,20778.570102684524,8.231273900622597,0,1,10,1.25,1.15,0.9,999.0,1533.06,SURAKSHA,HIGH,two_wheeler,Swiggy
1,1,1,2,0,35434.27667765079,10.870657370014179,2,0,19,1.0,1.0,0.95,699.0,1114.24,RAKSHAK,MODERATE,bicycle,Zomato
1,1,0,3,0,21083.253884643593,6.590965338005923,0,3,24,1.0,0.9,0.9,699.0,991.41,RAKSHAK,MODERATE,two_wheeler,Blinkit
1,1,2,1,1,19677.951074378965,5.744541084575456,0,3,1,1.0,1.15,1.0,699.0,1006.95,RAKSHAK,MODERATE,two_wheeler,Blinkit
1,2,2,1,0,30270.550396238377,11.917822270032733,0,3,2,1.25,1.15,1.0,699.0,1353.17,RAKSHAK,HIGH,two_wheeler,Blinkit
1,2,0,1,0,28496.06898032365,6.445535565536772,0,1,6,1.25,0.9,1.0,699.0,1045.61,RAKSHAK,HIGH,two_wheeler,Swiggy
1,0,0,3,0,16078.405615968677,7.7748084419584895,3,1,15,0.85,0.9,0.9,699.0,755.93,RAKSHAK,SAFE,ev_two_wheeler,Swiggy
0,0,1,1,0,27127.39489228466,11.083548221290258,0,1,24,0.85,1.0,1.0,399.0,894.25,SAATHI,SAFE,two_wheeler,Swiggy
0,0,0,3,0,24914.554206800385,4.978731039370663,0,2,1,0.85,0.9,0.9,399.0,392.55,SAATHI,SAFE,two_wheeler,Zepto
0,1,0,2,0,25012.825960385024,10.411443249962538,2,2,23,1.0,0.9,0.95,399.0,748.38,SAATHI,MODERATE,bicycle,Zepto
1,1,2,3,0,14576.775492667977,5.681265872057416,2,0,1,1.0,1.15,0.9,699.0,681.81,RAKSHAK,MODERATE,bicycle,Zomato
0,0,0,1,0,32803.47410815893,7.392496961710223,0,1,9,0.85,0.9,1.0,399.0,642.83,SAATHI,SAFE,two_wheeler,Swiggy
0,0,1,3,0,34147.44960554314,7.300205156149784,0,1,8,0.85,1.0,0.9,399.0,670.38,SAATHI,SAFE,two_wheeler,Swiggy
0,1,1,1,0,31973.16536638869,4.341749341341364,0,3,13,1.0,1.0,1.0,399.0,726.91,SAATHI,MODERATE,two_wheeler,Blinkit
1,1,0,1,1,29258.628929237875,6.5288564410226515,0,2,24,1.0,0.9,1.0,699.0,1185.46,RAKSHAK,MODERATE,two_wheeler,Zepto
0,1,0,1,1,39016.470479026175,4.221937814181109,0,1,5,1.0,0.9,1.0,399.0,694.46,SAATHI,MODERATE,two_wheeler,Swiggy
0,2,0,3,0,25809.920308015695,10.302754108776131,3,0,22,1.25,0.9,0.9,399.0,893.8,SAATHI,HIGH,ev_two_wheeler,Zomato
2,0,0,2,0,30877.24750264234,9.169788222597436,0,2,21,0.85,0.9,0.95,999.0,1260.94,SURAKSHA,SAFE,two_wheeler,Zepto
0,1,1,3,0,30296.416841102404,8.45725135696189,0,2,22,1.0,1.0,0.9,399.0,869.98,SAATHI,MODERATE,two_wheeler,Zepto
0,2,0,2,0,12274.060883773747,8.91488754966809,3,1,17,1.25,0.9,0.95,399.0,719.22,SAATHI,HIGH,ev_two_wheeler,Swiggy
1,0,0,1,0,35905.3641154959,5.792536375321699,0,2,5,0.85,0.9,1.0,699.0,866.58,RAKSHAK,SAFE,two_wheeler,Zepto
0,0,1,1,0,26913.14200994809,4.164905270686917,0,3,6,0.85,1.0,1.0,399.0,508.24,SAATHI,SAFE,two_wheeler,Blinkit
0,1,0,1,0,36687.92612066398,8.164523169130918,3,3,1,1.0,0.9,1.0,399.0,645.11,SAATHI,MODERATE,ev_two_wheeler,Blinkit
1,0,0,1,0,22747.373580240914,11.519170864716294,0,2,11,0.85,0.9,1.0,699.0,936.88,RAKSHAK,SAFE,two_wheeler,Zepto
1,1,1,2,0,33192.633069459036,5.657415419891283,0,2,3,1.0,1.0,0.95,699.0,906.59,RAKSHAK,MODERATE,two_wheeler,Zepto
1,0,0,2,0,19929.48816261142,8.566787447517353,0,3,16,0.85,0.9,0.95,699.0,818.93,RAKSHAK,SAFE,two_wheeler,Blinkit
0,2,0,2,1,19286.130105095996,9.03018495401119,0,0,10,1.25,0.9,0.95,399.0,777.86,SAATHI,HIGH,two_wheeler,Zomato
0,0,1,1,1,30615.405378324573,9.685881429504464,3,1,24,0.85,1.0,1.0,399.0,952.76,SAATHI,SAFE,ev_two_wheeler,Swiggy
1,0,2,2,0,30324.256039042266,9.56169335877886,1,3,10,0.85,1.15,0.95,699.0,1109.83,RAKSHAK,SAFE,three_wheeler,Blinkit
1,1,0,2,0,26276.13959645069,11.673903237467208,0,0,19,1.0,0.9,0.95,699.0,1144.39,RAKSHAK,MODERATE,two_wheeler,Zomato
0,2,0,2,0,35389.89443203132,9.689713213504222,0,1,15,1.25,0.9,0.95,399.0,996.91,SAATHI,HIGH,two_wheeler,Swiggy
1,0,0,1,0,16818.635453054656,9.528405221766235,2,2,4,0.85,0.9,1.0,699.0,674.4,RAKSHAK,SAFE,bicycle,Zepto
0,1,1,2,0,34735.908792770366,4.057712447956463,0,3,6,1.0,1.0,0.95,399.0,652.79,SAATHI,MODERATE,two_wheeler,Blinkit
2,1,0,1,0,36981.42883059231,5.389330605513387,0,3,7,1.0,0.9,1.0,999.0,1208.68,SURAKSHA,MODERATE,two_wheeler,Blinkit
2,2,1,1,0,34496.02624225307,6.26152137984835,0,3,15,1.25,1.0,1.0,999.0,1698.31,SURAKSHA,HIGH,two_wheeler,Blinkit
1,0,0,1,0,22028.567411833785,5.299318204461598,3,2,23,0.85,0.9,1.0,699.0,900.17,RAKSHAK,SAFE,ev_two_wheeler,Zepto
0,1,0,2,0,30161.823046427715,7.677676051532226,0,2,19,1.0,0.9,0.95,399.0,796.11,SAATHI,MODERATE,two_wheeler,Zepto
2,2,0,1,0,37323.68677347587,11.53688041441765,1,2,12,1.25,0.9,1.0,999.0,1698.78,SURAKSHA,HIGH,three_wheeler,Zepto
1,1,0,1,0,21262.338248810505,4.847020941187297,2,0,13,1.0,0.9,1.0,699.0,801.3,RAKSHAK,MODERATE,bicycle,Zomato
1,1,0,2,0,16207.73054346874,7.352397999824408,0,1,18,1.0,0.9,0.95,699.0,960.19,RAKSHAK,MODERATE,two_wheeler,Swiggy
2,1,0,3,0,19446.786084074793,11.528608889147325,2,0,4,1.0,0.9,0.9,999.0,981.19,SURAKSHA,MODERATE,bicycle,Zomato
2,1,2,1,0,30857.106008165025,8.05806040646424,0,0,8,1.0,1.15,1.0,999.0,1510.35,SURAKSHA,MODERATE,two_wheeler,Zomato
2,1,0,2,1,25614.44226870528,10.586982924469142,0,2,22,1.0,0.9,0.95,999.0,1451.98,SURAKSHA,MODERATE,two_wheeler,Zepto
1,1,1,1,1,25826.083167274308,10.861674023545888,0,1,21,1.0,1.0,1.0,699.0,1260.86,RAKSHAK,MODERATE,two_wheeler,Swiggy
2,0,0,2,0,22734.13268865749,5.064465863328757,0,2,8,0.85,0.9,0.95,999.0,948.86,SURAKSHA,SAFE,two_wheeler,Zepto
2,0,0,1,1,26315.695250173376,5.031728051278139,0,1,22,0.85,0.9,1.0,999.0,1232.33,SURAKSHA,SAFE,two_wheeler,Swiggy
0,0,2,2,1,37626.47124220832,11.530524229329702,3,0,6,0.85,1.15,0.95,399.0,851.22,SAATHI,SAFE,ev_two_wheeler,Zomato
0,0,0,1,0,36491.08068831095,6.402757026012892,0,1,24,0.85,0.9,1.0,399.0,863.06,SAATHI,SAFE,two_wheeler,Swiggy
0,2,0,1,0,28110.03226073469,6.5450977539265685,0,1,24,1.25,0.9,1.0,399.0,930.28,SAATHI,HIGH,two_wheeler,Swiggy
0,0,2,3,0,29138.451932657306,9.135612567234437,2,0,7,0.85,1.15,0.9,399.0,630.01,SAATHI,SAFE,bicycle,Zomato
1,1,0,1,0,22596.57483643868,5.599792981504486,0,1,12,1.0,0.9,1.0,699.0,984.29,RAKSHAK,MODERATE,two_wheeler,Swiggy
2,0,2,2,1,22059.132992169732,9.603779487097489,0,0,10,0.85,1.15,0.95,999.0,1338.46,SURAKSHA,SAFE,two_wheeler,Zomato
1,1,2,1,1,19678.813853930806,9.818455170701947,0,3,7,1.0,1.15,1.0,699.0,1175.63,RAKSHAK,MODERATE,two_wheeler,Blinkit
2,1,1,1,1,39914.6305749475,10.306061145433002,2,0,16,1.0,1.0,1.0,999.0,1571.16,SURAKSHA,MODERATE,bicycle,Zomato
1,0,2,1,0,16909.79750399383,10.39508259964157,0,0,15,0.85,1.15,1.0,699.0,1014.88,RAKSHAK,SAFE,two_wheeler,Zomato
1,2,0,1,0,34284.4260765213,9.008669218995479,2,0,23,1.25,0.9,1.0,699.0,1239.07,RAKSHAK,HIGH,bicycle,Zomato
1,1,0,2,1,26785.459848194343,4.98752007754478,0,1,10,1.0,0.9,0.95,699.0,948.6,RAKSHAK,MODERATE,two_wheeler,Swiggy
1,0,0,2,1,26294.530536437196,9.750634294174903,0,1,14,0.85,0.9,0.95,699.0,977.89,RAKSHAK,SAFE,two_wheeler,Swiggy
1,0,1,1,1,29370.694593437696,7.38539881146445,0,1,4,0.85,1.0,1.0,699.0,949.72,RAKSHAK,SAFE,two_wheeler,Swiggy
0,1,2,2,0,39936.843788191814,5.175726728068329,0,3,16,1.0,1.15,0.95,399.0,894.27,SAATHI,MODERATE,two_wheeler,Blinkit
1,2,1,1,0,22140.573626159305,10.80767823036666,3,0,8,1.25,1.0,1.0,699.0,1169.45,RAKSHAK,HIGH,ev_two_wheeler,Zomato
1,0,1,1,0,17169.759418036752,8.850940465594869,3,1,10,0.85,1.0,1.0,699.0,828.9,RAKSHAK,SAFE,ev_two_wheeler,Swiggy
1,1,0,2,0,30882.180292213154,10.530163179451918,3,3,13,1.0,0.9,0.95,699.0,1060.65,RAKSHAK,MODERATE,ev_two_wheeler,Blinkit
1,2,0,1,0,23610.95185585781,6.542404951028701,3,1,23,1.25,0.9,1.0,699.0,1227.34,RAKSHAK,HIGH,ev_two_wheeler,Swiggy
1,2,1,2,0,12852.223000644648,10.71155850216393,0,0,24,1.25,1.0,0.95,699.0,1286.55,RAKSHAK,HIGH,two_wheeler,Zomato
2,1,0,1,0,34622.522548554596,9.244671903494208,0,2,9,1.0,0.9,1.0,999.0,1369.46,SURAKSHA,MODERATE,two_wheeler,Zepto
2,0,0,2,0,18321.474399273335,7.9763991539049,2,1,17,0.85,0.9,0.95,999.0,975.08,SURAKSHA,SAFE,bicycle,Swiggy
0,2,1,1,1,20476.010620665576,10.03186728180133,0,3,13,1.25,1.0,1.0,399.0,932.38,SAATHI,HIGH,two_wheeler,Blinkit
1,2,1,2,0,12315.014625742671,6.091446270952599,0,3,2,1.25,1.0,0.95,699.0,918.33,RAKSHAK,HIGH,two_wheeler,Blinkit
2,2,2,1,0,18024.39505110115,10.88265975063486,3,2,22,1.25,1.15,1.0,999.0,1869.86,SURAKSHA,HIGH,ev_two_wheeler,Zepto
2,0,0,3,0,19838.30069578638,5.9369660850322985,0,2,0,0.85,0.9,0.9,999.0,801.87,SURAKSHA,SAFE,two_wheeler,Zepto
1,1,0,1,0,23867.449576842966,9.328166627780057,0,3,13,1.0,0.9,1.0,699.0,968.41,RAKSHAK,MODERATE,two_wheeler,Blinkit
0,0,0,2,0,17609.378691612837,11.221402351517433,3,1,22,0.85,0.9,0.95,399.0,713.72,SAATHI,SAFE,ev_two_wheeler,Swiggy
1,1,0,1,0,15300.809856064145,5.80657083627831,3,3,18,1.0,0.9,1.0,699.0,877.23,RAKSHAK,MODERATE,ev_two_wheeler,Blinkit
2,1,0,1,0,18515.74585029546,11.881633718986425,0,0,3,1.0,0.9,1.0,999.0,1202.4,SURAKSHA,MODERATE,two_wheeler,Zomato
0,1,0,1,1,18984.041196857575,5.164480957656786,0,1,8,1.0,0.9,1.0,399.0,609.15,SAATHI,MODERATE,two_wheeler,Swiggy
0,1,1,3,0,16497.284209581867,11.095084039877413,3,0,24,1.0,1.0,0.9,399.0,841.58,SAATHI,MODERATE,ev_two_wheeler,Zomato
1,0,0,1,0,31413.04565716586,9.762257352051257,3,1,19,0.85,0.9,1.0,699.0,1019.09,RAKSHAK,SAFE,ev_two_wheeler,Swiggy
1,1,0,3,0,16918.359417752552,6.8009446356889995,0,2,14,1.0,0.9,0.9,699.0,825.14,RAKSHAK,MODERATE,two_wheeler,Zepto
1,1,1,2,0,21624.29226718849,10.157867220592355,0,1,23,1.0,1.0,0.95,699.0,1159.98,RAKSHAK,MODERATE,two_wheeler,Swiggy
0,0,2,2,0,19696.273154874143,11.354864524147327,0,2,16,0.85,1.15,0.95,399.0,829.77,SAATHI,SAFE,two_wheeler,Zepto
0,0,2,2,0,23209.371095326234,11.289881037564767,0,0,4,0.85,1.15,0.95,399.0,686.35,SAATHI,SAFE,two_wheeler,Zomato
0,1,2,1,0,14318.65281113347,11.482150728763454,0,0,23,1.0,1.15,1.0,399.0,946.95,SAATHI,MODERATE,two_wheeler,Zomato
0,0,0,1,0,21935.054641213137,9.56399263236256,0,1,22,0.85,0.9,1.0,399.0,776.67,SAATHI,SAFE,two_wheeler,Swiggy
1,0,2,3,0,33961.618479964694,7.269245162895265,0,0,0,0.85,1.15,0.9,699.0,866.97,RAKSHAK,SAFE,two_wheeler,Zomato
2,0,0,3,0,35893.089251580954,6.335055016748444,0,0,16,0.85,0.9,0.9,999.0,1144.52,SURAKSHA,SAFE,two_wheeler,Zomato
0,1,1,2,1,24376.84948562076,11.600512037173484,0,2,21,1.0,1.0,0.95,399.0,989.3,SAATHI,MODERATE,two_wheeler,Zepto
0,0,0,2,1,38430.903389066814,4.819630769449022,3,2,0,0.85,0.9,0.95,399.0,620.46,SAATHI,SAFE,ev_two_wheeler,Zepto
2,1,1,2,0,15760.744393817227,5.21252205218982,0,1,21,1.0,1.0,0.95,999.0,1289.66,SURAKSHA,MODERATE,two_wheeler,Swiggy
2,0,0,1,0,29508.91718284946,9.406107346897095,0,3,15,0.85,0.9,1.0,999.0,1204.84,SURAKSHA,SAFE,two_wheeler,Blinkit
0,1,1,1,0,15829.630089604285,4.182498334997625,0,1,17,1.0,1.0,1.0,399.0,692.53,SAATHI,MODERATE,two_wheeler,Swiggy
1,2,2,2,1,34401.129054581375,10.140341480225354,0,2,9,1.25,1.15,0.95,699.0,1484.97,RAKSHAK,HIGH,two_wheeler,Zepto
0,1,0,2,0,24923.200273925475,11.921970667067804,0,0,12,1.0,0.9,0.95,399.0,727.35,SAATHI,MODERATE,two_wheeler,Zomato
1,2,2,2,0,15352.841402713377,5.28992039326411,0,2,5,1.25,1.15,0.95,699.0,1072.7,RAKSHAK,HIGH,two_wheeler,Zepto
1,2,0,2,0,38025.70984516365,4.536420855593909,0,0,3,1.25,0.9,0.95,699.0,1001.07,RAKSHAK,HIGH,two_wheeler,Zomato
0,1,0,2,1,39352.070138762734,10.644266791646103,0,2,3,1.0,0.9,0.95,399.0,834.35,SAATHI,MODERATE,two_wheeler,Zepto
2,0,2,2,0,39010.96261826312,8.62493382213274,2,1,20,0.85,1.15,0.95,999.0,1429.38,SURAKSHA,SAFE,bicycle,Swiggy
0,2,0,1,0,25443.96419163712,8.93896950696963,0,3,23,1.25,0.9,1.0,399.0,945.47,SAATHI,HIGH,two_wheeler,Blinkit
1,0,1,2,0,17522.33603670847,6.95198090050752,0,0,10,0.85,1.0,0.95,699.0,795.64,RAKSHAK,SAFE,two_wheeler,Zomato
1,0,1,3,0,14482.80024597511,10.376521516813764,0,1,15,0.85,1.0,0.9,699.0,859.16,RAKSHAK,SAFE,two_wheeler,Swiggy
2,0,2,3,1,13390.333530554022,10.79290133163726,0,0,1,0.85,1.15,0.9,999.0,1155.31,SURAKSHA,SAFE,two_wheeler,Zomato
2,2,0,1,0,13345.759631236828,10.643983560821999,0,1,0,1.25,0.9,1.0,999.0,1295.88,SURAKSHA,HIGH,two_wheeler,Swiggy
1,2,1,1,1,34230.88968542182,7.991064444457839,0,3,13,1.25,1.0,1.0,699.0,1388.64,RAKSHAK,HIGH,two_wheeler,Blinkit
1,0,0,3,0,28053.677401316898,11.694229509155655,2,2,5,0.85,0.9,0.9,699.0,709.45,RAKSHAK,SAFE,bicycle,Zepto
1,0,0,1,0,21357.780371275436,5.699347536196321,0,2,21,0.85,0.9,1.0,699.0,907.74,RAKSHAK,SAFE,two_wheeler,Zepto
1,2,1,1,0,29445.99907352253,7.189154889901785,0,2,16,1.25,1.0,1.0,699.0,1313.61,RAKSHAK,HIGH,two_wheeler,Zepto
1,1,1,3,0,34761.307930206276,8.172222708434969,2,1,12,1.0,1.0,0.9,699.0,974.69,RAKSHAK,MODERATE,bicycle,Swiggy
1,0,0,3,0,36361.36545028743,4.315012243502683,2,1,16,0.85,0.9,0.9,699.0,789.95,RAKSHAK,SAFE,bicycle,Swiggy
0,1,0,2,0,13097.303005039797,4.7893767846833075,0,1,7,1.0,0.9,0.95,399.0,447.9,SAATHI,MODERATE,two_wheeler,Swiggy
0,1,0,2,0,25585.99864920482,6.590204634122156,0,1,16,1.0,0.9,0.95,399.0,715.71,SAATHI,MODERATE,two_wheeler,Swiggy
2,2,1,2,0,13449.486666377823,9.348182920287734,0,3,5,1.25,1.0,0.95,999.0,1342.8,SURAKSHA,HIGH,two_wheeler,Blinkit
1,1,0,3,1,38411.481287445036,11.053801925595362,0,2,2,1.0,0.9,0.9,699.0,1083.13,RAKSHAK,MODERATE,two_wheeler,Zepto
1,0,2,2,0,24341.04825331358,7.7022965591109624,0,1,16,0.85,1.15,0.95,699.0,1038.52,RAKSHAK,SAFE,two_wheeler,Swiggy
2,2,0,1,0,18542.36929521604,6.751225604664717,0,1,13,1.25,0.9,1.0,999.0,1399.8,SURAKSHA,HIGH,two_wheeler,Swiggy
0,0,0,3,0,35417.96932235939,6.051082506331626,0,3,7,0.85,0.9,0.9,399.0,609.69,SAATHI,SAFE,two_wheeler,Blinkit
1,1,0,3,0,20642.26934857757,10.762689480469337,0,0,3,1.0,0.9,0.9,699.0,803.84,RAKSHAK,MODERATE,two_wheeler,Zomato
1,0,2,1,1,23618.70448681932,7.634390311367782,0,2,21,0.85,1.15,1.0,699.0,1156.68,RAKSHAK,SAFE,two_wheeler,Zepto
2,0,1,1,0,39966.857667146774,7.070449144795836,0,1,19,0.85,1.0,1.0,999.0,1394.51,SURAKSHA,SAFE,two_wheeler,Swiggy
0,0,0,1,0,25078.686991506715,11.416859685964695,0,2,0,0.85,0.9,1.0,399.0,572.37,SAATHI,SAFE,two_wheeler,Zepto
0,1,0,3,0,39486.12262396769,5.247712153746365,2,3,20,1.0,0.9,0.9,399.0,768.86,SAATHI,MODERATE,bicycle,Blinkit
2,2,1,1,0,24751.218400589623,11.122860027639282,0,1,11,1.25,1.0,1.0,999.0,1616.16,SURAKSHA,HIGH,two_wheeler,Swiggy
0,1,0,2,0,31245.455643370566,5.795958977493046,0,1,15,1.0,0.9,0.95,399.0,729.66,SAATHI,MODERATE,two_wheeler,Swiggy
1,0,0,3,0,31971.99604126838,5.431810261721007,3,3,8,0.85,0.9,0.9,699.0,723.04,RAKSHAK,SAFE,ev_two_wheeler,Blinkit
0,1,0,2,0,34889.67036134735,10.72924189238074,0,0,21,1.0,0.9,0.95,399.0,871.68,SAATHI,MODERATE,two_wheeler,Zomato
1,2,1,1,0,15340.733578475092,5.319253950773601,0,0,12,1.25,1.0,1.0,699.0,1108.39,RAKSHAK,HIGH,two_wheeler,Zomato
0,0,0,3,0,37874.523638047554,9.338803031770261,0,1,19,0.85,0.9,0.9,399.0,880.78,SAATHI,SAFE,two_wheeler,Swiggy
1,2,0,3,0,17978.537063941858,5.8443734417732145,2,2,11,1.25,0.9,0.9,699.0,815.36,RAKSHAK,HIGH,bicycle,Zepto
0,0,1,3,0,15729.052955736159,9.13731190964566,0,0,19,0.85,1.0,0.9,399.0,683.26,SAATHI,SAFE,two_wheeler,Zomato
1,2,1,3,0,38963.92964884937,10.364515691134315,2,2,23,1.25,1.0,0.9,699.0,1336.78,RAKSHAK,HIGH,bicycle,Zepto
1,1,0,1,1,36942.55046363456,5.747870617851935,0,0,9,1.0,0.9,1.0,699.0,1069.72,RAKSHAK,MODERATE,two_wheeler,Zomato
1,2,0,3,0,23358.800680632827,4.60522081584548,0,3,17,1.25,0.9,0.9,699.0,1008.3,RAKSHAK,HIGH,two_wheeler,Blinkit
1,1,2,1,0,21756.58135204082,8.156688423736991,1,1,9,1.0,1.15,1.0,699.0,1147.42,RAKSHAK,MODERATE,three_wheeler,Swiggy
2,0,1,2,0,14802.786359723092,7.075687914030316,0,0,8,0.85,1.0,0.95,999.0,1035.98,SURAKSHA,SAFE,two_wheeler,Zomato
1,1,0,1,0,39119.64336276556,8.012759999663803,0,3,5,1.0,0.9,1.0,699.0,980.42,RAKSHAK,MODERATE,two_wheeler,Blinkit
1,2,1,2,0,15428.1885077576,5.300724446249966,0,3,13,1.25,1.0,0.95,699.0,1115.15,RAKSHAK,HIGH,two_wheeler,Blinkit
2,2,0,2,0,22561.045257677783,6.664298112437921,0,2,12,1.25,0.9,0.95,999.0,1343.15,SURAKSHA,HIGH,two_wheeler,Zepto
1,0,0,2,0,19723.803504178173,7.565399829259342,0,3,3,0.85,0.9,0.95,699.0,668.33,RAKSHAK,SAFE,two_wheeler,Blinkit
0,0,0,3,0,12054.936512706749,4.6150257062570015,0,0,11,0.85,0.9,0.9,399.0,444.76,SAATHI,SAFE,two_wheeler,Zomato
1,2,0,2,0,33598.13832552952,8.602025920744882,0,1,10,1.25,0.9,0.95,699.0,1141.44,RAKSHAK,HIGH,two_wheeler,Swiggy
1,0,0,1,0,17942.391455993587,11.45123158700957,0,2,6,0.85,0.9,1.0,699.0,810.36,RAKSHAK,SAFE,two_wheeler,Zepto
2,0,0,1,1,17180.06431902582,10.449572893356958,0,0,15,0.85,0.9,1.0,999.0,1225.43,SURAKSHA,SAFE,two_wheeler,Zomato
1,0,0,1,0,13634.563950702659,4.698310381391096,0,2,17,0.85,0.9,1.0,699.0,747.18,RAKSHAK,SAFE,two_wheeler,Zepto
1,1,0,2,0,32046.264696753242,9.811611547747491,0,2,18,1.0,0.9,0.95,699.0,1099.65,RAKSHAK,MODERATE,two_wheeler,Zepto
2,1,0,3,0,23541.779673604393,11.523171460593375,3,0,16,1.0,0.9,0.9,999.0,1283.7,SURAKSHA,MODERATE,ev_two_wheeler,Zomato
1,2,1,2,0,18544.5948906393,6.125852617420539,0,3,23,1.25,1.0,0.95,699.0,1244.87,RAKSHAK,HIGH,two_wheeler,Blinkit
2,1,1,1,0,25512.700271816684,11.309737150789374,3,2,5,1.0,1.0,1.0,999.0,1298.3,SURAKSHA,MODERATE,ev_two_wheeler,Zepto
2,2,0,1,1,19726.83312109472,5.794296291943675,0,2,17,1.25,0.9,1.0,999.0,1501.97,SURAKSHA,HIGH,two_wheeler,Zepto
0,2,0,1,0,28364.05222358401,5.210531694528364,0,0,8,1.25,0.9,1.0,399.0,717.7,SAATHI,HIGH,two_wheeler,Zomato
1,1,2,1,0,29805.50410706769,4.937248664957626,0,3,14,1.0,1.15,1.0,699.0,1167.91,RAKSHAK,MODERATE,two_wheeler,Blinkit
0,0,0,1,0,39625.159987160645,4.172590211250534,1,2,21,0.85,0.9,1.0,399.0,888.05,SAATHI,SAFE,three_wheeler,Zepto
0,0,0,1,0,27793.36389256099,6.90669144950013,0,1,9,0.85,0.9,1.0,399.0,643.59,SAATHI,SAFE,two_wheeler,Swiggy
1,0,1,3,0,17219.901282451527,4.6020148958838405,0,1,10,0.85,1.0,0.9,699.0,737.07,RAKSHAK,SAFE,two_wheeler,Swiggy
2,0,0,3,0,21318.78409377361,11.049586080448186,0,2,7,0.85,0.9,0.9,999.0,1026.48,SURAKSHA,SAFE,two_wheeler,Zepto
0,1,2,2,1,33096.01794194777,4.843870935426384,3,2,20,1.0,1.15,0.95,399.0,879.18,SAATHI,MODERATE,ev_two_wheeler,Zepto
2,2,1,3,1,23552.083942627753,11.11382457753766,0,2,19,1.25,1.0,0.9,999.0,1658.46,SURAKSHA,HIGH,two_wheeler,Zepto
2,2,0,2,1,38687.72006061034,10.13736808413215,0,2,8,1.25,0.9,0.95,999.0,1596.23,SURAKSHA,HIGH,two_wheeler,Zepto
1,1,0,2,0,17669.783427065173,10.546298220558572,3,3,10,1.0,0.9,0.95,699.0,849.57,RAKSHAK,MODERATE,ev_two_wheeler,Blinkit
1,2,0,1,0,28115.784995073125,9.360380366123092,2,2,1,1.25,0.9,1.0,699.0,933.36,RAKSHAK,HIGH,bicycle,Zepto
0,1,0,3,1,19545.281518924523,6.948894484627541,0,3,18,1.0,0.9,0.9,399.0,756.39,SAATHI,MODERATE,two_wheeler,Blinkit
1,0,0,2,0,39960.52534509234,10.088771757187589,0,2,0,0.85,0.9,0.95,699.0,866.73,RAKSHAK,SAFE,two_wheeler,Zepto
1,1,0,1,0,23160.27339071951,9.085928437443414,0,0,1,1.0,0.9,1.0,699.0,839.84,RAKSHAK,MODERATE,two_wheeler,Zomato
0,1,2,1,0,18335.816270331263,7.933741153201627,0,2,15,1.0,1.15,1.0,399.0,807.75,SAATHI,MODERATE,two_wheeler,Zepto
1,2,0,2,1,19783.63365363309,5.4431272146358785,0,0,10,1.25,0.9,0.95,699.0,1062.52,RAKSHAK,HIGH,two_wheeler,Zomato
0,2,0,3,0,37296.412126035,5.425750127108834,0,3,12,1.25,0.9,0.9,399.0,745.14,SAATHI,HIGH,two_wheeler,Blinkit
1,0,0,2,0,12744.806452964152,5.429768287737241,0,1,9,0.85,0.9,0.95,699.0,683.6,RAKSHAK,SAFE,two_wheeler,Swiggy
1,1,0,2,0,32031.052905241442,11.237284904199559,0,0,23,1.0,0.9,0.95,699.0,1145.3,RAKSHAK,MODERATE,two_wheeler,Zomato
2,0,0,2,0,22825.608294182755,6.401858795023566,0,1,4,0.85,0.9,0.95,999.0,940.15,SURAKSHA,SAFE,two_wheeler,Swiggy
0,0,1,3,0,35705.90968962731,6.683317024184727,0,1,20,0.85,1.0,0.9,399.0,819.12,SAATHI,SAFE,two_wheeler,Swiggy
0,1,1,1,1,19737.500212297895,8.604794774938846,0,3,0,1.0,1.0,1.0,399.0,620.39,SAATHI,MODERATE,two_wheeler,Blinkit
1,2,0,3,0,33663.1677638439,7.764631298850968,0,3,3,1.25,0.9,0.9,699.0,997.38,RAKSHAK,HIGH,two_wheeler,Blinkit
0,0,0,1,0,18173.281113526347,9.437289819176446,0,2,0,0.85,0.9,1.0,399.0,527.08,SAATHI,SAFE,two_wheeler,Zepto
2,0,0,2,0,28371.4005069547,6.20855629449629,0,0,23,0.85,0.9,0.95,999.0,1171.33,SURAKSHA,SAFE,two_wheeler,Zomato
1,0,0,1,0,27224.87805477558,10.883332892650763,0,2,24,0.85,0.9,1.0,699.0,1080.42,RAKSHAK,SAFE,two_wheeler,Zepto
1,0,1,1,0,31057.256606582403,11.013220848821971,0,0,14,0.85,1.0,1.0,699.0,1076.73,RAKSHAK,SAFE,two_wheeler,Zomato
1,1,0,2,0,17614.22919355896,11.151869290705827,3,1,21,1.0,0.9,0.95,699.0,1029.79,RAKSHAK,MODERATE,ev_two_wheeler,Swiggy
1,1,0,1,0,22728.3276473875,6.562280009752879,2,1,19,1.0,0.9,1.0,699.0,889.82,RAKSHAK,MODERATE,bicycle,Swiggy
0,0,1,3,0,31773.385752348342,10.382223702439346,0,2,8,0.85,1.0,0.9,399.0,719.02,SAATHI,SAFE,two_wheeler,Zepto
1,2,2,1,0,31049.35064922901,4.393589333159019,0,2,20,1.25,1.15,1.0,699.0,1406.86,RAKSHAK,HIGH,two_wheeler,Zepto
1,2,0,1,0,18024.226672996137,11.524347454335079,2,0,23,1.25,0.9,1.0,699.0,1197.57,RAKSHAK,HIGH,bicycle,Zomato
1,1,1,3,0,28274.103424371817,9.2228195565481,0,0,14,1.0,1.0,0.9,699.0,1073.69,RAKSHAK,MODERATE,two_wheeler,Zomato
0,0,0,2,0,35431.884927389634,8.667442575803971,2,1,15,0.85,0.9,0.95,399.0,695.06,SAATHI,SAFE,bicycle,Swiggy
1,0,0,1,1,33086.09044084928,6.924066169855867,0,1,1,0.85,0.9,1.0,699.0,858.68,RAKSHAK,SAFE,two_wheeler,Swiggy
0,0,0,1,0,37529.06598660565,5.313370280353509,0,1,21,0.85,0.9,1.0,399.0,793.06,SAATHI,SAFE,two_wheeler,Swiggy
2,1,0,2,0,13432.636061120911,10.743423149749898,2,3,23,1.0,0.9,0.95,999.0,1224.64,SURAKSHA,MODERATE,bicycle,Blinkit
0,1,0,1,0,26123.461192121547,4.26892323702928,0,2,18,1.0,0.9,1.0,399.0,716.94,SAATHI,MODERATE,two_wheeler,Zepto
1,1,0,2,0,26932.906523095488,11.884946145497207,0,0,10,1.0,0.9,0.95,699.0,1022.04,RAKSHAK,MODERATE,two_wheeler,Zomato
2,0,1,1,0,32344.143981530044,9.626759967561167,3,3,11,0.85,1.0,1.0,999.0,1256.12,SURAKSHA,SAFE,ev_two_wheeler,Blinkit
1,1,0,3,1,22215.771651744806,6.032677058183246,0,0,12,1.0,0.9,0.9,699.0,988.25,RAKSHAK,MODERATE,two_wheeler,Zomato
0,0,0,2,1,19134.61270218419,7.786570324394713,3,0,3,0.85,0.9,0.95,399.0,553.08,SAATHI,SAFE,ev_two_wheeler,Zomato
1,2,1,2,0,30170.533503301293,7.14937343490818,0,3,8,1.25,1.0,0.95,699.0,1134.51,RAKSHAK,HIGH,two_wheeler,Blinkit
1,1,0,2,1,32003.440683906112,7.847860476666815,1,0,15,1.0,0.9,0.95,699.0,1155.49,RAKSHAK,MODERATE,three_wheeler,Zomato
1,0,0,2,0,29852.287860048564,9.895839716285256,0,1,10,0.85,0.9,0.95,699.0,927.47,RAKSHAK,SAFE,two_wheeler,Swiggy
1,0,0,1,0,13873.707996152796,6.503704628030256,2,1,13,0.85,0.9,1.0,699.0,655.21,RAKSHAK,SAFE,bicycle,Swiggy
2,1,1,1,0,26842.90575850296,5.085284104044475,3,2,18,1.0,1.0,1.0,999.0,1353.41,SURAKSHA,MODERATE,ev_two_wheeler,Zepto
1,1,0,1,0,37099.82436663807,4.7614847393488695,0,2,3,1.0,0.9,1.0,699.0,887.92,RAKSHAK,MODERATE,two_wheeler,Zepto
1,2,0,3,0,24287.22262507782,10.916138524373626,0,2,2,1.25,0.9,0.9,699.0,997.27,RAKSHAK,HIGH,two_wheeler,Zepto
0,2,0,3,0,19698.747985558766,6.414005165982739,0,3,10,1.25,0.9,0.9,399.0,647.72,SAATHI,HIGH,two_wheeler,Blinkit
1,2,1,1,0,15528.50978014649,10.948227769558063,0,1,19,1.25,1.0,1.0,699.0,1280.8,RAKSHAK,HIGH,two_wheeler,Swiggy
1,0,0,3,0,38043.21717979462,11.034060313293814,0,2,19,0.85,0.9,0.9,699.0,1075.69,RAKSHAK,SAFE,two_wheeler,Zepto
1,0,1,1,0,26217.20204405248,9.853593519637771,0,0,14,0.85,1.0,1.0,699.0,1036.1,RAKSHAK,SAFE,two_wheeler,Zomato
1,1,1,2,0,28658.78537563142,4.164974405943107,1,2,8,1.0,1.0,0.95,699.0,987.25,RAKSHAK,MODERATE,three_wheeler,Zepto
1,0,2,2,0,22630.9618213515,4.075866840547001,1,1,19,0.85,1.15,0.95,699.0,1035.08,RAKSHAK,SAFE,three_wheeler,Swiggy
0,1,0,3,0,20112.315584645636,11.89835771997009,1,1,2,1.0,0.9,0.9,399.0,614.05,SAATHI,MODERATE,three_wheeler,Swiggy
0,1,0,1,0,25888.04004200663,5.702505807692531,2,2,16,1.0,0.9,1.0,399.0,630.61,SAATHI,MODERATE,bicycle,Zepto
1,0,0,1,0,23296.669135720564,11.23682698813955,0,0,16,0.85,0.9,1.0,699.0,989.79,RAKSHAK,SAFE,two_wheeler,Zomato
0,0,0,3,0,31333.04642587875,8.819702471770634,3,2,12,0.85,0.9,0.9,399.0,651.36,SAATHI,SAFE,ev_two_wheeler,Zepto
0,0,0,3,1,25101.685048555846,5.042913078191781,0,3,2,0.85,0.9,0.9,399.0,527.95,SAATHI,SAFE,two_wheeler,Blinkit
0,1,1,2,0,26796.072994995855,9.22908924067017,1,3,23,1.0,1.0,0.95,399.0,972.42,SAATHI,MODERATE,three_wheeler,Blinkit
0,2,1,2,0,15098.867173436549,11.08071563702616,0,2,17,1.25,1.0,0.95,399.0,800.69,SAATHI,HIGH,two_wheeler,Zepto
0,1,0,1,0,20816.925227399188,8.192203065524122,0,3,14,1.0,0.9,1.0,399.0,733.22,SAATHI,MODERATE,two_wheeler,Blinkit
0,1,2,1,0,18406.652101975593,8.998368010337146,0,0,21,1.0,1.15,1.0,399.0,860.09,SAATHI,MODERATE,two_wheeler,Zomato
1,0,1,1,0,22876.46868138359,4.213499411833752,2,1,17,0.85,1.0,1.0,699.0,799.38,RAKSHAK,SAFE,bicycle,Swiggy
1,0,0,2,1,13396.874076823842,5.942794349099791,3,2,9,0.85,0.9,0.95,699.0,706.4,RAKSHAK,SAFE,ev_two_wheeler,Zepto
1,1,0,2,0,13754.240070142461,9.29998276472849,2,3,24,1.0,0.9,0.95,699.0,915.5,RAKSHAK,MODERATE,bicycle,Blinkit
0,0,0,1,0,29722.11192780236,4.296817962504776,0,2,11,0.85,0.9,1.0,399.0,604.52,SAATHI,SAFE,two_wheeler,Zepto
0,1,0,3,0,25710.21704550302,11.61943235817889,2,2,22,1.0,0.9,0.9,399.0,759.77,SAATHI,MODERATE,bicycle,Zepto
2,0,1,3,0,30698.41514008456,10.519225375679731,0,3,19,0.85,1.0,0.9,999.0,1299.67,SURAKSHA,SAFE,two_wheeler,Blinkit
1,1,1,1,0,34261.09138350657,5.893593925243145,3,2,8,1.0,1.0,1.0,699.0,975.82,RAKSHAK,MODERATE,ev_two_wheeler,Zepto
2,1,0,1,0,22578.48303519409,9.085128850557439,0,1,5,1.0,0.9,1.0,999.0,1180.23,SURAKSHA,MODERATE,two_wheeler,Swiggy
0,1,0,1,0,22910.587227133117,4.787187936446621,3,3,3,1.0,0.9,1.0,399.0,501.01,SAATHI,MODERATE,ev_two_wheeler,Blinkit
2,2,0,2,0,14967.735356598843,10.664452773884964,2,0,17,1.25,0.9,0.95,999.0,1319.58,SURAKSHA,HIGH,bicycle,Zomato
2,1,0,1,1,26658.713637567802,11.869226699856707,0,1,10,1.0,0.9,1.0,999.0,1376.97,SURAKSHA,MODERATE,two_wheeler,Swiggy
2,1,1,1,0,39837.3243881215,6.099970510112893,2,1,0,1.0,1.0,1.0,999.0,1179.59,SURAKSHA,MODERATE,bicycle,Swiggy
0,0,0,1,0,27540.695945690568,7.595207577136535,0,2,10,0.85,0.9,1.0,399.0,663.99,SAATHI,SAFE,two_wheeler,Zepto
1,0,0,2,0,39073.94440332853,6.467646482617564,2,0,1,0.85,0.9,0.95,699.0,703.75,RAKSHAK,SAFE,bicycle,Zomato
0,1,2,1,0,31210.4718371715,11.69139901278465,0,0,2,1.0,1.15,1.0,399.0,808.73,SAATHI,MODERATE,two_wheeler,Zomato
1,1,0,1,0,38429.94586676863,9.944075271015318,3,3,0,1.0,0.9,1.0,699.0,910.4,RAKSHAK,MODERATE,ev_two_wheeler,Blinkit
0,2,0,2,0,13117.26559120648,5.8220705097561725,0,3,8,1.25,0.9,0.95,399.0,617.56,SAATHI,HIGH,two_wheeler,Blinkit
1,2,2,2,0,20088.191732421088,5.806568611996365,3,1,3,1.25,1.15,0.95,699.0,1079.88,RAKSHAK,HIGH,ev_two_wheeler,Swiggy
0,0,2,1,0,13785.897423130291,10.203958375599466,0,3,4,0.85,1.15,1.0,399.0,608.48,SAATHI,SAFE,two_wheeler,Blinkit
0,1,0,1,0,29310.183095235872,10.677080990156703,0,1,6,1.0,0.9,1.0,399.0,758.47,SAATHI,MODERATE,two_wheeler,Swiggy
0,2,0,2,0,37499.57581472626,9.221070668818028,0,1,19,1.25,0.9,0.95,399.0,948.33,SAATHI,HIGH,two_wheeler,Swiggy
2,2,0,2,0,23236.24736160639,9.11601521450973,0,3,16,1.25,0.9,0.95,999.0,1421.69,SURAKSHA,HIGH,two_wheeler,Blinkit
1,1,0,2,0,32595.357636854882,5.050800677748562,0,0,6,1.0,0.9,0.95,699.0,865.37,RAKSHAK,MODERATE,two_wheeler,Zomato
0,0,0,2,0,38670.4173594066,11.177083430983275,0,3,9,0.85,0.9,0.95,399.0,797.67,SAATHI,SAFE,two_wheeler,Blinkit
1,1,0,1,0,39453.34946977631,4.915858707743124,0,2,10,1.0,0.9,1.0,699.0,954.69,RAKSHAK,MODERATE,two_wheeler,Zepto
2,2,0,3,0,30256.356886068843,6.525830181285178,0,3,14,1.25,0.9,0.9,999.0,1406.77,SURAKSHA,HIGH,two_wheeler,Blinkit
1,0,2,1,1,32437.13327086672,6.983746463739083,0,3,13,0.85,1.15,1.0,699.0,1141.98,RAKSHAK,SAFE,two_wheeler,Blinkit
1,2,2,1,0,14560.06255196651,4.830297734795726,0,1,12,1.25,1.15,1.0,699.0,1185.99,RAKSHAK,HIGH,two_wheeler,Swiggy
1,2,2,1,0,26540.94195570577,6.378681694736784,1,1,16,1.25,1.15,1.0,699.0,1436.0,RAKSHAK,HIGH,three_wheeler,Swiggy
2,2,0,2,0,15272.646057749495,9.87280185455262,2,1,12,1.25,0.9,0.95,999.0,1293.51,SURAKSHA,HIGH,bicycle,Swiggy
1,1,0,1,1,31685.692321965857,8.509509288005034,0,2,10,1.0,0.9,1.0,699.0,1096.0,RAKSHAK,MODERATE,two_wheeler,Zepto
0,0,0,1,0,25183.602642953352,5.647636473586345,0,3,22,0.85,0.9,1.0,399.0,708.7,SAATHI,SAFE,two_wheeler,Blinkit
1,0,0,2,1,22472.011696302565,5.332387598284664,3,2,24,0.85,0.9,0.95,699.0,1010.03,RAKSHAK,SAFE,ev_two_wheeler,Zepto
0,2,1,1,0,32830.66016414728,7.167458874354782,0,0,0,1.25,1.0,1.0,399.0,716.19,SAATHI,HIGH,two_wheeler,Zomato
0,2,0,1,0,16508.79987935799,5.504298490328882,0,0,9,1.25,0.9,1.0,399.0,672.75,SAATHI,HIGH,two_wheeler,Zomato
2,0,0,1,0,35279.83690569299,9.981692202028114,0,3,9,0.85,0.9,1.0,999.0,1223.48,SURAKSHA,SAFE,two_wheeler,Blinkit
0,0,1,3,0,26317.289428837885,11.627969932487533,0,2,12,0.85,1.0,0.9,399.0,712.28,SAATHI,SAFE,two_wheeler,Zepto
0,0,2,3,0,38715.977990405336,5.128077137908366,0,0,8,0.85,1.15,0.9,399.0,681.08,SAATHI,SAFE,two_wheeler,Zomato
2,1,0,1,0,18385.940977722865,9.46663930846633,0,1,1,1.0,0.9,1.0,999.0,1075.3,SURAKSHA,MODERATE,two_wheeler,Swiggy
1,0,1,2,0,30790.940359648604,7.258226801734868,0,2,20,0.85,1.0,0.95,699.0,1053.89,RAKSHAK,SAFE,two_wheeler,Zepto
0,0,0,3,0,17138.85269248183,6.896387600068469,0,2,1,0.85,0.9,0.9,399.0,370.08,SAATHI,SAFE,two_wheeler,Zepto
2,0,0,2,0,31074.512650218963,10.958504147191693,2,0,12,0.85,0.9,0.95,999.0,1047.58,SURAKSHA,SAFE,bicycle,Zomato
0,1,0,3,1,19146.77701105003,10.859288368679273,0,0,12,1.0,0.9,0.9,399.0,703.68,SAATHI,MODERATE,two_wheeler,Zomato
2,2,0,3,1,17544.24392180705,5.6628643387761795,2,2,2,1.25,0.9,0.9,999.0,1130.72,SURAKSHA,HIGH,bicycle,Zepto
1,2,1,1,0,20869.35895047612,5.738386886791629,0,0,17,1.25,1.0,1.0,699.0,1231.13,RAKSHAK,HIGH,two_wheeler,Zomato
2,1,0,1,1,37685.3497640947,11.583889753329563,0,2,0,1.0,0.9,1.0,999.0,1279.87,SURAKSHA,MODERATE,two_wheeler,Zepto
0,0,1,1,0,32539.890634226274,10.314708068759979,0,1,18,0.85,1.0,1.0,399.0,878.59,SAATHI,SAFE,two_wheeler,Swiggy
2,1,0,2,0,32616.334653904596,6.246310391405273,0,3,23,1.0,0.9,0.95,999.0,1381.45,SURAKSHA,MODERATE,two_wheeler,Blinkit
0,1,1,1,1,16392.257230168238,9.74455282157684,0,0,8,1.0,1.0,1.0,399.0,714.22,SAATHI,MODERATE,two_wheeler,Zomato
0,2,0,1,0,19642.988356093672,8.231779242000403,3,0,5,1.25,0.9,1.0,399.0,626.76,SAATHI,HIGH,ev_two_wheeler,Zomato
0,0,2,1,0,20398.709765431588,10.026800190340275,3,2,10,0.85,1.15,1.0,399.0,696.92,SAATHI,SAFE,ev_two_wheeler,Zepto
0,1,0,1,0,15498.2683498152,10.282946152896365,3,1,4,1.0,0.9,1.0,399.0,533.13,SAATHI,MODERATE,ev_two_wheeler,Swiggy
1,0,0,2,0,19661.415086701312,9.216292827149218,3,2,6,0.85,0.9,0.95,699.0,714.51,RAKSHAK,SAFE,ev_two_wheeler,Zepto
0,1,0,1,0,37044.67332705775,5.42966986162807,0,0,8,1.0,0.9,1.0,399.0,656.63,SAATHI,MODERATE,two_wheeler,Zomato
2,0,0,2,1,39142.36814851705,5.733057608204124,0,1,24,0.85,0.9,0.95,999.0,1363.69,SURAKSHA,SAFE,two_wheeler,Swiggy
1,0,2,2,0,24596.56486915442,6.61008956373653,0,1,24,0.85,1.15,0.95,699.0,1101.74,RAKSHAK,SAFE,two_wheeler,Swiggy
0,1,0,3,0,34985.36320365248,10.596757132407603,0,0,9,1.0,0.9,0.9,399.0,700.26,SAATHI,MODERATE,two_wheeler,Zomato
2,0,0,1,1,37027.27434620735,9.198496249983078,0,1,22,0.85,0.9,1.0,999.0,1408.64,SURAKSHA,SAFE,two_wheeler,Swiggy
1,0,0,2,0,38524.31497500004,11.489561837001752,0,2,15,0.85,0.9,0.95,699.0,1042.82,RAKSHAK,SAFE,two_wheeler,Zepto
0,2,1,2,0,29928.330102585034,8.946227666260318,0,3,24,1.25,1.0,0.95,399.0,1029.39,SAATHI,HIGH,two_wheeler,Blinkit
1,0,1,1,0,24506.240054171907,5.446864132640426,0,2,3,0.85,1.0,1.0,699.0,763.27,RAKSHAK,SAFE,two_wheeler,Zepto
1,1,0,2,0,27310.55607784176,10.184811961615502,3,3,3,1.0,0.9,0.95,699.0,927.05,RAKSHAK,MODERATE,ev_two_wheeler,Blinkit
1,1,1,1,0,39345.39083783805,10.559254387231004,0,0,6,1.0,1.0,1.0,699.0,1121.07,RAKSHAK,MODERATE,two_wheeler,Zomato
1,0,0,1,0,27642.9973466198,8.338053833148493,0,1,21,0.85,0.9,1.0,699.0,1011.13,RAKSHAK,SAFE,two_wheeler,Swiggy
1,1,0,1,1,30356.79353832853,4.801620278698512,3,2,6,1.0,0.9,1.0,699.0,937.84,RAKSHAK,MODERATE,ev_two_wheeler,Zepto
1,1,0,2,0,23897.749335032662,11.96849501737698,0,0,14,1.0,0.9,0.95,699.0,1053.03,RAKSHAK,MODERATE,two_wheeler,Zomato
0,1,0,3,1,39466.15639286215,10.714525982000765,0,0,22,1.0,0.9,0.9,399.0,1028.34,SAATHI,MODERATE,two_wheeler,Zomato
1,1,1,2,0,31100.335216167587,8.721774470456072,2,3,7,1.0,1.0,0.95,699.0,960.42,RAKSHAK,MODERATE,bicycle,Blinkit
1,2,1,2,0,18875.51900054297,4.213261799464219,0,1,24,1.25,1.0,0.95,699.0,1225.98,RAKSHAK,HIGH,two_wheeler,Swiggy
1,0,1,3,1,13601.384494678638,5.9853267456742465,3,2,15,0.85,1.0,0.9,699.0,803.8,RAKSHAK,SAFE,ev_two_wheeler,Zepto
0,2,2,1,1,12011.191392501098,4.875917667348453,0,3,10,1.25,1.15,1.0,399.0,829.47,SAATHI,HIGH,two_wheeler,Blinkit
1,1,0,3,1,23606.73759449434,11.75951171450041,0,2,16,1.0,0.9,0.9,699.0,1088.71,RAKSHAK,MODERATE,two_wheeler,Zepto
1,1,1,1,0,13874.998588117447,10.302740609987818,3,3,21,1.0,1.0,1.0,699.0,1068.02,RAKSHAK,MODERATE,ev_two_wheeler,Blinkit
2,2,1,2,0,23582.64174836633,9.177577378352911,0,1,15,1.25,1.0,0.95,999.0,1584.9,SURAKSHA,HIGH,two_wheeler,Swiggy
0,1,0,3,0,17488.832740420286,7.68148047416336,2,2,13,1.0,0.9,0.9,399.0,501.34,SAATHI,MODERATE,bicycle,Zepto
0,1,0,2,0,18606.50975299719,8.28394115029013,0,2,8,1.0,0.9,0.95,399.0,616.07,SAATHI,MODERATE,two_wheeler,Zepto
1,0,2,1,0,35691.35157731843,11.904940616500735,2,2,13,0.85,1.15,1.0,699.0,1070.33,RAKSHAK,SAFE,bicycle,Zepto
1,1,0,2,1,30046.210123472614,10.377925497533619,1,2,3,1.0,0.9,0.95,699.0,1002.23,RAKSHAK,MODERATE,three_wheeler,Zepto
1,1,0,2,0,14226.200536487075,7.395410092211699,0,0,20,1.0,0.9,0.95,699.0,934.26,RAKSHAK,MODERATE,two_wheeler,Zomato
1,1,0,1,0,12924.812233708379,6.039874872477081,0,2,15,1.0,0.9,1.0,699.0,870.92,RAKSHAK,MODERATE,two_wheeler,Zepto
1,1,1,2,0,18132.604724670688,6.237010781462913,0,1,4,1.0,1.0,0.95,699.0,786.13,RAKSHAK,MODERATE,two_wheeler,Swiggy
1,0,0,2,0,15481.010433021262,9.280621159694366,0,2,17,0.85,0.9,0.95,699.0,852.11,RAKSHAK,SAFE,two_wheeler,Zepto
0,1,1,2,0,24099.45078075365,9.602717828400792,2,1,19,1.0,1.0,0.95,399.0,700.17,SAATHI,MODERATE,bicycle,Swiggy
1,0,0,2,0,24822.972849398426,8.535779551734333,0,2,16,0.85,0.9,0.95,699.0,899.68,RAKSHAK,SAFE,two_wheeler,Zepto
0,0,0,2,0,34853.80078299894,4.454735911871081,2,3,0,0.85,0.9,0.95,399.0,398.41,SAATHI,SAFE,bicycle,Blinkit
1,1,0,1,0,29472.47016439959,10.396756966633628,0,3,10,1.0,0.9,1.0,699.0,973.23,RAKSHAK,MODERATE,two_wheeler,Blinkit
0,0,0,3,0,29134.856003743484,6.907853867297916,0,3,7,0.85,0.9,0.9,399.0,545.84,SAATHI,SAFE,two_wheeler,Blinkit
1,0,0,3,0,18199.95790008483,10.769531012678428,2,3,4,0.85,0.9,0.9,699.0,649.71,RAKSHAK,SAFE,bicycle,Blinkit
2,2,0,2,0,24756.48758279755,8.673119449328007,3,0,19,1.25,0.9,0.95,999.0,1464.11,SURAKSHA,HIGH,ev_two_wheeler,Zomato
2,1,1,1,0,28963.653305084663,8.019202715929694,3,1,10,1.0,1.0,1.0,999.0,1327.5,SURAKSHA,MODERATE,ev_two_wheeler,Swiggy
1,1,0,1,0,14527.077327130086,5.644335208321482,0,1,16,1.0,0.9,1.0,699.0,885.68,RAKSHAK,MODERATE,two_wheeler,Swiggy
1,1,0,1,0,31708.896239964648,9.459964747005142,0,0,12,1.0,0.9,1.0,699.0,1049.91,RAKSHAK,MODERATE,two_wheeler,Zomato
0,0,2,1,0,38964.130959656504,9.204893633050379,0,2,15,0.85,1.15,1.0,399.0,896.1,SAATHI,SAFE,two_wheeler,Zepto
1,1,1,3,0,31610.89127708858,4.224345601328589,0,2,6,1.0,1.0,0.9,699.0,855.54,RAKSHAK,MODERATE,two_wheeler,Zepto
0,0,2,1,0,13602.11765574884,9.265590390474578,0,3,9,0.85,1.15,1.0,399.0,630.83,SAATHI,SAFE,two_wheeler,Blinkit
0,1,0,1,0,25143.810457553394,11.952149534515115,0,1,15,1.0,0.9,1.0,399.0,875.83,SAATHI,MODERATE,two_wheeler,Swiggy
1,1,0,2,0,24634.487561018497,5.433540982842896,0,2,17,1.0,0.9,0.95,699.0,984.07,RAKSHAK,MODERATE,two_wheeler,Zepto
2,2,0,2,1,22784.48945376581,9.70020469501251,0,3,6,1.25,0.9,0.95,999.0,1468.4,SURAKSHA,HIGH,two_wheeler,Blinkit
0,1,0,1,0,24711.61354092439,7.9635971414343825,0,3,12,1.0,0.9,1.0,399.0,699.0,SAATHI,MODERATE,two_wheeler,Blinkit
1,0,1,2,0,35695.241141346545,8.784519467438201,1,0,22,0.85,1.0,0.95,699.0,1142.28,RAKSHAK,SAFE,three_wheeler,Zomato
1,0,1,3,1,34993.70782803219,7.754883845415292,0,1,12,0.85,1.0,0.9,699.0,1016.42,RAKSHAK,SAFE,two_wheeler,Swiggy
0,1,1,1,0,33465.40139109873,10.00940474964842,0,3,24,1.0,1.0,1.0,399.0,983.86,SAATHI,MODERATE,two_wheeler,Blinkit
1,2,0,1,1,38438.24796368899,7.632558087597475,0,0,6,1.25,0.9,1.0,699.0,1212.36,RAKSHAK,HIGH,two_wheeler,Zomato
0,1,1,2,1,19857.93456169823,4.522034324892996,0,2,5,1.0,1.0,0.95,399.0,584.14,SAATHI,MODERATE,two_wheeler,Zepto
2,0,1,1,1,30240.838265640636,11.119293432869343,0,3,18,0.85,1.0,1.0,999.0,1491.94,SURAKSHA,SAFE,two_wheeler,Blinkit
1,2,0,3,0,38561.72689065228,5.615289377547268,0,2,17,1.25,0.9,0.9,699.0,1161.78,RAKSHAK,HIGH,two_wheeler,Zepto
1,1,0,1,0,32779.1180775201,5.7490598466628295,2,1,14,1.0,0.9,1.0,699.0,880.76,RAKSHAK,MODERATE,bicycle,Swiggy
0,1,1,3,0,23670.134328796325,10.882744489281013,0,1,0,1.0,1.0,0.9,399.0,576.51,SAATHI,MODERATE,two_wheeler,Swiggy
0,1,0,1,1,15207.424743292811,9.962592005269329,2,1,6,1.0,0.9,1.0,399.0,576.83,SAATHI,MODERATE,bicycle,Swiggy
1,0,1,2,0,16721.693960109707,6.217944319984547,0,3,23,0.85,1.0,0.95,699.0,919.32,RAKSHAK,SAFE,two_wheeler,Blinkit
0,0,0,1,0,23166.836516063035,10.67739297344291,0,1,20,0.85,0.9,1.0,399.0,764.48,SAATHI,SAFE,two_wheeler,Swiggy
0,0,2,1,0,16691.269385694242,10.922801912367387,2,2,18,0.85,1.15,1.0,399.0,675.92,SAATHI,SAFE,bicycle,Zepto
1,2,0,1,0,22406.663301090226,10.359802393683612,2,1,13,1.25,0.9,1.0,699.0,1082.76,RAKSHAK,HIGH,bicycle,Swiggy
0,0,0,1,0,35902.46459387295,11.130615679592907,0,1,14,0.85,0.9,1.0,399.0,847.61,SAATHI,SAFE,two_wheeler,Swiggy
1,1,0,2,0,28239.712255309503,11.121298851260711,1,3,0,1.0,0.9,0.95,699.0,940.92,RAKSHAK,MODERATE,three_wheeler,Blinkit
1,0,0,1,0,36180.548441994266,5.563277285228879,0,1,11,0.85,0.9,1.0,699.0,946.0,RAKSHAK,SAFE,two_wheeler,Swiggy
0,0,0,2,0,21985.006584098912,9.302571348307314,0,2,10,0.85,0.9,0.95,399.0,597.55,SAATHI,SAFE,two_wheeler,Zepto
1,1,1,1,0,25855.861961789815,6.524409212361046,0,2,8,1.0,1.0,1.0,699.0,965.75,RAKSHAK,MODERATE,two_wheeler,Zepto
1,1,2,1,0,12515.090594522922,10.511405423062943,0,3,21,1.0,1.15,1.0,699.0,1212.64,RAKSHAK,MODERATE,two_wheeler,Blinkit
1,0,2,3,0,20547.614425890755,11.283338460139685,0,2,19,0.85,1.15,0.9,699.0,1099.23,RAKSHAK,SAFE,two_wheeler,Zepto
1,2,1,1,0,17149.467004516388,8.15662788080975,2,2,7,1.25,1.0,1.0,699.0,998.73,RAKSHAK,HIGH,bicycle,Zepto
1,1,1,1,0,12330.885401789896,11.901831863384137,3,0,11,1.0,1.0,1.0,699.0,1000.57,RAKSHAK,MODERATE,ev_two_wheeler,Zomato
2,1,0,3,1,32588.30700647808,11.768575442263753,0,1,1,1.0,0.9,0.9,999.0,1208.27,SURAKSHA,MODERATE,two_wheeler,Swiggy
0,2,0,1,0,25491.624296983224,8.13416327261888,0,3,15,1.25,0.9,1.0,399.0,814.09,SAATHI,HIGH,two_wheeler,Blinkit
1,1,1,1,1,37356.01682450875,7.0003770760823425,0,0,1,1.0,1.0,1.0,699.0,1042.19,RAKSHAK,MODERATE,two_wheeler,Zomato
2,0,0,2,1,31590.85549119083,5.462576855218714,0,3,5,0.85,0.9,0.95,999.0,1063.18,SURAKSHA,SAFE,two_wheeler,Blinkit
1,0,0,3,0,30842.38626740572,5.0569801912965255,0,2,7,0.85,0.9,0.9,699.0,783.47,RAKSHAK,SAFE,two_wheeler,Zepto
0,0,0,1,1,15715.1407116124,6.794536786598208,2,1,17,0.85,0.9,1.0,399.0,556.3,SAATHI,SAFE,bicycle,Swiggy
2,0,0,3,1,24363.200232592266,8.256163803329777,3,3,8,0.85,0.9,0.9,999.0,983.81,SURAKSHA,SAFE,ev_two_wheeler,Blinkit
1,0,0,2,0,33324.7055495502,10.927564946381366,0,2,14,0.85,0.9,0.95,699.0,1020.87,RAKSHAK,SAFE,two_wheeler,Zepto
0,1,1,2,0,22131.570477839578,11.282435074161674,0,0,17,1.0,1.0,0.95,399.0,811.1,SAATHI,MODERATE,two_wheeler,Zomato
1,1,2,1,0,38984.37763933066,4.44376556111517,0,2,3,1.0,1.15,1.0,699.0,1004.22,RAKSHAK,MODERATE,two_wheeler,Zepto
1,0,1,1,1,19752.83603463477,7.050779857441554,0,3,7,0.85,1.0,1.0,699.0,894.98,RAKSHAK,SAFE,two_wheeler,Blinkit
1,0,0,1,0,30156.971917413546,11.522853715725763,0,2,6,0.85,0.9,1.0,699.0,895.23,RAKSHAK,SAFE,two_wheeler,Zepto
2,0,1,3,0,16202.10727422617,8.785031546893144,0,1,6,0.85,1.0,0.9,999.0,995.55,SURAKSHA,SAFE,two_wheeler,Swiggy
1,0,0,2,0,21825.146123305618,9.501674021675484,0,3,23,0.85,0.9,0.95,699.0,987.19,RAKSHAK,SAFE,two_wheeler,Blinkit
1,0,0,3,1,17760.979142054268,7.130404013159541,0,0,6,0.85,0.9,0.9,699.0,757.79,RAKSHAK,SAFE,two_wheeler,Zomato
1,1,0,2,0,28979.61809541419,8.056067041808205,0,2,6,1.0,0.9,0.95,699.0,885.28,RAKSHAK,MODERATE,two_wheeler,Zepto
0,1,0,2,0,12420.93228133568,5.001807209625653,0,0,17,1.0,0.9,0.95,399.0,565.98,SAATHI,MODERATE,two_wheeler,Zomato
1,2,0,1,1,18652.842948281166,7.689378989388856,3,2,11,1.25,0.9,1.0,699.0,1079.2,RAKSHAK,HIGH,ev_two_wheeler,Zepto
1,0,1,1,1,22293.27641466352,9.317125696814696,3,3,8,0.85,1.0,1.0,699.0,943.94,RAKSHAK,SAFE,ev_two_wheeler,Blinkit
2,0,0,1,0,25272.94889887827,10.669534092601909,3,3,24,0.85,0.9,1.0,999.0,1283.46,SURAKSHA,SAFE,ev_two_wheeler,Blinkit
1,1,0,1,0,20928.17407381141,7.485172966425387,0,0,21,1.0,0.9,1.0,699.0,1042.98,RAKSHAK,MODERATE,two_wheeler,Zomato
1,1,0,1,0,21049.1064202992,5.023694016018839,3,1,5,1.0,0.9,1.0,699.0,770.72,RAKSHAK,MODERATE,ev_two_wheeler,Swiggy
1,0,0,1,0,17858.566774798546,5.854645649358492,0,2,9,0.85,0.9,1.0,699.0,745.32,RAKSHAK,SAFE,two_wheeler,Zepto
1,1,0,1,0,21423.52844914008,9.872085881113026,0,0,4,1.0,0.9,1.0,699.0,900.26,RAKSHAK,MODERATE,two_wheeler,Zomato
1,1,0,2,0,24439.209284145094,6.179896582312345,0,0,5,1.0,0.9,0.95,699.0,799.0,RAKSHAK,MODERATE,two_wheeler,Zomato
0,2,0,3,0,37905.01730518379,4.427908991170949,0,2,24,1.25,0.9,0.9,399.0,913.29,SAATHI,HIGH,two_wheeler,Zepto
1,1,1,2,0,36348.71875875555,10.038203129093752,0,2,5,1.0,1.0,0.95,699.0,1004.2,RAKSHAK,MODERATE,two_wheeler,Zepto
1,0,0,2,0,37351.574041383006,6.79982146737903,0,0,18,0.85,0.9,0.95,699.0,1014.14,RAKSHAK,SAFE,two_wheeler,Zomato
1,0,0,1,0,25478.121359166485,10.669833298680558,0,1,18,0.85,0.9,1.0,699.0,1016.15,RAKSHAK,SAFE,two_wheeler,Swiggy
2,1,0,3,0,34913.02002105387,8.277184251505222,0,3,2,1.0,0.9,0.9,999.0,1080.79,SURAKSHA,MODERATE,two_wheeler,Blinkit
0,0,1,1,0,36694.81471877651,5.115841118669213,0,0,20,0.85,1.0,1.0,399.0,793.57,SAATHI,SAFE,two_wheeler,Zomato
0,1,0,2,0,37817.74348065385,10.563198709108153,0,3,20,1.0,0.9,0.95,399.0,922.52,SAATHI,MODERATE,two_wheeler,Blinkit
1,0,2,1,0,16417.11523668671,7.472579299094019,3,2,16,0.85,1.15,1.0,699.0,938.39,RAKSHAK,SAFE,ev_two_wheeler,Zepto
1,1,0,1,0,17667.719778462328,4.612079600560633,0,2,13,1.0,0.9,1.0,699.0,824.92,RAKSHAK,MODERATE,two_wheeler,Zepto
1,1,1,2,0,14529.18624817337,5.39932217403592,0,1,23,1.0,1.0,0.95,699.0,991.88,RAKSHAK,MODERATE,two_wheeler,Swiggy
0,0,0,1,0,21188.2017093842,5.088387932775302,0,3,19,0.85,0.9,1.0,399.0,692.14,SAATHI,SAFE,two_wheeler,Blinkit
1,2,0,2,1,24867.069885394103,6.549915111363036,0,0,5,1.25,0.9,0.95,699.0,1085.08,RAKSHAK,HIGH,two_wheeler,Zomato
2,0,0,3,1,31387.664499708135,11.159537840973117,1,3,1,0.85,0.9,0.9,999.0,1151.97,SURAKSHA,SAFE,three_wheeler,Blinkit
2,0,0,1,0,35020.08664808275,10.329165206744818,0,1,8,0.85,0.9,1.0,999.0,1210.15,SURAKSHA,SAFE,two_wheeler,Swiggy
1,2,0,2,0,34758.19310384584,6.489161522811711,2,0,7,1.25,0.9,0.95,699.0,998.33,RAKSHAK,HIGH,bicycle,Zomato
1,0,0,1,0,32024.470439122237,8.421539630629919,0,2,4,0.85,0.9,1.0,699.0,874.28,RAKSHAK,SAFE,two_wheeler,Zepto
1,1,0,1,1,25084.10275053748,5.294062984223517,0,2,4,1.0,0.9,1.0,699.0,864.07,RAKSHAK,MODERATE,two_wheeler,Zepto
2,1,1,1,0,20573.263302152092,11.453520515472004,0,3,21,1.0,1.0,1.0,999.0,1497.64,SURAKSHA,MODERATE,two_wheeler,Blinkit
1,1,0,2,0,23458.604138589973,11.09662363582244,0,1,21,1.0,0.9,0.95,699.0,1096.98,RAKSHAK,MODERATE,two_wheeler,Swiggy
2,2,0,3,0,29783.837347243138,5.707230699351189,0,3,0,1.25,0.9,0.9,999.0,1234.86,SURAKSHA,HIGH,two_wheeler,Blinkit
1,0,0,2,1,26120.814876197073,10.202205760967153,3,2,24,0.85,0.9,0.95,699.0,1111.53,RAKSHAK,SAFE,ev_two_wheeler,Zepto
1,0,0,1,0,29094.384226534574,5.154130389911833,0,3,7,0.85,0.9,1.0,699.0,837.27,RAKSHAK,SAFE,two_wheeler,Blinkit
1,1,0,1,1,28338.999999491985,4.383614823150581,0,2,15,1.0,0.9,1.0,699.0,1048.6,RAKSHAK,MODERATE,two_wheeler,Zepto
0,0,0,1,0,37641.01335385181,11.965611156602442,0,2,0,0.85,0.9,1.0,399.0,704.09,SAATHI,SAFE,two_wheeler,Zepto
1,0,1,3,0,14910.675384051247,11.449376490705015,0,0,19,0.85,1.0,0.9,699.0,916.46,RAKSHAK,SAFE,two_wheeler,Zomato
1,0,0,1,0,36612.89876177997,9.805588069666513,0,3,9,0.85,0.9,1.0,699.0,1028.38,RAKSHAK,SAFE,two_wheeler,Blinkit
1,1,0,1,1,12210.1172546551,11.467064495838368,0,0,22,1.0,0.9,1.0,699.0,1149.99,RAKSHAK,MODERATE,two_wheeler,Zomato
1,1,1,1,1,29011.3573015138,11.18955442655635,0,1,17,1.0,1.0,1.0,699.0,1260.62,RAKSHAK,MODERATE,two_wheeler,Swiggy
2,0,0,3,1,22991.645578610296,6.024946646062121,3,1,13,0.85,0.9,0.9,999.0,1034.18,SURAKSHA,SAFE,ev_two_wheeler,Swiggy
0,1,2,2,0,19713.528630371038,7.552754348344198,0,1,24,1.0,1.15,0.95,399.0,917.25,SAATHI,MODERATE,two_wheeler,Swiggy
0,1,0,1,0,38239.25768641761,7.24311209378528,0,0,24,1.0,0.9,1.0,399.0,940.04,SAATHI,MODERATE,two_wheeler,Zomato
1,1,0,2,0,28726.434614330527,4.006516938470039,0,3,3,1.0,0.9,0.95,699.0,779.06,RAKSHAK,MODERATE,two_wheeler,Blinkit
1,0,2,2,0,34431.63830828236,8.49989173198584,0,2,5,0.85,1.15,0.95,699.0,1003.84,RAKSHAK,SAFE,two_wheeler,Zepto
1,2,1,3,0,39831.197579922846,5.45109046244545,0,1,0,1.25,1.0,0.9,699.0,1067.3,RAKSHAK,HIGH,two_wheeler,Swiggy
0,1,0,1,0,14714.360405541964,9.087483660476101,0,0,18,1.0,0.9,1.0,399.0,778.14,SAATHI,MODERATE,two_wheeler,Zomato
1,0,0,2,0,23443.30428401752,4.99182395488,0,3,3,0.85,0.9,0.95,699.0,700.75,RAKSHAK,SAFE,two_wheeler,Blinkit
1,2,0,2,0,15994.698423149128,7.675337346820854,0,1,10,1.25,0.9,0.95,699.0,968.84,RAKSHAK,HIGH,two_wheeler,Swiggy
2,0,0,3,1,21493.2588527057,4.7881386009261915,0,0,5,0.85,0.9,0.9,999.0,915.08,SURAKSHA,SAFE,two_wheeler,Zomato
0,0,1,1,0,24275.32135538823,5.373716938453883,0,2,0,0.85,1.0,1.0,399.0,485.6,SAATHI,SAFE,two_wheeler,Zepto
2,1,0,1,0,28626.096300496385,8.657337083282577,0,0,0,1.0,0.9,1.0,999.0,1122.74,SURAKSHA,MODERATE,two_wheeler,Zomato
0,0,2,2,0,21114.276786173723,5.156102502464772,0,2,4,0.85,1.15,0.95,399.0,544.92,SAATHI,SAFE,two_wheeler,Zepto
1,1,2,3,0,31741.687663236302,9.25989265536295,0,0,0,1.0,1.15,0.9,699.0,982.11,RAKSHAK,MODERATE,two_wheeler,Zomato
1,1,2,2,0,32090.16289750356,6.3581069565013095,3,0,12,1.0,1.15,0.95,699.0,1133.39,RAKSHAK,MODERATE,ev_two_wheeler,Zomato
1,0,2,1,0,39830.05679173744,9.452625460341725,0,0,4,0.85,1.15,1.0,699.0,1092.93,RAKSHAK,SAFE,two_wheeler,Zomato
1,0,0,3,0,37745.13491993308,7.5692062599540755,0,3,17,0.85,0.9,0.9,699.0,981.19,RAKSHAK,SAFE,two_wheeler,Blinkit
1,1,2,1,0,12235.436064941061,6.284556532236979,0,1,21,1.0,1.15,1.0,699.0,1143.04,RAKSHAK,MODERATE,two_wheeler,Swiggy
1,0,0,3,0,32295.22671437141,9.284530294082355,0,2,4,0.85,0.9,0.9,699.0,834.15,RAKSHAK,SAFE,two_wheeler,Zepto
0,0,0,3,0,27267.277392622134,4.3225096588363865,0,0,13,0.85,0.9,0.9,399.0,627.31,SAATHI,SAFE,two_wheeler,Zomato
1,0,1,2,0,38423.04533784848,4.560496367913973,0,2,9,0.85,1.0,0.95,699.0,941.49,RAKSHAK,SAFE,two_wheeler,Zepto
1,0,0,2,0,23862.9820684843,6.632746129531239,0,2,24,0.85,0.9,0.95,699.0,974.0,RAKSHAK,SAFE,two_wheeler,Zepto
1,0,1,2,0,35081.63949232224,10.890032903105931,3,1,1,0.85,1.0,0.95,699.0,936.15,RAKSHAK,SAFE,ev_two_wheeler,Swiggy
2,0,0,3,0,38129.93047676214,9.405157087019072,0,2,1,0.85,0.9,0.9,999.0,1060.6,SURAKSHA,SAFE,two_wheeler,Zepto
1,1,0,1,1,36847.334460276055,6.546698515446976,0,0,12,1.0,0.9,1.0,699.0,1121.73,RAKSHAK,MODERATE,two_wheeler,Zomato
2,0,2,2,0,35762.34091637263,10.421174075142563,0,3,5,0.85,1.15,0.95,999.0,1284.93,SURAKSHA,SAFE,two_wheeler,Blinkit
2,2,0,3,1,19817.28882381637,4.1841561294220195,0,3,21,1.25,0.9,0.9,999.0,1405.49,SURAKSHA,HIGH,two_wheeler,Blinkit
0,1,0,1,0,14210.327797949325,11.772321554468121,3,1,19,1.0,0.9,1.0,399.0,733.55,SAATHI,MODERATE,ev_two_wheeler,Swiggy
2,0,0,1,0,39811.08599317423,7.483547934356793,3,0,9,0.85,0.9,1.0,999.0,1140.97,SURAKSHA,SAFE,ev_two_wheeler,Zomato
0,0,0,1,1,29512.617319650602,7.8695178499936835,3,1,17,0.85,0.9,1.0,399.0,771.41,SAATHI,SAFE,ev_two_wheeler,Swiggy
2,2,2,1,0,34267.77114759414,9.514085973739546,0,0,18,1.25,1.15,1.0,999.0,1968.21,SURAKSHA,HIGH,two_wheeler,Zomato
1,1,0,1,0,30933.396988168362,7.506718979276673,0,3,13,1.0,0.9,1.0,699.0,1012.82,RAKSHAK,MODERATE,two_wheeler,Blinkit
2,0,0,3,0,12618.611714875997,9.027622733870889,0,3,17,0.85,0.9,0.9,999.0,1027.57,SURAKSHA,SAFE,two_wheeler,Blinkit
2,1,2,2,0,12628.467027316974,10.921363787890645,0,3,7,1.0,1.15,0.95,999.0,1320.03,SURAKSHA,MODERATE,two_wheeler,Blinkit
1,0,0,2,1,29690.3052397729,4.1382853677585025,3,1,8,0.85,0.9,0.95,699.0,823.18,RAKSHAK,SAFE,ev_two_wheeler,Swiggy
1,2,0,3,0,20054.689389690917,5.0344264167715345,0,0,2,1.25,0.9,0.9,699.0,777.09,RAKSHAK,HIGH,two_wheeler,Zomato
2,1,0,3,0,26394.382094038156,9.562313778165034,0,0,9,1.0,0.9,0.9,999.0,1171.13,SURAKSHA,MODERATE,two_wheeler,Zomato
1,1,0,2,0,29656.43940116361,11.142977118016875,3,0,24,1.0,0.9,0.95,699.0,1165.92,RAKSHAK,MODERATE,ev_two_wheeler,Zomato
2,1,1,2,0,27879.78487126993,10.384490922439122,1,3,23,1.0,1.0,0.95,999.0,1528.45,SURAKSHA,MODERATE,three_wheeler,Blinkit
0,1,1,1,0,38176.18847713921,4.20750684998951,0,2,4,1.0,1.0,1.0,399.0,613.99,SAATHI,MODERATE,two_wheeler,Zepto
1,0,0,1,0,15824.363346118746,8.088492348536967,0,0,7,0.85,0.9,1.0,699.0,736.21,RAKSHAK,SAFE,two_wheeler,Zomato
1,0,0,1,0,22762.245134975565,6.894297262826907,0,3,17,0.85,0.9,1.0,699.0,920.07,RAKSHAK,SAFE,two_wheeler,Blinkit
1,1,1,2,0,18359.45955228941,9.96356623464067,0,2,21,1.0,1.0,0.95,699.0,1109.18,RAKSHAK,MODERATE,two_wheeler,Zepto
0,2,0,1,1,21631.211165898316,6.483282119906769,0,2,9,1.25,0.9,1.0,399.0,786.1,SAATHI,HIGH,two_wheeler,Zepto
1,0,0,2,0,15122.19891779481,4.962343699204221,0,0,8,0.85,0.9,0.95,699.0,621.8,RAKSHAK,SAFE,two_wheeler,Zomato
0,2,0,2,0,28848.66539356852,11.615782037660788,3,1,4,1.25,0.9,0.95,399.0,741.47,SAATHI,HIGH,ev_two_wheeler,Swiggy
1,0,1,3,0,25430.14121456931,9.179521935654767,2,2,12,0.85,1.0,0.9,699.0,793.85,RAKSHAK,SAFE,bicycle,Zepto
1,0,2,2,0,18044.434123857223,8.738221299787536,3,0,20,0.85,1.15,0.95,699.0,969.35,RAKSHAK,SAFE,ev_two_wheeler,Zomato
2,0,1,1,0,20267.346017573273,6.999444949788694,0,0,24,0.85,1.0,1.0,999.0,1309.75,SURAKSHA,SAFE,two_wheeler,Zomato
1,2,0,3,0,22965.385128089263,5.535657211478127,0,1,21,1.25,0.9,0.9,699.0,1107.12,RAKSHAK,HIGH,two_wheeler,Swiggy
1,1,1,2,0,16285.583255047864,9.055831890785168,2,2,11,1.0,1.0,0.95,699.0,895.65,RAKSHAK,MODERATE,bicycle,Zepto
1,0,0,2,0,20848.28052672803,7.42248987593695,0,3,9,0.85,0.9,0.95,699.0,721.48,RAKSHAK,SAFE,two_wheeler,Blinkit
1,0,2,1,0,24878.86934580808,9.787881821028316,0,1,16,0.85,1.15,1.0,699.0,1087.93,RAKSHAK,SAFE,two_wheeler,Swiggy
2,2,0,2,0,33088.449986157546,8.318733022935216,0,1,19,1.25,0.9,0.95,999.0,1583.07,SURAKSHA,HIGH,two_wheeler,Swiggy
0,0,0,1,0,17309.05665884145,4.292391199515353,2,1,19,0.85,0.9,1.0,399.0,509.48,SAATHI,SAFE,bicycle,Swiggy
1,0,0,2,0,20152.1570989506,11.560631816774325,2,2,15,0.85,0.9,0.95,699.0,839.2,RAKSHAK,SAFE,bicycle,Zepto
2,1,1,1,0,25911.94443262421,8.71117425211779,0,2,6,1.0,1.0,1.0,999.0,1308.37,SURAKSHA,MODERATE,two_wheeler,Zepto
0,1,0,2,0,32751.018316528774,4.507492477240867,0,3,16,1.0,0.9,0.95,399.0,714.5,SAATHI,MODERATE,two_wheeler,Blinkit
1,2,0,2,1,27552.235375943335,8.828570818237374,0,2,3,1.25,0.9,0.95,699.0,1102.72,RAKSHAK,HIGH,two_wheeler,Zepto
1,1,0,3,0,30889.764430745305,11.591643777447246,0,1,6,1.0,0.9,0.9,699.0,990.95,RAKSHAK,MODERATE,two_wheeler,Swiggy
1,0,2,1,0,39721.552817695374,6.95440276333941,3,2,17,0.85,1.15,1.0,699.0,1158.09,RAKSHAK,SAFE,ev_two_wheeler,Zepto
1,0,0,2,0,22469.64876211987,6.769959215566723,0,3,7,0.85,0.9,0.95,699.0,779.45,RAKSHAK,SAFE,two_wheeler,Blinkit
1,0,0,1,0,29337.276966937527,9.382309551314675,0,1,3,0.85,0.9,1.0,699.0,805.42,RAKSHAK,SAFE,two_wheeler,Swiggy
2,1,0,2,0,33791.65783193324,11.836089896743086,0,0,8,1.0,0.9,0.95,999.0,1277.99,SURAKSHA,MODERATE,two_wheeler,Zomato
0,0,1,1,0,17493.36182477834,6.890105246358126,2,1,15,0.85,1.0,1.0,399.0,558.16,SAATHI,SAFE,bicycle,Swiggy
1,0,0,2,0,14459.995320767337,10.419679845316534,0,3,13,0.85,0.9,0.95,699.0,842.19,RAKSHAK,SAFE,two_wheeler,Blinkit
1,2,0,3,0,39857.235037708,4.37208918613973,2,3,21,1.25,0.9,0.9,699.0,1125.79,RAKSHAK,HIGH,bicycle,Blinkit
1,1,1,1,0,30138.75163614635,9.072011657053785,0,1,22,1.0,1.0,1.0,699.0,1231.9,RAKSHAK,MODERATE,two_wheeler,Swiggy
1,0,1,2,0,28691.516013324705,10.4454678452148,0,0,1,0.85,1.0,0.95,699.0,821.37,RAKSHAK,SAFE,two_wheeler,Zomato
0,1,0,1,0,31384.586409842363,8.760889170619038,3,3,8,1.0,0.9,1.0,399.0,714.27,SAATHI,MODERATE,ev_two_wheeler,Blinkit
0,0,0,1,0,23495.618492600537,4.216233569351143,1,3,1,0.85,0.9,1.0,399.0,475.75,SAATHI,SAFE,three_wheeler,Blinkit
1,0,1,2,0,18030.454530548704,6.099943348038576,0,2,15,0.85,1.0,0.95,699.0,843.7,RAKSHAK,SAFE,two_wheeler,Zepto
0,2,0,2,0,12546.9897157063,5.68452852678884,0,3,3,1.25,0.9,0.95,399.0,555.53,SAATHI,HIGH,two_wheeler,Blinkit
1,0,0,3,0,27352.79539711844,10.263484100007075,0,2,22,0.85,0.9,0.9,699.0,1030.25,RAKSHAK,SAFE,two_wheeler,Zepto
1,0,0,1,0,38454.25443455006,10.189791424504154,3,2,10,0.85,0.9,1.0,699.0,954.01,RAKSHAK,SAFE,ev_two_wheeler,Zepto
1,1,1,2,1,22281.012931407582,4.317260311646268,0,2,12,1.0,1.0,0.95,699.0,1000.86,RAKSHAK,MODERATE,two_wheeler,Zepto
1,1,1,3,0,38916.28881157047,7.588898510816574,1,1,20,1.0,1.0,0.9,699.0,1181.41,RAKSHAK,MODERATE,three_wheeler,Swiggy
1,1,0,1,0,37696.10009455624,6.944302992548119,0,1,0,1.0,0.9,1.0,699.0,920.68,RAKSHAK,MODERATE,two_wheeler,Swiggy
0,0,0,1,0,29483.36249097679,7.09246534967705,0,2,15,0.85,0.9,1.0,399.0,690.9,SAATHI,SAFE,two_wheeler,Zepto
2,1,0,1,0,18087.33439278896,5.456432389241834,0,0,13,1.0,0.9,1.0,999.0,1146.74,SURAKSHA,MODERATE,two_wheeler,Zomato
0,0,0,2,0,15494.888100329092,4.374886046233629,1,2,0,0.85,0.9,0.95,399.0,375.38,SAATHI,SAFE,three_wheeler,Zepto
0,2,0,3,1,19330.30414818492,6.428670639482999,0,1,4,1.25,0.9,0.9,399.0,638.15,SAATHI,HIGH,two_wheeler,Swiggy
1,1,2,2,0,33021.81878044637,6.567828847869799,3,3,23,1.0,1.15,0.95,699.0,1248.29,RAKSHAK,MODERATE,ev_two_wheeler,Blinkit
2,0,1,3,0,34443.742092108136,10.51367205340329,0,3,13,0.85,1.0,0.9,999.0,1221.39,SURAKSHA,SAFE,two_wheeler,Blinkit
0,1,0,3,0,36105.07256419444,10.747815481368374,1,0,15,1.0,0.9,0.9,399.0,902.94,SAATHI,MODERATE,three_wheeler,Zomato
0,0,0,1,0,16302.007342279805,5.457822323022309,0,0,3,0.85,0.9,1.0,399.0,409.18,SAATHI,SAFE,two_wheeler,Zomato
1,0,0,1,0,14582.149842795932,8.531900462614558,0,1,11,0.85,0.9,1.0,699.0,804.81,RAKSHAK,SAFE,two_wheeler,Swiggy
0,1,0,1,1,32311.47822318856,7.600379493531699,1,3,23,1.0,0.9,1.0,399.0,1027.91,SAATHI,MODERATE,three_wheeler,Blinkit
1,2,0,2,1,29363.89745781957,11.365592194285925,3,1,0,1.25,0.9,0.95,699.0,1096.85,RAKSHAK,HIGH,ev_two_wheeler,Swiggy
1,1,0,3,0,24705.357348989543,9.788750095849121,0,0,3,1.0,0.9,0.9,699.0,835.59,RAKSHAK,MODERATE,two_wheeler,Zomato
1,1,2,2,0,30203.87553521854,10.001184281361319,3,2,21,1.0,1.15,0.95,699.0,1284.08,RAKSHAK,MODERATE,ev_two_wheeler,Zepto
1,1,2,2,0,31587.153737258563,8.309996634895178,3,1,11,1.0,1.15,0.95,699.0,1091.22,RAKSHAK,MODERATE,ev_two_wheeler,Swiggy
1,0,2,2,1,22913.416505486,7.88509594462149,0,1,10,0.85,1.15,0.95,699.0,1032.16,RAKSHAK,SAFE,two_wheeler,Swiggy
2,0,2,2,0,34915.61531569771,8.388700916396791,0,3,20,0.85,1.15,0.95,999.0,1457.2,SURAKSHA,SAFE,two_wheeler,Blinkit
1,2,0,1,1,16164.035929202932,9.492155669795693,0,3,9,1.25,0.9,1.0,699.0,1074.13,RAKSHAK,HIGH,two_wheeler,Blinkit
1,1,0,1,0,37616.86460427429,10.044794941381202,0,3,9,1.0,0.9,1.0,699.0,1034.13,RAKSHAK,MODERATE,two_wheeler,Blinkit
1,0,2,1,0,26991.125952222792,7.135736324124803,0,2,23,0.85,1.15,1.0,699.0,1134.02,RAKSHAK,SAFE,two_wheeler,Zepto
1,1,0,2,0,34876.92476216941,5.290941783634951,0,2,4,1.0,0.9,0.95,699.0,865.77,RAKSHAK,MODERATE,two_wheeler,Zepto
2,0,2,3,0,28025.08811270084,4.8934014611946415,1,0,2,0.85,1.15,0.9,999.0,1109.24,SURAKSHA,SAFE,three_wheeler,Zomato
0,1,0,1,0,33032.12584740076,5.332006883236632,0,3,24,1.0,0.9,1.0,399.0,838.47,SAATHI,MODERATE,two_wheeler,Blinkit
1,0,0,2,0,25673.783454259377,11.430094705799572,3,0,12,0.85,0.9,0.95,699.0,923.15,RAKSHAK,SAFE,ev_two_wheeler,Zomato
1,2,1,3,0,19845.784562050867,5.057433806082682,3,3,15,1.25,1.0,0.9,699.0,1041.9,RAKSHAK,HIGH,ev_two_wheeler,Blinkit
0,2,0,3,0,37614.64245909756,5.95385647742343,0,2,2,1.25,0.9,0.9,399.0,685.77,SAATHI,HIGH,two_wheeler,Zepto
1,0,0,1,1,38698.707362153626,9.883039327568003,0,1,18,0.85,0.9,1.0,699.0,1173.71,RAKSHAK,SAFE,two_wheeler,Swiggy
2,0,0,3,0,18076.45943680457,5.3680401332302585,3,0,1,0.85,0.9,0.9,999.0,748.03,SURAKSHA,SAFE,ev_two_wheeler,Zomato
1,1,1,3,1,25669.037691323963,5.689746350083483,0,1,17,1.0,1.0,0.9,699.0,1057.75,RAKSHAK,MODERATE,two_wheeler,Swiggy
1,0,2,1,0,24413.89892695474,4.069108450500845,3,2,15,0.85,1.15,1.0,699.0,920.85,RAKSHAK,SAFE,ev_two_wheeler,Zepto
2,0,0,3,1,35152.144845664836,6.731182200314603,0,2,4,0.85,0.9,0.9,999.0,993.11,SURAKSHA,SAFE,two_wheeler,Zepto
0,0,1,1,1,37986.4722827955,6.102272569308466,0,2,0,0.85,1.0,1.0,399.0,665.41,SAATHI,SAFE,two_wheeler,Zepto
1,0,1,2,0,24132.889981761466,6.9341622632075985,0,0,10,0.85,1.0,0.95,699.0,868.7,RAKSHAK,SAFE,two_wheeler,Zomato
2,0,0,3,1,13562.647648050737,9.610016512802455,0,2,10,0.85,0.9,0.9,999.0,1060.84,SURAKSHA,SAFE,two_wheeler,Zepto
1,0,0,2,0,26484.978524918675,8.819405990523363,3,1,23,0.85,0.9,0.95,699.0,970.99,RAKSHAK,SAFE,ev_two_wheeler,Swiggy
0,1,0,2,0,24809.454900165456,5.18438301522765,0,0,9,1.0,0.9,0.95,399.0,618.78,SAATHI,MODERATE,two_wheeler,Zomato
1,0,0,2,0,19706.81267909549,9.620367569488998,0,1,24,0.85,0.9,0.95,699.0,1003.31,RAKSHAK,SAFE,two_wheeler,Swiggy
2,0,2,1,0,25030.475324962452,7.5269945296276655,0,2,16,0.85,1.15,1.0,999.0,1355.19,SURAKSHA,SAFE,two_wheeler,Zepto
0,2,0,1,0,14817.57356332819,7.863551243770391,0,0,16,1.25,0.9,1.0,399.0,739.53,SAATHI,HIGH,two_wheeler,Zomato
1,1,0,1,0,19889.063361505323,10.020197010378727,0,2,10,1.0,0.9,1.0,699.0,932.75,RAKSHAK,MODERATE,two_wheeler,Zepto
2,2,0,1,0,34478.96574956074,10.45604918276669,0,3,0,1.25,0.9,1.0,999.0,1452.55,SURAKSHA,HIGH,two_wheeler,Blinkit
1,1,1,1,0,12593.825417679627,8.6172753406885,0,2,13,1.0,1.0,1.0,699.0,905.17,RAKSHAK,MODERATE,two_wheeler,Zepto
0,0,1,1,1,20077.675490722602,6.6498103153892,0,0,9,0.85,1.0,1.0,399.0,667.32,SAATHI,SAFE,two_wheeler,Zomato
1,0,2,1,0,18419.13644344322,9.769724724449183,0,1,6,0.85,1.15,1.0,699.0,958.58,RAKSHAK,SAFE,two_wheeler,Swiggy
2,0,0,1,0,28566.09350828586,6.589615130451531,0,3,5,0.85,0.9,1.0,999.0,1059.65,SURAKSHA,SAFE,two_wheeler,Blinkit
0,0,1,2,0,38254.90631368075,10.174600447443728,0,1,1,0.85,1.0,0.95,399.0,671.43,SAATHI,SAFE,two_wheeler,Swiggy
1,1,0,2,0,29068.425399976593,5.744642879678009,0,3,15,1.0,0.9,0.95,699.0,984.44,RAKSHAK,MODERATE,two_wheeler,Blinkit
1,0,0,1,0,17235.056569783963,10.864547558930525,0,0,17,0.85,0.9,1.0,699.0,913.65,RAKSHAK,SAFE,two_wheeler,Zomato
1,1,0,2,0,22921.55768686098,4.686142437467596,1,1,19,1.0,0.9,0.95,699.0,987.23,RAKSHAK,MODERATE,three_wheeler,Swiggy
0,1,0,1,0,30997.718416376334,4.595316212287521,3,3,9,1.0,0.9,1.0,399.0,640.22,SAATHI,MODERATE,ev_two_wheeler,Blinkit
0,1,2,2,0,32668.395383588046,11.155229780835217,3,3,6,1.0,1.15,0.95,399.0,821.67,SAATHI,MODERATE,ev_two_wheeler,Blinkit
1,1,0,2,0,18119.374275022063,9.239251265661888,3,3,1,1.0,0.9,0.95,699.0,738.27,RAKSHAK,MODERATE,ev_two_wheeler,Blinkit
2,1,0,3,0,25969.72388718687,5.687147137019618,0,1,5,1.0,0.9,0.9,999.0,1077.47,SURAKSHA,MODERATE,two_wheeler,Swiggy
1,2,0,1,1,39422.296544293524,7.409317263294546,3,2,12,1.25,0.9,1.0,699.0,1243.69,RAKSHAK,HIGH,ev_two_wheeler,Zepto
1,0,0,1,0,30396.889434166376,4.7951211843995845,0,0,5,0.85,0.9,1.0,699.0,769.98,RAKSHAK,SAFE,two_wheeler,Zomato
1,1,0,3,1,27943.080331845857,7.652736497729746,0,2,23,1.0,0.9,0.9,699.0,1188.85,RAKSHAK,MODERATE,two_wheeler,Zepto
1,1,1,1,1,21840.832054070837,9.07076286293534,0,2,16,1.0,1.0,1.0,699.0,1191.81,RAKSHAK,MODERATE,two_wheeler,Zepto
2,2,0,1,1,14804.17587274919,8.932459814726355,3,2,2,1.25,0.9,1.0,999.0,1320.75,SURAKSHA,HIGH,ev_two_wheeler,Zepto
1,0,2,1,0,39707.912723233254,9.527621145704137,0,2,17,0.85,1.15,1.0,699.0,1237.22,RAKSHAK,SAFE,two_wheeler,Zepto
0,0,0,1,0,21215.928376613236,6.961199444378162,3,3,2,0.85,0.9,1.0,399.0,412.25,SAATHI,SAFE,ev_two_wheeler,Blinkit
1,1,1,2,0,21403.83926891802,6.262245735020796,0,3,22,1.0,1.0,0.95,699.0,1066.82,RAKSHAK,MODERATE,two_wheeler,Blinkit
2,0,0,1,0,29421.829869859168,8.458382082922293,2,3,2,0.85,0.9,1.0,999.0,945.76,SURAKSHA,SAFE,bicycle,Blinkit
1,2,0,1,0,28425.6144631772,10.96146948777921,0,1,4,1.25,0.9,1.0,699.0,1106.91,RAKSHAK,HIGH,two_wheeler,Swiggy
0,1,0,1,0,35454.702785713016,5.8456957571980634,0,3,23,1.0,0.9,1.0,399.0,861.53,SAATHI,MODERATE,two_wheeler,Blinkit
1,2,1,1,0,26010.208140426046,9.439060281187786,0,1,6,1.25,1.0,1.0,699.0,1195.54,RAKSHAK,HIGH,two_wheeler,Swiggy
1,0,0,1,1,38703.577516333346,6.618210407866192,0,0,21,0.85,0.9,1.0,699.0,1175.81,RAKSHAK,SAFE,two_wheeler,Zomato
1,1,0,1,0,23690.68896704891,5.492445814304561,0,0,20,1.0,0.9,1.0,699.0,1014.44,RAKSHAK,MODERATE,two_wheeler,Zomato
2,0,0,1,0,35612.37361255544,11.697453545852913,0,3,12,0.85,0.9,1.0,999.0,1280.73,SURAKSHA,SAFE,two_wheeler,Blinkit
2,0,1,2,0,19516.948939690446,7.8926417931781705,2,1,5,0.85,1.0,0.95,999.0,925.53,SURAKSHA,SAFE,bicycle,Swiggy
2,0,0,1,1,17170.88173538294,8.02828748604029,2,3,6,0.85,0.9,1.0,999.0,919.27,SURAKSHA,SAFE,bicycle,Blinkit
1,2,0,3,0,13672.960949058728,8.276862299929029,3,3,22,1.25,0.9,0.9,699.0,1068.6,RAKSHAK,HIGH,ev_two_wheeler,Blinkit
1,1,0,1,0,26141.34456031464,5.200978121758433,0,0,23,1.0,0.9,1.0,699.0,1048.38,RAKSHAK,MODERATE,two_wheeler,Zomato
2,1,0,1,0,21067.70912537055,6.4838437904781125,3,1,12,1.0,0.9,1.0,999.0,1156.0,SURAKSHA,MODERATE,ev_two_wheeler,Swiggy
2,1,0,2,1,13744.006563126737,9.444916155713019,0,2,23,1.0,0.9,0.95,999.0,1359.81,SURAKSHA,MODERATE,two_wheeler,Zepto
0,1,0,2,0,14365.402105247038,9.955501512273308,0,1,14,1.0,0.9,0.95,399.0,710.83,SAATHI,MODERATE,two_wheeler,Swiggy
1,1,0,1,1,27246.20919925804,6.291168636767219,0,0,6,1.0,0.9,1.0,699.0,951.99,RAKSHAK,MODERATE,two_wheeler,Zomato
1,1,0,2,1,27997.35857502395,7.392435613631579,0,0,24,1.0,0.9,0.95,699.0,1148.86,RAKSHAK,MODERATE,two_wheeler,Zomato
2,2,0,2,0,26769.114921789835,7.820683132320794,0,1,14,1.25,0.9,0.95,999.0,1476.98,SURAKSHA,HIGH,two_wheeler,Swiggy
2,1,0,1,0,32807.897317416624,5.7849057180888686,0,1,23,1.0,0.9,1.0,999.0,1386.34,SURAKSHA,MODERATE,two_wheeler,Swiggy
2,0,0,3,0,31863.36914353556,7.364670731454567,0,3,7,0.85,0.9,0.9,999.0,1038.05,SURAKSHA,SAFE,two_wheeler,Blinkit
1,1,2,2,0,18695.050387351443,7.520716445710634,0,2,6,1.0,1.15,0.95,699.0,952.83,RAKSHAK,MODERATE,two_wheeler,Zepto
2,0,0,1,0,25216.258372033808,10.005019023118232,3,2,5,0.85,0.9,1.0,999.0,1054.07,SURAKSHA,SAFE,ev_two_wheeler,Zepto
1,0,0,1,0,24141.553968837445,7.446277216981551,0,3,13,0.85,0.9,1.0,699.0,922.26,RAKSHAK,SAFE,two_wheeler,Blinkit
1,0,1,3,1,21903.9802258438,8.031402830598662,0,2,18,0.85,1.0,0.9,699.0,992.14,RAKSHAK,SAFE,two_wheeler,Zepto
1,0,0,3,0,22884.915787001817,10.632175133323354,0,1,11,0.85,0.9,0.9,699.0,916.66,RAKSHAK,SAFE,two_wheeler,Swiggy
1,1,0,1,1,37212.13036835948,9.080099499944637,0,3,11,1.0,0.9,1.0,699.0,1170.84,RAKSHAK,MODERATE,two_wheeler,Blinkit
2,0,2,2,0,22271.96801281016,7.567367613883016,2,1,9,0.85,1.15,0.95,999.0,1097.33,SURAKSHA,SAFE,bicycle,Swiggy
2,2,0,1,1,29134.016533626393,10.60330004762092,0,3,19,1.25,0.9,1.0,999.0,1679.78,SURAKSHA,HIGH,two_wheeler,Blinkit
0,2,0,2,0,22114.380514364326,9.33523064692939,0,3,24,1.25,0.9,0.95,399.0,933.11,SAATHI,HIGH,two_wheeler,Blinkit
0,0,0,2,0,20484.187621490448,5.846940526409382,0,3,17,0.85,0.9,0.95,399.0,598.74,SAATHI,SAFE,two_wheeler,Blinkit
1,0,2,3,1,22940.858383218198,4.455859628083619,0,0,11,0.85,1.15,0.9,699.0,920.76,RAKSHAK,SAFE,two_wheeler,Zomato
2,1,1,3,0,16329.170832555348,5.3108665381497575,0,1,4,1.0,1.0,0.9,999.0,1006.84,SURAKSHA,MODERATE,two_wheeler,Swiggy
2,1,1,1,0,24072.61219888953,9.646974854140264,0,0,2,1.0,1.0,1.0,999.0,1280.36,SURAKSHA,MODERATE,two_wheeler,Zomato
1,1,0,1,0,25118.5085753421,9.02959158660572,3,3,18,1.0,0.9,1.0,699.0,1011.94,RAKSHAK,MODERATE,ev_two_wheeler,Blinkit
2,0,0,1,1,19938.221387781352,8.224242439161385,2,0,3,0.85,0.9,1.0,999.0,915.08,SURAKSHA,SAFE,bicycle,Zomato
2,0,1,2,0,36247.364877202446,7.142875544269101,0,2,0,0.85,1.0,0.95,999.0,1095.84,SURAKSHA,SAFE,two_wheeler,Zepto
1,1,2,1,0,32098.41776486023,7.451869090203035,0,2,3,1.0,1.15,1.0,699.0,1130.74,RAKSHAK,MODERATE,two_wheeler,Zepto
1,0,1,2,0,20615.54265284272,7.784380035692364,0,3,9,0.85,1.0,0.95,699.0,802.6,RAKSHAK,SAFE,two_wheeler,Blinkit
0,0,0,1,0,17039.6167921583,7.719369779161537,0,3,18,0.85,0.9,1.0,399.0,650.04,SAATHI,SAFE,two_wheeler,Blinkit
1,0,1,3,1,24479.77204656917,7.3320870243370155,1,1,21,0.85,1.0,0.9,699.0,1112.48,RAKSHAK,SAFE,three_wheeler,Swiggy
2,1,0,1,1,18492.853388202337,5.776038682019818,0,1,18,1.0,0.9,1.0,999.0,1284.11,SURAKSHA,MODERATE,two_wheeler,Swiggy
0,0,1,1,0,30514.37011966063,10.519243976039778,0,0,17,0.85,1.0,1.0,399.0,807.55,SAATHI,SAFE,two_wheeler,Zomato
2,1,2,3,0,13089.29709736673,8.898082727013875,0,0,8,1.0,1.15,0.9,999.0,1279.44,SURAKSHA,MODERATE,two_wheeler,Zomato
1,2,0,2,0,37965.31954319411,7.463999412010981,3,0,23,1.25,0.9,0.95,699.0,1301.93,RAKSHAK,HIGH,ev_two_wheeler,Zomato
1,1,0,2,0,30382.29817052617,4.924192098461956,0,2,3,1.0,0.9,0.95,699.0,772.6,RAKSHAK,MODERATE,two_wheeler,Zepto
0,1,2,3,0,27717.940793619127,7.200983941363737,0,1,6,1.0,1.15,0.9,399.0,696.45,SAATHI,MODERATE,two_wheeler,Swiggy
1,2,0,2,1,31726.557021574015,7.5222697091198585,0,1,5,1.25,0.9,0.95,699.0,1134.99,RAKSHAK,HIGH,two_wheeler,Swiggy
0,0,0,3,1,25047.29603179551,5.1372683560858405,0,1,6,0.85,0.9,0.9,399.0,576.36,SAATHI,SAFE,two_wheeler,Swiggy
2,1,1,2,0,33810.554711464516,10.207591101646676,0,2,15,1.0,1.0,0.95,999.0,1435.14,SURAKSHA,MODERATE,two_wheeler,Zepto
0,0,0,2,0,25593.220206712536,9.887056735258874,0,3,11,0.85,0.9,0.95,399.0,679.35,SAATHI,SAFE,two_wheeler,Blinkit
0,1,0,1,0,17463.02208831741,9.633128771169357,0,1,3,1.0,0.9,1.0,399.0,533.79,SAATHI,MODERATE,two_wheeler,Swiggy
1,0,0,2,0,32192.882971383755,10.473448827572849,2,0,24,0.85,0.9,0.95,699.0,977.8,RAKSHAK,SAFE,bicycle,Zomato
1,0,0,1,0,36232.75866869117,7.821548005554333,0,0,8,0.85,0.9,1.0,699.0,912.07,RAKSHAK,SAFE,two_wheeler,Zomato
2,0,0,2,0,15644.719247952686,8.916869990243523,0,0,13,0.85,0.9,0.95,999.0,989.24,SURAKSHA,SAFE,two_wheeler,Zomato
1,0,0,2,0,19800.88331012287,10.410884264726064,0,2,19,0.85,0.9,0.95,699.0,989.09,RAKSHAK,SAFE,two_wheeler,Zepto
0,2,0,1,1,19501.894823934806,6.4149937218433,2,2,9,1.25,0.9,1.0,399.0,685.1,SAATHI,HIGH,bicycle,Zepto
0,1,2,1,1,37258.77533624722,8.415157192841672,0,3,13,1.0,1.15,1.0,399.0,976.37,SAATHI,MODERATE,two_wheeler,Blinkit
0,1,2,2,0,13812.106884945448,5.502053351239817,2,2,20,1.0,1.15,0.95,399.0,667.08,SAATHI,MODERATE,bicycle,Zepto
1,1,0,2,0,25965.515285194,6.675464941997531,2,2,22,1.0,0.9,0.95,699.0,995.07,RAKSHAK,MODERATE,bicycle,Zepto
2,0,0,3,1,12079.600846747808,9.91225234490501,0,2,3,0.85,0.9,0.9,999.0,909.48,SURAKSHA,SAFE,two_wheeler,Zepto
0,2,2,3,0,21171.57206046809,9.11923069624707,0,0,1,1.25,1.15,0.9,399.0,704.56,SAATHI,HIGH,two_wheeler,Zomato
1,1,0,1,0,34556.368151884046,8.301096177028603,0,0,21,1.0,0.9,1.0,699.0,1187.85,RAKSHAK,MODERATE,two_wheeler,Zomato
0,2,0,2,0,15363.988273956664,9.234714503691123,3,0,1,1.25,0.9,0.95,399.0,595.72,SAATHI,HIGH,ev_two_wheeler,Zomato
1,0,0,1,1,23672.07496492755,8.01366824382492,0,2,6,0.85,0.9,1.0,699.0,868.24,RAKSHAK,SAFE,two_wheeler,Zepto
0,2,2,2,0,22675.611042466946,11.435929536353743,0,3,1,1.25,1.15,0.95,399.0,817.59,SAATHI,HIGH,two_wheeler,Blinkit
1,0,0,1,0,33162.48061972622,5.313872036130179,0,3,7,0.85,0.9,1.0,699.0,884.22,RAKSHAK,SAFE,two_wheeler,Blinkit
2,1,0,1,0,37333.692761993916,4.680471052840685,0,0,8,1.0,0.9,1.0,999.0,1299.95,SURAKSHA,MODERATE,two_wheeler,Zomato
2,0,1,1,0,13290.371491778293,7.753640004957106,0,1,19,0.85,1.0,1.0,999.0,1190.01,SURAKSHA,SAFE,two_wheeler,Swiggy
0,2,0,1,0,18843.076139302946,8.90922115773472,0,1,5,1.25,0.9,1.0,399.0,709.95,SAATHI,HIGH,two_wheeler,Swiggy
1,0,2,3,0,30134.922934731374,6.382438237325659,0,3,11,0.85,1.15,0.9,699.0,1000.16,RAKSHAK,SAFE,two_wheeler,Blinkit
0,0,1,3,0,25508.513701071606,6.5684075994862,0,3,18,0.85,1.0,0.9,399.0,699.85,SAATHI,SAFE,two_wheeler,Blinkit
0,1,0,3,0,29462.07020614357,6.268391561331395,1,2,23,1.0,0.9,0.9,399.0,837.41,SAATHI,MODERATE,three_wheeler,Zepto
1,0,1,2,0,27617.939648767046,7.820642272554711,2,3,11,0.85,1.0,0.95,699.0,817.38,RAKSHAK,SAFE,bicycle,Blinkit
0,0,0,3,0,18186.65716390827,8.83559650271011,0,3,11,0.85,0.9,0.9,399.0,551.44,SAATHI,SAFE,two_wheeler,Blinkit
1,1,2,1,0,17457.204526643764,11.182814670518898,2,1,6,1.0,1.15,1.0,699.0,971.07,RAKSHAK,MODERATE,bicycle,Swiggy
2,0,1,2,0,17472.19003495551,9.081968747631915,1,2,3,0.85,1.0,0.95,999.0,1011.81,SURAKSHA,SAFE,three_wheeler,Zepto
2,1,0,3,0,25214.18038615719,4.1438186494095435,0,1,13,1.0,0.9,0.9,999.0,1122.55,SURAKSHA,MODERATE,two_wheeler,Swiggy
0,0,0,1,1,33618.339188440616,4.935683054769187,0,2,11,0.85,0.9,1.0,399.0,739.95,SAATHI,SAFE,two_wheeler,Zepto
0,0,0,1,0,13306.921078629031,5.562517924604516,1,3,3,0.85,0.9,1.0,399.0,480.96,SAATHI,SAFE,three_wheeler,Blinkit
1,0,0,2,1,29431.020071730312,10.020541778452714,0,3,10,0.85,0.9,0.95,699.0,998.99,RAKSHAK,SAFE,two_wheeler,Blinkit
2,0,0,1,0,36864.122281524615,10.17405091381599,0,0,5,0.85,0.9,1.0,999.0,1138.66,SURAKSHA,SAFE,two_wheeler,Zomato
0,2,1,1,0,34247.89179074885,10.485202162107928,0,0,22,1.25,1.0,1.0,399.0,1104.95,SAATHI,HIGH,two_wheeler,Zomato
1,1,0,2,0,31682.231073423838,8.411694324093723,3,2,24,1.0,0.9,0.95,699.0,1139.32,RAKSHAK,MODERATE,ev_two_wheeler,Zepto
0,1,2,2,0,27937.01894534244,7.76258903202976,0,0,2,1.0,1.15,0.95,399.0,659.42,SAATHI,MODERATE,two_wheeler,Zomato
1,0,0,3,0,28957.08743604453,10.62234521928843,0,1,15,0.85,0.9,0.9,699.0,958.36,RAKSHAK,SAFE,two_wheeler,Swiggy
0,1,1,1,1,21575.28533169513,10.137666507403765,3,3,16,1.0,1.0,1.0,399.0,849.25,SAATHI,MODERATE,ev_two_wheeler,Blinkit
2,1,1,3,1,18662.290040017066,9.376061595222348,0,3,24,1.0,1.0,0.9,999.0,1417.83,SURAKSHA,MODERATE,two_wheeler,Blinkit
1,1,1,2,0,13573.093364982376,9.996289482816442,0,0,19,1.0,1.0,0.95,699.0,1028.69,RAKSHAK,MODERATE,two_wheeler,Zomato
1,2,0,2,0,15038.481241989428,5.384429502287068,2,1,10,1.25,0.9,0.95,699.0,835.35,RAKSHAK,HIGH,bicycle,Swiggy
0,0,0,2,0,36377.977047619,4.873441431073188,1,2,17,0.85,0.9,0.95,399.0,781.49,SAATHI,SAFE,three_wheeler,Zepto
1,2,1,1,0,26531.421888054578,11.457117051326701,0,2,9,1.25,1.0,1.0,699.0,1238.6,RAKSHAK,HIGH,two_wheeler,Zepto
1,0,0,1,0,35416.454009764646,4.847835306172221,0,3,23,0.85,0.9,1.0,699.0,1027.65,RAKSHAK,SAFE,two_wheeler,Blinkit
0,0,1,2,0,16414.926136335074,8.247804279252705,0,1,12,0.85,1.0,0.95,399.0,639.21,SAATHI,SAFE,two_wheeler,Swiggy
1,1,0,2,0,13277.884219302374,6.74768301535037,2,2,10,1.0,0.9,0.95,699.0,697.01,RAKSHAK,MODERATE,bicycle,Zepto
2,0,1,2,0,38914.26572904931,7.34140116222881,2,2,16,0.85,1.0,0.95,999.0,1183.23,SURAKSHA,SAFE,bicycle,Zepto
0,0,0,2,0,33904.25340812227,11.27376754874367,2,2,8,0.85,0.9,0.95,399.0,604.26,SAATHI,SAFE,bicycle,Zepto
1,0,2,2,0,26833.002002516532,10.002725994070806,0,3,24,0.85,1.15,0.95,699.0,1175.72,RAKSHAK,SAFE,two_wheeler,Blinkit
0,2,0,1,0,20789.26734751091,11.237314336910504,3,2,12,1.25,0.9,1.0,399.0,813.17,SAATHI,HIGH,ev_two_wheeler,Zepto
1,0,0,1,0,33091.96603486838,7.576044469410938,0,3,5,0.85,0.9,1.0,699.0,889.34,RAKSHAK,SAFE,two_wheeler,Blinkit
0,0,1,1,0,26851.984146303992,7.5955024592402465,3,3,10,0.85,1.0,1.0,399.0,601.68,SAATHI,SAFE,ev_two_wheeler,Blinkit
0,0,0,2,0,16154.482750270592,8.152305037507215,0,3,17,0.85,0.9,0.95,399.0,600.03,SAATHI,SAFE,two_wheeler,Blinkit
2,0,0,1,0,26052.94163714388,10.701703695679818,0,2,17,0.85,0.9,1.0,999.0,1233.19,SURAKSHA,SAFE,two_wheeler,Zepto
0,1,2,3,0,18915.658846092276,11.243178512519325,0,0,13,1.0,1.15,0.9,399.0,760.8,SAATHI,MODERATE,two_wheeler,Zomato
1,1,2,1,0,34112.85233732339,10.704727949480027,0,0,21,1.0,1.15,1.0,699.0,1356.78,RAKSHAK,MODERATE,two_wheeler,Zomato
1,2,0,3,0,12154.601395255742,6.694201736046793,0,3,13,1.25,0.9,0.9,699.0,913.57,RAKSHAK,HIGH,two_wheeler,Blinkit
0,0,0,1,0,13835.97848991124,6.362602800542845,0,3,3,0.85,0.9,1.0,399.0,440.82,SAATHI,SAFE,two_wheeler,Blinkit
1,1,0,3,0,26710.407772932376,4.025683116816214,0,1,3,1.0,0.9,0.9,699.0,727.38,RAKSHAK,MODERATE,two_wheeler,Swiggy
0,2,0,2,0,24490.9706074676,8.620130504679516,3,0,16,1.25,0.9,0.95,399.0,830.43,SAATHI,HIGH,ev_two_wheeler,Zomato
2,2,0,1,0,16871.083526086742,10.465954616651898,3,2,7,1.25,0.9,1.0,999.0,1339.96,SURAKSHA,HIGH,ev_two_wheeler,Zepto
1,1,0,2,0,24138.662132822054,7.380804943575398,2,1,10,1.0,0.9,0.95,699.0,807.78,RAKSHAK,MODERATE,bicycle,Swiggy
2,1,1,3,0,39485.237703002305,5.112602704165707,1,3,5,1.0,1.0,0.9,999.0,1261.28,SURAKSHA,MODERATE,three_wheeler,Blinkit
1,1,0,1,0,34577.074057678816,9.718784596213922,0,2,13,1.0,0.9,1.0,699.0,1090.46,RAKSHAK,MODERATE,two_wheeler,Zepto
2,0,2,2,0,36046.636726356526,6.555804367177881,0,1,17,0.85,1.15,0.95,999.0,1389.38,SURAKSHA,SAFE,two_wheeler,Swiggy
1,1,1,1,0,28237.01078651398,9.639935070011003,0,1,16,1.0,1.0,1.0,699.0,1140.44,RAKSHAK,MODERATE,two_wheeler,Swiggy
0,0,0,3,0,28869.148014526792,11.499930157557884,0,0,18,0.85,0.9,0.9,399.0,784.81,SAATHI,SAFE,two_wheeler,Zomato
2,0,1,1,0,33772.46101444782,9.720985542154997,0,2,24,0.85,1.0,1.0,999.0,1428.26,SURAKSHA,SAFE,two_wheeler,Zepto
1,1,0,2,0,39088.71538008375,10.231884015772321,0,2,14,1.0,0.9,0.95,699.0,1103.14,RAKSHAK,MODERATE,two_wheeler,Zepto
1,1,0,3,0,32202.880525068693,4.485277102621423,0,1,21,1.0,0.9,0.9,699.0,1002.47,RAKSHAK,MODERATE,two_wheeler,Swiggy
1,0,2,1,0,13946.249685358827,11.033581081917752,0,0,4,0.85,1.15,1.0,699.0,924.43,RAKSHAK,SAFE,two_wheeler,Zomato
1,1,1,1,0,35043.80487366193,11.258458262882595,1,1,7,1.0,1.0,1.0,699.0,1178.57,RAKSHAK,MODERATE,three_wheeler,Swiggy
1,0,0,2,0,14420.654653288457,9.946926547182313,0,3,10,0.85,0.9,0.95,699.0,773.81,RAKSHAK,SAFE,two_wheeler,Blinkit
1,2,1,3,0,22601.427941534923,5.749314515064691,0,0,16,1.25,1.0,0.9,699.0,1107.85,RAKSHAK,HIGH,two_wheeler,Zomato
0,0,2,1,0,26327.16750005218,7.856145262897488,0,1,0,0.85,1.15,1.0,399.0,623.56,SAATHI,SAFE,two_wheeler,Swiggy
1,2,2,1,0,28222.030480105146,6.865529722020672,1,1,23,1.25,1.15,1.0,699.0,1499.11,RAKSHAK,HIGH,three_wheeler,Swiggy
1,0,1,2,1,19282.623978217416,6.5791185709878,0,3,0,0.85,1.0,0.95,699.0,739.81,RAKSHAK,SAFE,two_wheeler,Blinkit
0,0,2,1,1,33308.55894708553,5.347678876223826,1,2,3,0.85,1.15,1.0,399.0,716.0,SAATHI,SAFE,three_wheeler,Zepto
0,1,0,2,0,35011.55902804344,10.353287807765856,0,0,8,1.0,0.9,0.95,399.0,770.95,SAATHI,MODERATE,two_wheeler,Zomato
0,1,1,3,0,37948.04422113141,6.040225616677784,2,2,20,1.0,1.0,0.9,399.0,751.77,SAATHI,MODERATE,bicycle,Zepto
1,0,2,1,0,17530.435118692436,6.427034052800739,3,1,18,0.85,1.15,1.0,699.0,981.67,RAKSHAK,SAFE,ev_two_wheeler,Swiggy
0,1,0,1,0,14644.245374184575,6.0856634508498235,0,1,0,1.0,0.9,1.0,399.0,438.91,SAATHI,MODERATE,two_wheeler,Swiggy
0,0,0,2,1,35966.137561911404,6.016151300715613,0,3,5,0.85,0.9,0.95,399.0,624.04,SAATHI,SAFE,two_wheeler,Blinkit
1,1,0,2,0,17657.29149428523,5.8774161920950725,2,2,9,1.0,0.9,0.95,699.0,726.92,RAKSHAK,MODERATE,bicycle,Zepto
0,0,0,2,1,20748.903591376962,5.052148360153799,0,3,6,0.85,0.9,0.95,399.0,557.45,SAATHI,SAFE,two_wheeler,Blinkit
2,0,0,2,0,30907.488932258104,4.948360328591035,0,0,15,0.85,0.9,0.95,999.0,1115.27,SURAKSHA,SAFE,two_wheeler,Zomato
0,0,1,1,0,17155.82143638342,4.330748686831988,0,0,2,0.85,1.0,1.0,399.0,420.8,SAATHI,SAFE,two_wheeler,Zomato
1,1,0,3,0,22475.827424666175,5.169194443851674,0,3,4,1.0,0.9,0.9,699.0,696.49,RAKSHAK,MODERATE,two_wheeler,Blinkit
1,1,2,3,1,37564.753463113004,4.12271423534611,3,2,4,1.0,1.15,0.9,699.0,1062.54,RAKSHAK,MODERATE,ev_two_wheeler,Zepto
0,1,0,1,1,37660.50021881482,5.718895539567149,0,1,0,1.0,0.9,1.0,399.0,681.4,SAATHI,MODERATE,two_wheeler,Swiggy
1,1,0,2,0,34841.88480199111,6.114287668620377,0,3,22,1.0,0.9,0.95,699.0,1103.18,RAKSHAK,MODERATE,two_wheeler,Blinkit
1,0,1,2,0,33877.94168744967,7.993419111037858,0,2,20,0.85,1.0,0.95,699.0,1080.3,RAKSHAK,SAFE,two_wheeler,Zepto
1,2,0,1,0,21308.642929435755,5.799368599223804,0,3,15,1.25,0.9,1.0,699.0,1124.44,RAKSHAK,HIGH,two_wheeler,Blinkit
2,0,1,1,1,33550.17141244213,7.888752538133987,3,3,21,0.85,1.0,1.0,999.0,1397.06,SURAKSHA,SAFE,ev_two_wheeler,Blinkit
2,1,0,1,0,39819.26413627878,8.521373496794197,0,3,11,1.0,0.9,1.0,999.0,1381.64,SURAKSHA,MODERATE,two_wheeler,Blinkit
1,0,0,3,1,26367.775521505817,6.067961564281114,0,1,9,0.85,0.9,0.9,699.0,810.58,RAKSHAK,SAFE,two_wheeler,Swiggy
0,0,0,1,0,36967.46324687965,8.682272365464716,0,1,2,0.85,0.9,1.0,399.0,581.18,SAATHI,SAFE,two_wheeler,Swiggy
2,2,0,3,0,29992.089519224508,10.27696233908288,0,2,4,1.25,0.9,0.9,999.0,1380.48,SURAKSHA,HIGH,two_wheeler,Zepto
1,1,0,2,0,27566.46438266217,5.245216086861125,2,3,19,1.0,0.9,0.95,699.0,915.64,RAKSHAK,MODERATE,bicycle,Blinkit
1,0,1,2,0,14728.184566843343,4.001440311871702,0,1,8,0.85,1.0,0.95,699.0,735.82,RAKSHAK,SAFE,two_wheeler,Swiggy
0,0,2,1,0,37797.07033971003,8.81866771051465,0,2,1,0.85,1.15,1.0,399.0,719.36,SAATHI,SAFE,two_wheeler,Zepto
1,0,0,1,0,38572.972919312146,9.630245894344334,1,0,20,0.85,0.9,1.0,699.0,1169.14,RAKSHAK,SAFE,three_wheeler,Zomato
2,0,0,2,1,34660.19040198332,6.13120228472096,0,3,20,0.85,0.9,0.95,999.0,1303.66,SURAKSHA,SAFE,two_wheeler,Blinkit
1,0,0,1,0,15148.487535223607,11.600187357420708,3,2,6,0.85,0.9,1.0,699.0,798.08,RAKSHAK,SAFE,ev_two_wheeler,Zepto
0,0,2,3,0,33070.78681057325,6.309311690502624,0,3,20,0.85,1.15,0.9,399.0,821.92,SAATHI,SAFE,two_wheeler,Blinkit
1,1,0,1,1,24441.21060660232,5.353403127595284,0,1,23,1.0,0.9,1.0,699.0,1119.43,RAKSHAK,MODERATE,two_wheeler,Swiggy
0,2,0,1,0,26461.268306819737,5.799580325518091,2,3,17,1.25,0.9,1.0,399.0,708.06,SAATHI,HIGH,bicycle,Blinkit
1,2,1,1,0,35000.30968556681,4.3098919095093,0,1,6,1.25,1.0,1.0,699.0,1121.94,RAKSHAK,HIGH,two_wheeler,Swiggy
1,2,2,2,0,28949.941441463227,5.973249922285438,0,3,21,1.25,1.15,0.95,699.0,1404.47,RAKSHAK,HIGH,two_wheeler,Blinkit
2,0,1,3,0,39369.775828922604,10.558580702386262,0,2,2,0.85,1.0,0.9,999.0,1156.27,SURAKSHA,SAFE,two_wheeler,Zepto
2,2,0,1,1,12757.918495018497,5.673403337862567,2,2,2,1.25,0.9,1.0,999.0,1209.99,SURAKSHA,HIGH,bicycle,Zepto
1,2,0,3,0,33852.45360429381,11.351125203627767,0,3,0,1.25,0.9,0.9,699.0,1026.84,RAKSHAK,HIGH,two_wheeler,Blinkit
1,0,0,2,0,25618.247375960804,6.6689804555060945,3,1,21,0.85,0.9,0.95,699.0,898.85,RAKSHAK,SAFE,ev_two_wheeler,Swiggy
1,2,0,3,1,14377.994788471751,10.217104859744282,1,3,0,1.25,0.9,0.9,699.0,994.63,RAKSHAK,HIGH,three_wheeler,Blinkit
0,1,0,1,0,35885.37193722736,9.185726383029552,2,0,21,1.0,0.9,1.0,399.0,825.64,SAATHI,MODERATE,bicycle,Zomato
1,1,0,1,0,38716.093533823805,11.026338313779078,0,0,4,1.0,0.9,1.0,699.0,1071.99,RAKSHAK,MODERATE,two_wheeler,Zomato
2,2,0,2,0,38514.65063821242,10.617581587720458,3,0,3,1.25,0.9,0.95,999.0,1463.44,SURAKSHA,HIGH,ev_two_wheeler,Zomato
1,0,2,2,0,39997.19116046415,6.765943362651103,0,2,14,0.85,1.15,0.95,699.0,1104.5,RAKSHAK,SAFE,two_wheeler,Zepto
1,2,0,3,0,28691.75250045532,5.993182445679532,3,2,2,1.25,0.9,0.9,699.0,921.53,RAKSHAK,HIGH,ev_two_wheeler,Zepto
1,0,0,3,0,36715.243027508215,4.971826402791225,0,1,17,0.85,0.9,0.9,699.0,923.79,RAKSHAK,SAFE,two_wheeler,Swiggy
1,0,1,2,0,18948.673239036572,11.441222181150575,0,0,0,0.85,1.0,0.95,699.0,778.59,RAKSHAK,SAFE,two_wheeler,Zomato
0,0,0,1,1,37820.78751980518,9.791070599546753,0,2,0,0.85,0.9,1.0,399.0,694.98,SAATHI,SAFE,two_wheeler,Zepto
1,0,1,1,0,34244.61039191784,11.509603549515075,0,2,23,0.85,1.0,1.0,699.0,1192.28,RAKSHAK,SAFE,two_wheeler,Zepto
2,1,0,2,1,23263.068460607552,6.453681231961414,3,0,15,1.0,0.9,0.95,999.0,1228.06,SURAKSHA,MODERATE,ev_two_wheeler,Zomato
1,0,0,3,0,28661.3045669644,9.289933688764037,0,0,4,0.85,0.9,0.9,699.0,801.73,RAKSHAK,SAFE,two_wheeler,Zomato
1,0,0,1,0,21203.527306843334,7.521164863243306,0,3,18,0.85,0.9,1.0,699.0,887.88,RAKSHAK,SAFE,two_wheeler,Blinkit
1,1,1,2,0,19314.36347354059,11.980222661785595,0,3,16,1.0,1.0,0.95,699.0,1093.4,RAKSHAK,MODERATE,two_wheeler,Blinkit
0,1,2,2,1,28636.741977867845,6.9501510426731015,0,3,14,1.0,1.15,0.95,399.0,880.3,SAATHI,MODERATE,two_wheeler,Blinkit
1,0,1,1,0,18283.267636564728,8.415338456978393,1,1,6,0.85,1.0,1.0,699.0,822.61,RAKSHAK,SAFE,three_wheeler,Swiggy
1,0,0,1,0,32627.151688099933,5.779718608302967,3,2,14,0.85,0.9,1.0,699.0,890.12,RAKSHAK,SAFE,ev_two_wheeler,Zepto
1,1,0,1,0,38430.55511208858,7.89577754701869,0,3,22,1.0,0.9,1.0,699.0,1220.19,RAKSHAK,MODERATE,two_wheeler,Blinkit
1,0,0,1,0,31598.3730671755,4.0439355987165335,0,1,24,0.85,0.9,1.0,699.0,1011.01,RAKSHAK,SAFE,two_wheeler,Swiggy
1,2,1,3,0,31980.799787333992,8.921085529335585,0,0,21,1.25,1.0,0.9,699.0,1337.69,RAKSHAK,HIGH,two_wheeler,Zomato
1,1,0,1,1,14029.441479082061,6.784876729319392,0,1,15,1.0,0.9,1.0,699.0,966.33,RAKSHAK,MODERATE,two_wheeler,Swiggy
0,2,2,3,0,30480.282500046636,8.268851744069389,2,0,7,1.25,1.15,0.9,399.0,769.11,SAATHI,HIGH,bicycle,Zomato
1,2,0,1,0,15103.115856162553,5.463139878858918,0,2,6,1.25,0.9,1.0,699.0,921.01,RAKSHAK,HIGH,two_wheeler,Zepto
1,0,0,2,1,21159.058064031957,6.441031133475591,0,3,20,0.85,0.9,0.95,699.0,924.45,RAKSHAK,SAFE,two_wheeler,Blinkit
1,0,0,3,0,26644.19438785335,11.438371685742364,0,1,3,0.85,0.9,0.9,699.0,821.16,RAKSHAK,SAFE,two_wheeler,Swiggy
1,0,0,1,0,31962.347679069833,6.3945045408867225,0,3,15,0.85,0.9,1.0,699.0,921.63,RAKSHAK,SAFE,two_wheeler,Blinkit
1,1,2,3,0,28175.000612589472,4.531293719587213,2,3,11,1.0,1.15,0.9,699.0,904.81,RAKSHAK,MODERATE,bicycle,Blinkit
1,0,0,3,0,22197.856095110325,6.638820614339756,1,1,20,0.85,0.9,0.9,699.0,937.06,RAKSHAK,SAFE,three_wheeler,Swiggy
1,2,2,1,0,29288.49170203015,5.063303934689491,3,0,7,1.25,1.15,1.0,699.0,1318.57,RAKSHAK,HIGH,ev_two_wheeler,Zomato
2,1,0,1,0,26172.0950666425,10.123444975024224,0,3,22,1.0,0.9,1.0,999.0,1406.24,SURAKSHA,MODERATE,two_wheeler,Blinkit
0,0,0,2,0,26499.45670327462,9.973287269717913,2,2,2,0.85,0.9,0.95,399.0,471.83,SAATHI,SAFE,bicycle,Zepto
1,1,2,3,0,26902.535450103096,6.695354071001275,0,2,15,1.0,1.15,0.9,699.0,1103.01,RAKSHAK,MODERATE,two_wheeler,Zepto
0,0,0,2,0,39695.684976669654,11.89038753037105,0,2,1,0.85,0.9,0.95,399.0,680.75,SAATHI,SAFE,two_wheeler,Zepto
1,1,0,1,0,13567.365920747263,8.114441654487955,0,0,24,1.0,0.9,1.0,699.0,1041.78,RAKSHAK,MODERATE,two_wheeler,Zomato
0,1,0,2,0,25468.69427897686,7.864564119573535,3,2,8,1.0,0.9,0.95,399.0,605.3,SAATHI,MODERATE,ev_two_wheeler,Zepto
0,1,0,1,1,33143.5435585059,7.653278418627231,0,1,12,1.0,0.9,1.0,399.0,840.54,SAATHI,MODERATE,two_wheeler,Swiggy
2,1,2,1,0,30063.947126695275,9.561160539410636,0,0,0,1.0,1.15,1.0,999.0,1452.87,SURAKSHA,MODERATE,two_wheeler,Zomato
2,0,1,1,0,18384.158966018753,8.311475151124979,0,3,11,0.85,1.0,1.0,999.0,1105.59,SURAKSHA,SAFE,two_wheeler,Blinkit
0,2,0,2,0,27716.105733157525,9.811317490448523,0,3,7,1.25,0.9,0.95,399.0,789.95,SAATHI,HIGH,two_wheeler,Blinkit
1,0,1,1,0,27431.19407325021,5.964830840993218,0,3,8,0.85,1.0,1.0,699.0,878.54,RAKSHAK,SAFE,two_wheeler,Blinkit
2,2,0,1,0,36470.398617687126,8.269774824477256,1,1,16,1.25,0.9,1.0,999.0,1675.14,SURAKSHA,HIGH,three_wheeler,Swiggy
0,1,1,1,0,30226.422316731696,7.1312103565823906,3,0,11,1.0,1.0,1.0,399.0,712.53,SAATHI,MODERATE,ev_two_wheeler,Zomato
0,1,1,3,0,31462.319811351816,8.3344985168384,2,2,10,1.0,1.0,0.9,399.0,639.08,SAATHI,MODERATE,bicycle,Zepto
0,0,0,2,0,38449.029506525694,8.380635964837515,0,0,8,0.85,0.9,0.95,399.0,748.1,SAATHI,SAFE,two_wheeler,Zomato
0,0,0,3,0,20856.88928004651,8.201571839087425,0,0,3,0.85,0.9,0.9,399.0,456.58,SAATHI,SAFE,two_wheeler,Zomato
1,0,0,1,0,23673.364022294103,8.77437870728464,0,1,1,0.85,0.9,1.0,699.0,743.6,RAKSHAK,SAFE,two_wheeler,Swiggy
1,0,0,2,0,17797.95570873615,11.935185716232521,0,1,17,0.85,0.9,0.95,699.0,894.41,RAKSHAK,SAFE,two_wheeler,Swiggy
0,0,0,3,1,29849.186180669578,6.80549192397921,0,1,11,0.85,0.9,0.9,399.0,689.5,SAATHI,SAFE,two_wheeler,Swiggy
2,1,1,3,1,14457.160323434933,7.94509414756663,3,1,13,1.0,1.0,0.9,999.0,1243.39,SURAKSHA,MODERATE,ev_two_wheeler,Swiggy
2,1,0,3,1,23066.914906506245,11.010175989960484,2,2,7,1.0,0.9,0.9,999.0,1061.31,SURAKSHA,MODERATE,bicycle,Zepto
2,2,1,3,0,21971.595402528106,6.489706974429476,2,0,18,1.25,1.0,0.9,999.0,1352.61,SURAKSHA,HIGH,bicycle,Zomato
0,2,1,1,0,24183.044515345107,7.131664991692277,0,3,1,1.25,1.0,1.0,399.0,698.62,SAATHI,HIGH,two_wheeler,Blinkit
2,0,1,3,0,20229.04319529159,9.419021826059264,0,2,7,0.85,1.0,0.9,999.0,1028.21,SURAKSHA,SAFE,two_wheeler,Zepto
1,1,1,1,0,29160.833662352645,5.293855493412384,0,2,6,1.0,1.0,1.0,699.0,899.23,RAKSHAK,MODERATE,two_wheeler,Zepto
2,2,0,3,0,26526.349259659164,4.036908287879365,0,1,6,1.25,0.9,0.9,999.0,1234.24,SURAKSHA,HIGH,two_wheeler,Swiggy
1,0,0,2,0,29931.557636080095,10.137238981044081,3,0,11,0.85,0.9,0.95,699.0,871.6,RAKSHAK,SAFE,ev_two_wheeler,Zomato
2,0,0,1,0,12034.702521458512,9.20365289443556,0,1,7,0.85,0.9,1.0,999.0,971.1,SURAKSHA,SAFE,two_wheeler,Swiggy
0,0,0,2,1,14086.069132509128,7.32550582141309,0,3,17,0.85,0.9,0.95,399.0,639.78,SAATHI,SAFE,two_wheeler,Blinkit
0,1,0,1,0,16744.813347847754,6.0153337066700905,3,3,4,1.0,0.9,1.0,399.0,488.78,SAATHI,MODERATE,ev_two_wheeler,Blinkit
0,2,1,3,1,25326.145913068372,7.690760711816912,0,3,1,1.25,1.0,0.9,399.0,713.65,SAATHI,HIGH,two_wheeler,Blinkit
1,1,0,1,1,17217.650683383174,10.475075128489891,0,2,10,1.0,0.9,1.0,699.0,996.87,RAKSHAK,MODERATE,two_wheeler,Zepto
1,0,1,1,0,15611.676852718416,5.2837783247024435,2,3,23,0.85,1.0,1.0,699.0,861.36,RAKSHAK,SAFE,bicycle,Blinkit
1,1,2,1,0,24307.493690134364,8.504634306819108,3,2,24,1.0,1.15,1.0,699.0,1316.93,RAKSHAK,MODERATE,ev_two_wheeler,Zepto
2,1,0,1,0,18202.8027173398,8.127469366097285,0,0,16,1.0,0.9,1.0,999.0,1282.88,SURAKSHA,MODERATE,two_wheeler,Zomato
1,1,0,3,0,24424.932622479744,6.487735806265146,0,2,16,1.0,0.9,0.9,699.0,893.48,RAKSHAK,MODERATE,two_wheeler,Zepto
1,0,1,2,0,16256.44121543645,10.241612804769378,0,0,4,0.85,1.0,0.95,699.0,767.11,RAKSHAK,SAFE,two_wheeler,Zomato
2,1,0,2,0,32905.307685741514,8.537364018225084,0,3,10,1.0,0.9,0.95,999.0,1266.72,SURAKSHA,MODERATE,two_wheeler,Blinkit
1,0,0,1,1,33250.85371124853,8.294032289405198,0,0,9,0.85,0.9,1.0,699.0,1005.3,RAKSHAK,SAFE,two_wheeler,Zomato
0,2,0,3,0,14947.149666889147,4.346528155640126,3,2,6,1.25,0.9,0.9,399.0,531.96,SAATHI,HIGH,ev_two_wheeler,Zepto
1,0,0,2,1,29341.86292418719,4.893206453447563,0,3,0,0.85,0.9,0.95,699.0,771.75,RAKSHAK,SAFE,two_wheeler,Blinkit
0,0,1,1,0,14194.18443424702,5.6591443947107924,2,3,8,0.85,1.0,1.0,399.0,431.7,SAATHI,SAFE,bicycle,Blinkit
1,1,0,2,0,31743.059639937524,7.447831689721877,0,1,15,1.0,0.9,0.95,699.0,1021.61,RAKSHAK,MODERATE,two_wheeler,Swiggy
0,0,1,2,1,29334.715533499286,4.173609152755314,3,3,19,0.85,1.0,0.95,399.0,759.34,SAATHI,SAFE,ev_two_wheeler,Blinkit
2,0,1,1,1,16638.869142813477,6.116040718918789,0,0,9,0.85,1.0,1.0,999.0,1120.6,SURAKSHA,SAFE,two_wheeler,Zomato
2,0,0,2,0,33054.142895913275,4.0690878555106496,0,3,10,0.85,0.9,0.95,999.0,1034.54,SURAKSHA,SAFE,two_wheeler,Blinkit
1,2,1,1,0,20682.664887893163,7.517183336985327,0,2,23,1.25,1.0,1.0,699.0,1281.42,RAKSHAK,HIGH,two_wheeler,Zepto
0,2,1,1,0,32435.600088903753,5.963706064155528,0,1,22,1.25,1.0,1.0,399.0,958.96,SAATHI,HIGH,two_wheeler,Swiggy
2,2,0,1,1,21964.696642542865,10.148769180250767,3,0,8,1.25,0.9,1.0,999.0,1508.81,SURAKSHA,HIGH,ev_two_wheeler,Zomato
0,2,0,2,0,18608.240641194687,4.542382318688691,2,2,7,1.25,0.9,0.95,399.0,500.29,SAATHI,HIGH,bicycle,Zepto
0,1,2,1,0,30917.741232438846,10.448642587400775,0,0,21,1.0,1.15,1.0,399.0,1006.95,SAATHI,MODERATE,two_wheeler,Zomato
2,0,0,1,0,15400.978596216095,11.82986707540637,2,1,11,0.85,0.9,1.0,999.0,1021.25,SURAKSHA,SAFE,bicycle,Swiggy
0,0,1,3,0,28499.11103861782,4.67951593134388,0,2,4,0.85,1.0,0.9,399.0,521.07,SAATHI,SAFE,two_wheeler,Zepto
1,0,0,1,0,24192.018916361172,4.625997493973572,0,2,14,0.85,0.9,1.0,699.0,819.99,RAKSHAK,SAFE,two_wheeler,Zepto
0,0,0,1,0,39042.162363483614,9.283452073282106,0,3,1,0.85,0.9,1.0,399.0,623.01,SAATHI,SAFE,two_wheeler,Blinkit
2,2,0,1,0,25493.892998537303,7.983734179520892,0,2,1,1.25,0.9,1.0,999.0,1359.47,SURAKSHA,HIGH,two_wheeler,Zepto
1,2,0,3,0,17883.206713747277,9.324368663609802,0,0,18,1.25,0.9,0.9,699.0,1086.08,RAKSHAK,HIGH,two_wheeler,Zomato
1,1,0,1,0,13490.92900951824,6.643041843499482,3,3,1,1.0,0.9,1.0,699.0,675.45,RAKSHAK,MODERATE,ev_two_wheeler,Blinkit
1,1,0,2,1,37316.753208500726,8.166599187547824,0,2,14,1.0,0.9,0.95,699.0,1080.13,RAKSHAK,MODERATE,two_wheeler,Zepto
1,0,2,1,1,36504.42254656949,8.674106317882838,0,3,12,0.85,1.15,1.0,699.0,1238.33,RAKSHAK,SAFE,two_wheeler,Blinkit
1,2,0,2,0,12641.214351637045,4.718902408940081,0,3,24,1.25,0.9,0.95,699.0,1062.69,RAKSHAK,HIGH,two_wheeler,Blinkit
1,1,0,3,0,38915.12652548481,4.810761049091381,2,1,4,1.0,0.9,0.9,699.0,736.26,RAKSHAK,MODERATE,bicycle,Swiggy
2,0,2,1,0,29012.83462574517,10.892280233537049,0,2,7,0.85,1.15,1.0,999.0,1353.0,SURAKSHA,SAFE,two_wheeler,Zepto
2,0,1,2,0,37750.8183580609,5.423659148598032,0,2,24,0.85,1.0,0.95,999.0,1329.89,SURAKSHA,SAFE,two_wheeler,Zepto
2,0,0,1,0,23587.637650327066,8.68936947852548,0,0,24,0.85,0.9,1.0,999.0,1225.1,SURAKSHA,SAFE,two_wheeler,Zomato
2,1,0,2,0,37218.650718138844,9.84951733374561,2,1,8,1.0,0.9,0.95,999.0,1151.51,SURAKSHA,MODERATE,bicycle,Swiggy
1,1,2,1,0,21422.86637923913,7.899175564525685,0,2,3,1.0,1.15,1.0,699.0,992.66,RAKSHAK,MODERATE,two_wheeler,Zepto
0,2,2,2,0,20751.081724009207,11.751272700949244,0,1,18,1.25,1.15,0.95,399.0,1055.28,SAATHI,HIGH,two_wheeler,Swiggy
2,2,0,3,0,38661.77511905192,9.962711299544507,2,3,17,1.25,0.9,0.9,999.0,1446.62,SURAKSHA,HIGH,bicycle,Blinkit
1,2,0,3,0,35791.17539849896,10.72754121678285,0,2,17,1.25,0.9,0.9,699.0,1249.62,RAKSHAK,HIGH,two_wheeler,Zepto
1,0,0,1,1,20916.121127674287,7.702008653038227,0,1,16,0.85,0.9,1.0,699.0,975.53,RAKSHAK,SAFE,two_wheeler,Swiggy
1,1,0,1,1,12723.551894016651,8.642364104682166,3,1,12,1.0,0.9,1.0,699.0,940.38,RAKSHAK,MODERATE,ev_two_wheeler,Swiggy
0,0,0,2,1,36942.18590462781,9.336424026160357,3,2,1,0.85,0.9,0.95,399.0,649.89,SAATHI,SAFE,ev_two_wheeler,Zepto
1,0,2,2,0,14907.004947173653,9.318883927307038,0,0,16,0.85,1.15,0.95,699.0,977.01,RAKSHAK,SAFE,two_wheeler,Zomato
1,0,0,1,1,27076.44828021379,4.127245410465867,0,3,11,0.85,0.9,1.0,699.0,894.11,RAKSHAK,SAFE,two_wheeler,Blinkit
1,0,0,1,0,35018.90785238365,6.843895003721471,2,0,11,0.85,0.9,1.0,699.0,830.44,RAKSHAK,SAFE,bicycle,Zomato
1,1,1,1,1,17909.85459259674,10.79823655542104,0,1,5,1.0,1.0,1.0,699.0,1005.48,RAKSHAK,MODERATE,two_wheeler,Swiggy
1,1,1,3,0,32306.98206723007,5.539922952786269,0,0,22,1.0,1.0,0.9,699.0,1130.55,RAKSHAK,MODERATE,two_wheeler,Zomato
2,0,0,2,0,36866.35035343599,6.260737154358869,0,2,5,0.85,0.9,0.95,999.0,1038.92,SURAKSHA,SAFE,two_wheeler,Zepto
2,2,0,2,0,21706.35632727733,5.155376808464424,2,3,10,1.25,0.9,0.95,999.0,1148.08,SURAKSHA,HIGH,bicycle,Blinkit
1,2,0,1,0,24933.883539285016,9.802183131823622,0,1,1,1.25,0.9,1.0,699.0,1030.25,RAKSHAK,HIGH,two_wheeler,Swiggy
1,2,0,1,0,31534.175489010875,8.289083779161516,0,1,22,1.25,0.9,1.0,699.0,1331.68,RAKSHAK,HIGH,two_wheeler,Swiggy
1,1,1,1,0,33904.11873888339,5.496726525836822,0,3,17,1.0,1.0,1.0,699.0,1164.27,RAKSHAK,MODERATE,two_wheeler,Blinkit
0,0,0,1,0,20738.429019123058,10.183253964316172,2,3,19,0.85,0.9,1.0,399.0,651.59,SAATHI,SAFE,bicycle,Blinkit
1,0,0,3,0,21676.718221347677,5.1056611708928665,0,3,15,0.85,0.9,0.9,699.0,803.19,RAKSHAK,SAFE,two_wheeler,Blinkit
0,0,2,2,0,22229.930004423957,7.58532662079782,1,2,2,0.85,1.15,0.95,399.0,633.67,SAATHI,SAFE,three_wheeler,Zepto
0,0,2,2,0,12079.982078881108,8.476371749958194,0,2,10,0.85,1.15,0.95,399.0,613.43,SAATHI,SAFE,two_wheeler,Zepto
0,0,0,1,0,26737.898263484298,5.060540310901265,0,1,0,0.85,0.9,1.0,399.0,460.73,SAATHI,SAFE,two_wheeler,Swiggy
1,1,0,2,0,27906.98656654691,4.595260811921587,3,2,20,1.0,0.9,0.95,699.0,959.83,RAKSHAK,MODERATE,ev_two_wheeler,Zepto
2,1,0,1,1,37608.08701713373,8.38797872884178,2,1,6,1.0,0.9,1.0,999.0,1284.84,SURAKSHA,MODERATE,bicycle,Swiggy
1,2,1,1,0,34614.58683944942,6.361729565542678,0,1,13,1.25,1.0,1.0,699.0,1274.38,RAKSHAK,HIGH,two_wheeler,Swiggy
1,2,0,1,0,16277.071704787159,7.474115892989742,0,0,5,1.25,0.9,1.0,699.0,973.65,RAKSHAK,HIGH,two_wheeler,Zomato
1,1,1,2,0,19336.41137767953,7.954795477784083,0,1,12,1.0,1.0,0.95,699.0,947.41,RAKSHAK,MODERATE,two_wheeler,Swiggy
1,0,0,1,0,16505.797031933216,5.976109119646086,0,0,18,0.85,0.9,1.0,699.0,845.96,RAKSHAK,SAFE,two_wheeler,Zomato
0,1,0,1,1,13920.16389171948,10.850741013659263,0,1,4,1.0,0.9,1.0,399.0,606.95,SAATHI,MODERATE,two_wheeler,Swiggy
0,1,1,1,1,16734.051900612198,11.933311711027015,0,1,22,1.0,1.0,1.0,399.0,935.12,SAATHI,MODERATE,two_wheeler,Swiggy
0,1,0,1,0,21624.479695816415,10.61135424582605,1,1,13,1.0,0.9,1.0,399.0,815.53,SAATHI,MODERATE,three_wheeler,Swiggy
1,2,0,1,1,32390.53866536727,8.682383103523865,3,0,4,1.25,0.9,1.0,699.0,1141.65,RAKSHAK,HIGH,ev_two_wheeler,Zomato
0,2,0,1,0,23552.771911700005,8.929387883305175,0,0,17,1.25,0.9,1.0,399.0,884.8,SAATHI,HIGH,two_wheeler,Zomato
1,2,0,1,0,39659.775849579186,7.852902693672277,2,3,13,1.25,0.9,1.0,699.0,1121.8,RAKSHAK,HIGH,bicycle,Blinkit
1,0,2,1,0,19159.74548382149,7.584680607220648,3,1,20,0.85,1.15,1.0,699.0,1062.82,RAKSHAK,SAFE,ev_two_wheeler,Swiggy
0,1,2,1,0,33986.83346903734,7.230463047545387,0,3,11,1.0,1.15,1.0,399.0,818.99,SAATHI,MODERATE,two_wheeler,Blinkit
2,2,0,2,0,34150.62819715284,10.166016034490895,0,3,11,1.25,0.9,0.95,999.0,1518.9,SURAKSHA,HIGH,two_wheeler,Blinkit
0,2,0,2,0,27580.308074026416,8.290506476491476,2,3,15,1.25,0.9,0.95,399.0,733.4,SAATHI,HIGH,bicycle,Blinkit
0,1,0,1,0,16203.808370059664,8.093952100542916,0,3,9,1.0,0.9,1.0,399.0,616.28,SAATHI,MODERATE,two_wheeler,Blinkit
1,2,0,1,0,17735.852812598514,7.507142477146736,0,2,15,1.25,0.9,1.0,699.0,1085.45,RAKSHAK,HIGH,two_wheeler,Zepto
0,0,1,1,0,19684.453505846872,6.358101824875321,3,0,6,0.85,1.0,1.0,399.0,542.92,SAATHI,SAFE,ev_two_wheeler,Zomato
1,1,1,1,0,13556.58667028885,6.171750904787539,0,1,20,1.0,1.0,1.0,699.0,1010.74,RAKSHAK,MODERATE,two_wheeler,Swiggy
1,0,1,1,0,14236.032271011403,10.652021753941572,3,1,2,0.85,1.0,1.0,699.0,791.15,RAKSHAK,SAFE,ev_two_wheeler,Swiggy
2,1,0,1,0,29994.519435210557,4.212370690399544,0,3,11,1.0,0.9,1.0,999.0,1219.2,SURAKSHA,MODERATE,two_wheeler,Blinkit
1,1,1,2,0,34029.36704473052,7.457656039017355,0,2,10,1.0,1.0,0.95,699.0,1048.54,RAKSHAK,MODERATE,two_wheeler,Zepto
0,0,1,1,0,13182.891068458772,6.457491852939058,0,1,24,0.85,1.0,1.0,399.0,707.41,SAATHI,SAFE,two_wheeler,Swiggy
2,2,0,1,0,25861.614828555274,7.190778107772305,0,1,7,1.25,0.9,1.0,999.0,1415.84,SURAKSHA,HIGH,two_wheeler,Swiggy
1,1,1,1,1,17232.02443689564,6.856455178451915,0,3,23,1.0,1.0,1.0,699.0,1181.26,RAKSHAK,MODERATE,two_wheeler,Blinkit
0,1,0,2,0,28010.801284725523,7.658679093429416,0,3,2,1.0,0.9,0.95,399.0,563.75,SAATHI,MODERATE,two_wheeler,Blinkit
1,2,0,2,1,34323.79822174134,6.573945586814972,0,3,16,1.25,0.9,0.95,699.0,1273.6,RAKSHAK,HIGH,two_wheeler,Blinkit
0,0,2,1,0,20024.39798451609,11.294288187913867,0,3,6,0.85,1.15,1.0,399.0,695.2,SAATHI,SAFE,two_wheeler,Blinkit
2,1,0,1,0,25016.15835304839,6.741837699467253,3,1,20,1.0,0.9,1.0,999.0,1277.97,SURAKSHA,MODERATE,ev_two_wheeler,Swiggy
1,1,1,1,0,23718.785309498177,11.745893487757126,0,2,22,1.0,1.0,1.0,699.0,1186.14,RAKSHAK,MODERATE,two_wheeler,Zepto
2,1,0,2,0,14354.510250027448,9.632560276536033,3,0,17,1.0,0.9,0.95,999.0,1184.36,SURAKSHA,MODERATE,ev_two_wheeler,Zomato
0,1,0,1,0,28249.53533086119,9.85871641629296,0,3,10,1.0,0.9,1.0,399.0,719.12,SAATHI,MODERATE,two_wheeler,Blinkit
0,1,0,2,0,15686.73111183897,6.302001876845211,0,1,6,1.0,0.9,0.95,399.0,485.06,SAATHI,MODERATE,two_wheeler,Swiggy
0,2,1,1,0,39119.588672530816,10.219465700680693,0,1,18,1.25,1.0,1.0,399.0,1069.51,SAATHI,HIGH,two_wheeler,Swiggy
1,0,1,1,1,12623.275167756108,8.257053525614246,0,2,9,0.85,1.0,1.0,699.0,896.06,RAKSHAK,SAFE,two_wheeler,Zepto
1,0,1,1,0,29596.144094910385,8.723105673140338,0,3,12,0.85,1.0,1.0,699.0,945.88,RAKSHAK,SAFE,two_wheeler,Blinkit
2,0,0,1,0,37391.588535735515,6.280626942214173,0,3,21,0.85,0.9,1.0,999.0,1259.21,SURAKSHA,SAFE,two_wheeler,Blinkit
1,0,0,3,0,34968.09929223536,6.088563697420183,0,3,23,0.85,0.9,0.9,699.0,1034.52,RAKSHAK,SAFE,two_wheeler,Blinkit
1,2,1,3,0,39555.82972123765,10.781519630044269,0,0,17,1.25,1.0,0.9,699.0,1372.49,RAKSHAK,HIGH,two_wheeler,Zomato
1,0,2,1,0,12634.888503937724,6.3814427494225985,2,0,22,0.85,1.15,1.0,699.0,945.01,RAKSHAK,SAFE,bicycle,Zomato
1,0,0,1,0,15019.773780349464,8.73192682636359,0,2,0,0.85,0.9,1.0,699.0,708.64,RAKSHAK,SAFE,two_wheeler,Zepto
0,0,0,3,1,32254.20172936679,8.1418809956747,0,1,20,0.85,0.9,0.9,399.0,854.1,SAATHI,SAFE,two_wheeler,Swiggy
0,0,1,2,0,17509.11068928467,6.993605937977159,0,1,0,0.85,1.0,0.95,399.0,455.04,SAATHI,SAFE,two_wheeler,Swiggy
0,0,2,3,0,16340.3693694285,7.146497609916407,0,1,10,0.85,1.15,0.9,399.0,572.06,SAATHI,SAFE,two_wheeler,Swiggy
1,1,1,3,1,21833.44695127184,10.846782254643756,0,2,23,1.0,1.0,0.9,699.0,1276.75,RAKSHAK,MODERATE,two_wheeler,Zepto
1,2,0,2,1,16892.666585952113,11.329537670532456,0,3,19,1.25,0.9,0.95,699.0,1228.79,RAKSHAK,HIGH,two_wheeler,Blinkit
0,1,0,2,0,28227.47531016588,10.91748821102771,0,0,10,1.0,0.9,0.95,399.0,766.68,SAATHI,MODERATE,two_wheeler,Zomato
1,1,1,1,0,18331.392132777844,4.331090695927886,0,0,11,1.0,1.0,1.0,699.0,902.08,RAKSHAK,MODERATE,two_wheeler,Zomato
1,1,0,2,0,14931.886162908344,11.100338190731957,3,3,16,1.0,0.9,0.95,699.0,924.42,RAKSHAK,MODERATE,ev_two_wheeler,Blinkit
0,0,2,2,1,17581.59141484577,6.764294061565439,0,3,10,0.85,1.15,0.95,399.0,691.82,SAATHI,SAFE,two_wheeler,Blinkit
1,0,0,1,0,23386.59001852382,5.179954512692776,3,2,16,0.85,0.9,1.0,699.0,897.16,RAKSHAK,SAFE,ev_two_wheeler,Zepto
0,0,0,1,0,15288.526684628734,5.047255494778992,3,3,22,0.85,0.9,1.0,399.0,619.02,SAATHI,SAFE,ev_two_wheeler,Blinkit
1,0,0,1,0,22398.007942639015,5.751623208097284,0,3,10,0.85,0.9,1.0,699.0,785.72,RAKSHAK,SAFE,two_wheeler,Blinkit
2,0,1,3,0,22491.26458035305,8.90159157615172,2,0,10,0.85,1.0,0.9,999.0,1001.29,SURAKSHA,SAFE,bicycle,Zomato
0,1,1,1,0,22817.954606410865,5.399078367579701,0,0,20,1.0,1.0,1.0,399.0,766.47,SAATHI,MODERATE,two_wheeler,Zomato
1,1,0,3,0,33621.780647363776,4.9863184940402245,3,0,8,1.0,0.9,0.9,699.0,840.74,RAKSHAK,MODERATE,ev_two_wheeler,Zomato
0,1,1,3,0,23655.865025755666,8.292882586373613,0,1,7,1.0,1.0,0.9,399.0,660.57,SAATHI,MODERATE,two_wheeler,Swiggy
0,2,2,1,0,30642.058932905897,7.334084620808273,3,1,18,1.25,1.15,1.0,399.0,1029.0,SAATHI,HIGH,ev_two_wheeler,Swiggy
0,0,0,1,1,25090.475405860307,4.628874588210491,0,3,18,0.85,0.9,1.0,399.0,698.47,SAATHI,SAFE,two_wheeler,Blinkit
0,2,0,2,0,18225.147353723598,8.142562389225661,3,1,0,1.25,0.9,0.95,399.0,580.55,SAATHI,HIGH,ev_two_wheeler,Swiggy
0,0,0,2,0,36488.41962893026,9.057542249925325,3,3,11,0.85,0.9,0.95,399.0,729.56,SAATHI,SAFE,ev_two_wheeler,Blinkit
0,2,1,1,0,12580.293768402295,7.96849641795152,0,1,15,1.25,1.0,1.0,399.0,750.27,SAATHI,HIGH,two_wheeler,Swiggy
1,2,0,3,0,13040.651159639987,10.329943180461054,2,2,18,1.25,0.9,0.9,699.0,970.25,RAKSHAK,HIGH,bicycle,Zepto
1,2,2,1,0,33069.87356688721,9.528789480908674,0,3,7,1.25,1.15,1.0,699.0,1377.22,RAKSHAK,HIGH,two_wheeler,Blinkit
1,1,0,1,0,13808.059104337597,9.380889382751452,0,0,21,1.0,0.9,1.0,699.0,1035.79,RAKSHAK,MODERATE,two_wheeler,Zomato
1,0,0,1,0,14848.593846824935,8.135205723283434,0,1,22,0.85,0.9,1.0,699.0,946.9,RAKSHAK,SAFE,two_wheeler,Swiggy
1,1,0,1,0,18189.637450479815,9.459431168912733,0,1,9,1.0,0.9,1.0,699.0,908.23,RAKSHAK,MODERATE,two_wheeler,Swiggy
2,1,2,2,0,17299.751223496845,5.052048558527567,0,3,19,1.0,1.15,0.95,999.0,1356.35,SURAKSHA,MODERATE,two_wheeler,Blinkit
1,2,2,2,0,36400.93581247821,11.085095001628677,3,0,23,1.25,1.15,0.95,699.0,1551.67,RAKSHAK,HIGH,ev_two_wheeler,Zomato
0,1,0,2,0,27962.90759252486,8.706376463818078,0,1,23,1.0,0.9,0.95,399.0,859.4,SAATHI,MODERATE,two_wheeler,Swiggy
1,1,1,1,0,20667.06601847346,5.2728403132211925,0,3,8,1.0,1.0,1.0,699.0,920.49,RAKSHAK,MODERATE,two_wheeler,Blinkit
1,0,0,2,1,16126.384689174654,7.480720374042827,0,3,18,0.85,0.9,0.95,699.0,914.5,RAKSHAK,SAFE,two_wheeler,Blinkit
1,0,0,1,1,12297.338509354879,11.913363206136754,0,0,23,0.85,0.9,1.0,699.0,1062.88,RAKSHAK,SAFE,two_wheeler,Zomato
1,0,0,2,0,22191.499917136513,4.607927966452927,0,0,7,0.85,0.9,0.95,699.0,653.05,RAKSHAK,SAFE,two_wheeler,Zomato
1,2,1,2,1,16473.13838210357,11.553155078148933,0,0,18,1.25,1.0,0.95,699.0,1369.51,RAKSHAK,HIGH,two_wheeler,Zomato
2,0,0,1,1,14924.696732030721,4.378422928028174,0,3,13,0.85,0.9,1.0,999.0,1069.98,SURAKSHA,SAFE,two_wheeler,Blinkit
1,0,0,1,0,33838.49872403679,10.216112104494558,0,0,14,0.85,0.9,1.0,699.0,982.14,RAKSHAK,SAFE,two_wheeler,Zomato
0,0,2,2,0,27804.992776024686,11.93719538156901,0,1,23,0.85,1.15,0.95,399.0,950.1,SAATHI,SAFE,two_wheeler,Swiggy
1,1,0,2,0,13953.63701688213,8.124379749467852,3,2,23,1.0,0.9,0.95,699.0,951.28,RAKSHAK,MODERATE,ev_two_wheeler,Zepto
0,0,0,1,0,36274.11572794662,6.457365577308022,2,1,17,0.85,0.9,1.0,399.0,634.37,SAATHI,SAFE,bicycle,Swiggy
0,2,2,1,0,29252.353174165237,4.799599392093973,3,2,2,1.25,1.15,1.0,399.0,770.15,SAATHI,HIGH,ev_two_wheeler,Zepto
1,1,0,1,0,24059.985106836008,10.275750785968052,3,1,18,1.0,0.9,1.0,699.0,1046.29,RAKSHAK,MODERATE,ev_two_wheeler,Swiggy
1,1,0,3,0,15293.069133753343,4.509268151341129,3,3,12,1.0,0.9,0.9,699.0,751.61,RAKSHAK,MODERATE,ev_two_wheeler,Blinkit
0,2,0,2,1,31179.08821881375,7.787964282532991,0,3,6,1.25,0.9,0.95,399.0,842.18,SAATHI,HIGH,two_wheeler,Blinkit
1,1,2,3,1,31722.01049336229,6.350555196571783,0,2,23,1.0,1.15,0.9,699.0,1284.1,RAKSHAK,MODERATE,two_wheeler,Zepto
2,0,1,2,0,17007.464678490018,8.346848486701035,0,0,3,0.85,1.0,0.95,999.0,960.07,SURAKSHA,SAFE,two_wheeler,Zomato
0,2,0,1,0,14034.926584240824,11.55192937145237,0,1,4,1.25,0.9,1.0,399.0,685.0,SAATHI,HIGH,two_wheeler,Swiggy
1,0,0,1,0,19625.753728741114,7.487412975533151,0,1,11,0.85,0.9,1.0,699.0,802.21,RAKSHAK,SAFE,two_wheeler,Swiggy
1,0,0,2,0,13848.725970544536,9.86051371896713,0,2,12,0.85,0.9,0.95,699.0,804.66,RAKSHAK,SAFE,two_wheeler,Zepto
1,2,0,1,0,14049.465916914362,5.444482591207532,0,2,11,1.25,0.9,1.0,699.0,964.85,RAKSHAK,HIGH,two_wheeler,Zepto
0,1,0,1,0,23214.30061577558,6.303966989424194,3,3,4,1.0,0.9,1.0,399.0,524.64,SAATHI,MODERATE,ev_two_wheeler,Blinkit
1,0,1,1,0,25351.11978017538,9.209503396404365,2,0,5,0.85,1.0,1.0,699.0,794.44,RAKSHAK,SAFE,bicycle,Zomato
2,2,2,1,0,15474.259067351968,4.281512676321278,1,0,17,1.25,1.15,1.0,999.0,1700.48,SURAKSHA,HIGH,three_wheeler,Zomato
0,1,0,1,0,30102.14020177308,7.396588553964833,0,1,2,1.0,0.9,1.0,399.0,572.72,SAATHI,MODERATE,two_wheeler,Swiggy
1,0,1,1,0,14556.447784988504,5.539138108745434,0,1,2,0.85,1.0,1.0,699.0,682.24,RAKSHAK,SAFE,two_wheeler,Swiggy
0,1,0,2,0,30029.62584009429,7.376372605763443,3,3,2,1.0,0.9,0.95,399.0,558.57,SAATHI,MODERATE,ev_two_wheeler,Blinkit
1,2,1,3,0,34375.26531367569,8.343934182464725,0,0,10,1.25,1.0,0.9,699.0,1212.01,RAKSHAK,HIGH,two_wheeler,Zomato
0,0,0,1,0,37848.95332443211,10.729840764880604,2,2,4,0.85,0.9,1.0,399.0,666.46,SAATHI,SAFE,bicycle,Zepto
1,1,1,2,1,38122.03460384647,6.466088951221534,0,1,5,1.0,1.0,0.95,699.0,1103.29,RAKSHAK,MODERATE,two_wheeler,Swiggy
0,1,0,2,1,35087.563094020166,9.81631646234685,0,0,11,1.0,0.9,0.95,399.0,887.08,SAATHI,MODERATE,two_wheeler,Zomato
0,1,1,1,1,29001.31673455799,8.865818049882394,0,2,14,1.0,1.0,1.0,399.0,896.68,SAATHI,MODERATE,two_wheeler,Zepto
1,1,0,1,1,28221.909341114304,4.822924662433237,3,2,3,1.0,0.9,1.0,699.0,872.09,RAKSHAK,MODERATE,ev_two_wheeler,Zepto
0,1,0,1,0,21393.952909427193,8.105413348751647,0,2,23,1.0,0.9,1.0,399.0,819.12,SAATHI,MODERATE,two_wheeler,Zepto
0,1,0,1,0,38566.40702229643,11.466342340621772,0,1,23,1.0,0.9,1.0,399.0,992.93,SAATHI,MODERATE,two_wheeler,Swiggy
2,1,0,3,0,31145.23661209511,11.289989678756234,0,1,1,1.0,0.9,0.9,999.0,1089.09,SURAKSHA,MODERATE,two_wheeler,Swiggy
2,0,0,2,0,24425.372442262524,5.427682318828683,2,2,23,0.85,0.9,0.95,999.0,1017.41,SURAKSHA,SAFE,bicycle,Zepto
1,2,0,2,0,17894.935505445363,11.83319256598886,1,3,2,1.25,0.9,0.95,699.0,1074.44,RAKSHAK,HIGH,three_wheeler,Blinkit
1,0,1,1,0,13339.218866323878,11.792653651351447,0,0,9,0.85,1.0,1.0,699.0,843.73,RAKSHAK,SAFE,two_wheeler,Zomato
1,1,0,3,0,25241.52098122145,6.70090943697068,0,2,24,1.0,0.9,0.9,699.0,1078.73,RAKSHAK,MODERATE,two_wheeler,Zepto
0,0,0,2,0,35797.46022462536,10.627468704263329,0,1,2,0.85,0.9,0.95,399.0,611.31,SAATHI,SAFE,two_wheeler,Swiggy
2,0,1,2,0,25300.252072024297,4.780312748645793,0,3,9,0.85,1.0,0.95,999.0,1066.07,SURAKSHA,SAFE,two_wheeler,Blinkit
1,1,2,2,0,13665.259304551328,11.079624422006695,0,1,23,1.0,1.15,0.95,699.0,1181.91,RAKSHAK,MODERATE,two_wheeler,Swiggy
0,0,1,2,0,34562.357549407185,7.575387614801332,0,2,16,0.85,1.0,0.95,399.0,764.8,SAATHI,SAFE,two_wheeler,Zepto
1,0,1,1,0,13125.571397957803,6.836413383107696,0,0,3,0.85,1.0,1.0,699.0,758.59,RAKSHAK,SAFE,two_wheeler,Zomato
1,2,1,2,1,18241.380999897116,8.55813396973197,0,3,0,1.25,1.0,0.95,699.0,1084.0,RAKSHAK,HIGH,two_wheeler,Blinkit
1,1,1,2,0,24414.587759156857,8.212385500147256,0,3,14,1.0,1.0,0.95,699.0,1012.11,RAKSHAK,MODERATE,two_wheeler,Blinkit
2,1,1,1,1,33849.47627659618,5.162625135918049,0,0,3,1.0,1.0,1.0,999.0,1327.37,SURAKSHA,MODERATE,two_wheeler,Zomato
0,1,0,1,0,12523.313995779601,10.23128050164461,0,1,4,1.0,0.9,1.0,399.0,504.32,SAATHI,MODERATE,two_wheeler,Swiggy
0,2,0,1,0,34553.86274306482,6.094132141833706,3,3,7,1.25,0.9,1.0,399.0,748.9,SAATHI,HIGH,ev_two_wheeler,Blinkit
1,1,0,3,0,30371.23775367604,9.116207065743613,0,0,19,1.0,0.9,0.9,699.0,1072.67,RAKSHAK,MODERATE,two_wheeler,Zomato
0,1,0,2,1,37678.85649665943,5.840146717719934,2,3,23,1.0,0.9,0.95,399.0,801.31,SAATHI,MODERATE,bicycle,Blinkit
0,2,1,3,0,32700.84124997082,11.913047112853768,0,3,0,1.25,1.0,0.9,399.0,810.89,SAATHI,HIGH,two_wheeler,Blinkit
0,0,0,1,1,15158.352191338628,9.20746649237508,1,3,5,0.85,0.9,1.0,399.0,669.05,SAATHI,SAFE,three_wheeler,Blinkit
1,2,0,1,0,17486.24884171412,6.801614016565077,0,3,19,1.25,0.9,1.0,699.0,1124.73,RAKSHAK,HIGH,two_wheeler,Blinkit
0,2,0,2,0,14953.749690479131,6.657155131318478,0,0,7,1.25,0.9,0.95,399.0,614.5,SAATHI,HIGH,two_wheeler,Zomato
1,1,1,2,0,24344.556023738518,9.13356309695563,0,3,1,1.0,1.0,0.95,699.0,921.41,RAKSHAK,MODERATE,two_wheeler,Blinkit
1,2,1,3,0,26256.406683154586,9.653983228610041,0,3,17,1.25,1.0,0.9,699.0,1241.88,RAKSHAK,HIGH,two_wheeler,Blinkit
1,1,0,1,0,37846.00299715741,6.542408965253403,2,0,2,1.0,0.9,1.0,699.0,816.16,RAKSHAK,MODERATE,bicycle,Zomato
1,1,0,1,0,30046.246239904896,7.969253795956482,0,3,8,1.0,0.9,1.0,699.0,969.98,RAKSHAK,MODERATE,two_wheeler,Blinkit
1,0,0,2,0,16908.30171608243,11.048162931571364,2,1,22,0.85,0.9,0.95,699.0,881.23,RAKSHAK,SAFE,bicycle,Swiggy
1,2,0,1,0,38712.965683357994,8.157510713149199,0,0,19,1.25,0.9,1.0,699.0,1388.8,RAKSHAK,HIGH,two_wheeler,Zomato
2,1,0,1,0,26785.313954523466,5.016749799401091,3,0,16,1.0,0.9,1.0,999.0,1258.05,SURAKSHA,MODERATE,ev_two_wheeler,Zomato
1,1,1,2,0,12310.917178319496,7.605172730777813,0,2,21,1.0,1.0,0.95,699.0,1042.02,RAKSHAK,MODERATE,two_wheeler,Zepto
2,1,0,3,0,34974.05063926812,7.73478694522436,0,1,10,1.0,0.9,0.9,999.0,1192.83,SURAKSHA,MODERATE,two_wheeler,Swiggy
1,0,0,2,0,13018.810419810403,9.573919632035555,0,3,2,0.85,0.9,0.95,699.0,658.85,RAKSHAK,SAFE,two_wheeler,Blinkit
1,0,0,1,0,15211.08420238892,11.480929929515113,0,1,21,0.85,0.9,1.0,699.0,972.46,RAKSHAK,SAFE,two_wheeler,Swiggy
0,1,1,1,0,15318.902746588472,11.318310906385664,0,1,10,1.0,1.0,1.0,399.0,771.94,SAATHI,MODERATE,two_wheeler,Swiggy
0,2,0,3,1,39250.73166908976,9.638297200034582,0,3,3,1.25,0.9,0.9,399.0,852.65,SAATHI,HIGH,two_wheeler,Blinkit
1,0,0,2,1,30742.452101035444,10.815499174001948,1,3,1,0.85,0.9,0.95,699.0,965.42,RAKSHAK,SAFE,three_wheeler,Blinkit
1,1,0,1,0,28330.465275561914,5.677357233396534,0,3,20,1.0,0.9,1.0,699.0,1017.15,RAKSHAK,MODERATE,two_wheeler,Blinkit
1,1,0,1,1,24965.96608831243,9.722704254195843,0,3,16,1.0,0.9,1.0,699.0,1133.34,RAKSHAK,MODERATE,two_wheeler,Blinkit
1,0,0,2,0,34295.96051825382,9.117903979026995,0,3,16,0.85,0.9,0.95,699.0,998.62,RAKSHAK,SAFE,two_wheeler,Blinkit
1,0,0,3,0,25770.741431178834,5.928823911253079,0,2,20,0.85,0.9,0.9,699.0,845.04,RAKSHAK,SAFE,two_wheeler,Zepto
0,1,0,3,1,15935.08581276784,4.453820669030818,1,1,20,1.0,0.9,0.9,399.0,712.34,SAATHI,MODERATE,three_wheeler,Swiggy
0,1,2,2,0,36395.01552362369,8.784177502255666,0,3,9,1.0,1.15,0.95,399.0,907.2,SAATHI,MODERATE,two_wheeler,Blinkit
1,1,0,2,0,19710.42746399782,4.46010166448332,0,2,7,1.0,0.9,0.95,699.0,758.92,RAKSHAK,MODERATE,two_wheeler,Zepto
1,2,0,1,0,21919.8335811043,6.477067470467094,3,1,11,1.25,0.9,1.0,699.0,1058.14,RAKSHAK,HIGH,ev_two_wheeler,Swiggy
1,2,0,3,0,33084.83574259713,8.795032497072949,0,3,11,1.25,0.9,0.9,699.0,1094.54,RAKSHAK,HIGH,two_wheeler,Blinkit
1,1,0,2,1,26472.509431167193,11.520638692790783,0,1,11,1.0,0.9,0.95,699.0,1068.71,RAKSHAK,MODERATE,two_wheeler,Swiggy
0,0,0,2,0,35488.25618747638,6.434645886581749,3,0,22,0.85,0.9,0.95,399.0,709.91,SAATHI,SAFE,ev_two_wheeler,Zomato
1,0,0,3,1,16528.05606047845,10.298238678161127,0,2,19,0.85,0.9,0.9,699.0,946.73,RAKSHAK,SAFE,two_wheeler,Zepto
1,2,0,1,0,19924.249144359113,7.329720794702302,3,0,14,1.25,0.9,1.0,699.0,1046.52,RAKSHAK,HIGH,ev_two_wheeler,Zomato
1,0,0,1,0,36718.19565585645,10.595667169594694,3,1,15,0.85,0.9,1.0,699.0,1012.82,RAKSHAK,SAFE,ev_two_wheeler,Swiggy
1,2,0,3,0,30150.534754198736,11.30696116258498,0,2,1,1.25,0.9,0.9,699.0,975.03,RAKSHAK,HIGH,two_wheeler,Zepto
1,1,1,1,1,38642.9340750766,7.282199033370355,0,0,11,1.0,1.0,1.0,699.0,1191.12,RAKSHAK,MODERATE,two_wheeler,Zomato
0,0,1,3,0,13730.43059782825,7.544026121190758,0,0,14,0.85,1.0,0.9,399.0,567.05,SAATHI,SAFE,two_wheeler,Zomato
2,1,0,1,1,16510.762134099812,6.031214440049715,0,1,18,1.0,0.9,1.0,999.0,1274.08,SURAKSHA,MODERATE,two_wheeler,Swiggy
1,0,0,2,1,35649.020277210984,4.551891139361903,2,2,13,0.85,0.9,0.95,699.0,860.18,RAKSHAK,SAFE,bicycle,Zepto
2,1,0,3,0,13888.786142611936,8.064388401093908,3,2,12,1.0,0.9,0.9,999.0,1046.81,SURAKSHA,MODERATE,ev_two_wheeler,Zepto
2,2,2,2,0,34006.22220858461,4.7255473935466785,0,2,3,1.25,1.15,0.95,999.0,1589.6,SURAKSHA,HIGH,two_wheeler,Zepto
1,0,0,1,0,24940.43657870204,10.12743873735367,3,1,14,0.85,0.9,1.0,699.0,926.33,RAKSHAK,SAFE,ev_two_wheeler,Swiggy
0,2,1,1,1,25436.38968308775,8.882415793430857,3,2,9,1.25,1.0,1.0,399.0,888.75,SAATHI,HIGH,ev_two_wheeler,Zepto
0,0,0,1,1,20779.78883553795,10.115019614944789,0,1,5,0.85,0.9,1.0,399.0,631.66,SAATHI,SAFE,two_wheeler,Swiggy
1,1,0,1,0,26381.344802001993,4.462359271059754,0,1,14,1.0,0.9,1.0,699.0,966.77,RAKSHAK,MODERATE,two_wheeler,Swiggy
0,0,0,1,0,18784.612528993905,6.149270678176357,0,1,22,0.85,0.9,1.0,399.0,674.15,SAATHI,SAFE,two_wheeler,Swiggy
0,1,2,3,0,28370.117655233073,9.966740325900426,0,3,20,1.0,1.15,0.9,399.0,927.64,SAATHI,MODERATE,two_wheeler,Blinkit
0,0,1,3,0,29393.065485147155,7.319943586250826,0,2,14,0.85,1.0,0.9,399.0,723.18,SAATHI,SAFE,two_wheeler,Zepto
1,1,2,1,0,35427.01127409056,11.995428134659727,0,1,23,1.0,1.15,1.0,699.0,1434.9,RAKSHAK,MODERATE,two_wheeler,Swiggy
1,0,1,1,0,13758.345141087739,8.905729093976998,0,3,5,0.85,1.0,1.0,699.0,744.42,RAKSHAK,SAFE,two_wheeler,Blinkit
1,0,0,2,0,19981.047901747617,5.883850343891931,3,1,13,0.85,0.9,0.95,699.0,716.17,RAKSHAK,SAFE,ev_two_wheeler,Swiggy
1,1,0,1,0,32910.458584144304,9.007134485259417,0,1,22,1.0,0.9,1.0,699.0,1176.62,RAKSHAK,MODERATE,two_wheeler,Swiggy
0,1,0,2,0,14181.540437182963,9.333437121870034,3,1,8,1.0,0.9,0.95,399.0,597.52,SAATHI,MODERATE,ev_two_wheeler,Swiggy
0,1,0,2,0,12945.502199168437,5.875932431971993,2,2,15,1.0,0.9,0.95,399.0,453.91,SAATHI,MODERATE,bicycle,Zepto
1,0,2,3,0,34598.44998182147,6.134957179702042,0,0,24,0.85,1.15,0.9,699.0,1122.25,RAKSHAK,SAFE,two_wheeler,Zomato
1,0,2,1,0,32685.688605675106,6.294717288264215,2,3,6,0.85,1.15,1.0,699.0,881.72,RAKSHAK,SAFE,bicycle,Blinkit
2,1,2,3,0,13415.773074967228,8.951004421968223,3,0,9,1.0,1.15,0.9,999.0,1237.33,SURAKSHA,MODERATE,ev_two_wheeler,Zomato
1,0,1,3,0,24585.244285702785,7.763203357156225,0,1,21,0.85,1.0,0.9,699.0,969.17,RAKSHAK,SAFE,two_wheeler,Swiggy
2,2,1,1,0,22426.761461656177,6.775412322055786,3,2,15,1.25,1.0,1.0,999.0,1501.92,SURAKSHA,HIGH,ev_two_wheeler,Zepto
0,1,0,1,0,25946.16565364718,8.803000012194541,0,0,19,1.0,0.9,1.0,399.0,820.13,SAATHI,MODERATE,two_wheeler,Zomato
2,2,1,1,1,38527.1464177173,9.69363035636283,0,0,7,1.25,1.0,1.0,999.0,1801.73,SURAKSHA,HIGH,two_wheeler,Zomato
1,1,0,1,0,12473.164687834254,9.130114217511089,0,0,9,1.0,0.9,1.0,699.0,873.93,RAKSHAK,MODERATE,two_wheeler,Zomato
1,0,0,3,0,13971.521438261072,10.14247843804462,2,2,22,0.85,0.9,0.9,699.0,829.77,RAKSHAK,SAFE,bicycle,Zepto
1,1,0,1,0,39365.43273793609,7.031315883172362,0,0,13,1.0,0.9,1.0,699.0,1078.58,RAKSHAK,MODERATE,two_wheeler,Zomato
0,0,0,2,0,13635.869575849136,11.444654538337662,0,0,6,0.85,0.9,0.95,399.0,484.15,SAATHI,SAFE,two_wheeler,Zomato
1,1,0,2,1,31580.240536519865,11.377084708276453,0,1,20,1.0,0.9,0.95,699.0,1212.59,RAKSHAK,MODERATE,two_wheeler,Swiggy
2,2,1,2,0,18437.81970749934,8.457906542906121,0,0,23,1.25,1.0,0.95,999.0,1623.11,SURAKSHA,HIGH,two_wheeler,Zomato
0,0,2,1,1,27928.660080454472,7.807011779392624,1,0,4,0.85,1.15,1.0,399.0,796.72,SAATHI,SAFE,three_wheeler,Zomato
1,0,1,3,0,19746.103498083463,5.646380520481414,0,2,9,0.85,1.0,0.9,699.0,744.88,RAKSHAK,SAFE,two_wheeler,Zepto
0,0,0,1,0,16600.25325176004,7.177337378449593,0,2,3,0.85,0.9,1.0,399.0,409.44,SAATHI,SAFE,two_wheeler,Zepto
0,0,0,1,0,39218.30788415675,6.1661980920336275,1,0,8,0.85,0.9,1.0,399.0,728.8,SAATHI,SAFE,three_wheeler,Zomato
1,1,0,1,0,34623.20008164457,11.216168753225238,2,1,9,1.0,0.9,1.0,699.0,991.94,RAKSHAK,MODERATE,bicycle,Swiggy
0,1,0,2,0,14044.065512648202,9.449308947589081,0,3,3,1.0,0.9,0.95,399.0,509.59,SAATHI,MODERATE,two_wheeler,Blinkit
1,2,1,1,0,34995.41157157651,8.417613970026963,0,3,18,1.25,1.0,1.0,699.0,1363.78,RAKSHAK,HIGH,two_wheeler,Blinkit
2,0,0,1,1,15936.45548624112,6.683645692878465,2,2,3,0.85,0.9,1.0,999.0,886.31,SURAKSHA,SAFE,bicycle,Zepto
1,1,0,2,0,28234.119233603808,7.950234335967448,0,0,23,1.0,0.9,0.95,699.0,1101.98,RAKSHAK,MODERATE,two_wheeler,Zomato
1,2,2,3,0,32083.263023567644,10.483770713381826,0,3,15,1.25,1.15,0.9,699.0,1391.24,RAKSHAK,HIGH,two_wheeler,Blinkit
1,1,0,3,0,21323.543052354165,9.998668910773308,0,1,10,1.0,0.9,0.9,699.0,894.68,RAKSHAK,MODERATE,two_wheeler,Swiggy
0,1,1,1,0,20396.909879148057,7.396009440525123,0,1,14,1.0,1.0,1.0,399.0,732.07,SAATHI,MODERATE,two_wheeler,Swiggy
2,1,1,2,0,18855.79364014801,6.765878847370105,3,2,8,1.0,1.0,0.95,999.0,1164.85,SURAKSHA,MODERATE,ev_two_wheeler,Zepto
1,2,0,2,0,30525.625142686324,4.010367039294224,0,1,8,1.25,0.9,0.95,699.0,981.86,RAKSHAK,HIGH,two_wheeler,Swiggy
1,2,0,2,0,13560.585046644934,9.321524889461067,0,0,11,1.25,0.9,0.95,699.0,978.0,RAKSHAK,HIGH,two_wheeler,Zomato
2,1,1,1,1,23896.169979106788,10.63930532690791,0,2,17,1.0,1.0,1.0,999.0,1490.32,SURAKSHA,MODERATE,two_wheeler,Zepto
2,0,1,3,0,31277.47182379338,9.084055294516512,0,0,5,0.85,1.0,0.9,999.0,1078.69,SURAKSHA,SAFE,two_wheeler,Zomato
1,0,0,1,0,15494.496950361685,10.163180543912924,0,1,0,0.85,0.9,1.0,699.0,703.51,RAKSHAK,SAFE,two_wheeler,Swiggy
1,1,1,1,0,26248.420233997276,6.133404295604787,2,1,1,1.0,1.0,1.0,699.0,810.99,RAKSHAK,MODERATE,bicycle,Swiggy
2,2,0,3,0,19898.508159572055,4.946582812418056,0,3,14,1.25,0.9,0.9,999.0,1243.67,SURAKSHA,HIGH,two_wheeler,Blinkit
2,2,0,3,0,24971.045947932726,9.58894930707132,0,0,0,1.25,0.9,0.9,999.0,1289.13,SURAKSHA,HIGH,two_wheeler,Zomato
0,2,0,1,1,25645.7532923241,7.855796571343634,0,0,18,1.25,0.9,1.0,399.0,947.58,SAATHI,HIGH,two_wheeler,Zomato
0,0,0,1,0,27051.89956898264,6.096361502060644,0,3,3,0.85,0.9,1.0,399.0,516.5,SAATHI,SAFE,two_wheeler,Blinkit
1,1,0,3,0,13024.034693636619,11.541782466066971,0,0,19,1.0,0.9,0.9,699.0,986.19,RAKSHAK,MODERATE,two_wheeler,Zomato
0,0,2,2,0,25751.571799166202,5.4753546143520575,2,2,9,0.85,1.15,0.95,399.0,584.43,SAATHI,SAFE,bicycle,Zepto
0,1,2,1,0,37674.9458204257,5.9830905118725,3,3,16,1.0,1.15,1.0,399.0,894.47,SAATHI,MODERATE,ev_two_wheeler,Blinkit
0,1,0,1,0,29702.13111091902,7.594021840414292,0,2,16,1.0,0.9,1.0,399.0,782.11,SAATHI,MODERATE,two_wheeler,Zepto
1,0,0,2,1,34274.00536575618,7.9185367029353095,1,2,14,0.85,0.9,0.95,699.0,1081.91,RAKSHAK,SAFE,three_wheeler,Zepto
1,1,1,2,0,28388.503281208606,5.190195828671987,0,3,1,1.0,1.0,0.95,699.0,863.09,RAKSHAK,MODERATE,two_wheeler,Blinkit
0,2,0,3,0,36361.0351095364,6.81903433044745,2,1,18,1.25,0.9,0.9,399.0,741.38,SAATHI,HIGH,bicycle,Swiggy
0,2,1,3,0,22141.575944353404,11.926713017407033,2,2,11,1.25,1.0,0.9,399.0,712.63,SAATHI,HIGH,bicycle,Zepto
1,1,1,1,0,19677.44497431216,11.734531406718272,3,3,23,1.0,1.0,1.0,699.0,1177.04,RAKSHAK,MODERATE,ev_two_wheeler,Blinkit
1,0,2,2,0,15985.296731668474,4.5922270109864884,0,0,16,0.85,1.15,0.95,699.0,891.2,RAKSHAK,SAFE,two_wheeler,Zomato
1,1,0,1,1,34276.097338222644,4.270177389138185,0,2,6,1.0,0.9,1.0,699.0,988.7,RAKSHAK,MODERATE,two_wheeler,Zepto
1,0,1,2,0,19202.60824523291,10.728236576814673,0,3,21,0.85,1.0,0.95,699.0,992.91,RAKSHAK,SAFE,two_wheeler,Blinkit
2,0,0,1,0,35010.44067722984,6.283189291058378,0,3,13,0.85,0.9,1.0,999.0,1116.35,SURAKSHA,SAFE,two_wheeler,Blinkit
0,1,0,1,0,13410.476799870368,5.226466758836219,0,1,0,1.0,0.9,1.0,399.0,350.53,SAATHI,MODERATE,two_wheeler,Swiggy
1,1,0,1,0,29520.937804184385,6.052819478207761,0,0,1,1.0,0.9,1.0,699.0,832.05,RAKSHAK,MODERATE,two_wheeler,Zomato
0,1,0,1,0,28169.751386310978,9.698599151410054,0,2,3,1.0,0.9,1.0,399.0,674.3,SAATHI,MODERATE,two_wheeler,Zepto
0,0,2,1,0,15537.34195981207,7.885474606956259,0,3,17,0.85,1.15,1.0,399.0,712.72,SAATHI,SAFE,two_wheeler,Blinkit
2,2,0,1,0,25497.79467225597,10.676290762531327,1,1,17,1.25,0.9,1.0,999.0,1591.51,SURAKSHA,HIGH,three_wheeler,Swiggy
0,2,0,3,0,35943.98120075008,8.742808224469709,0,0,0,1.25,0.9,0.9,399.0,703.18,SAATHI,HIGH,two_wheeler,Zomato
1,0,1,2,0,25735.045440547532,6.137257604601142,0,1,3,0.85,1.0,0.95,699.0,795.11,RAKSHAK,SAFE,two_wheeler,Swiggy
1,1,0,1,0,29115.553968389395,9.270647539872162,0,0,17,1.0,0.9,1.0,699.0,1083.81,RAKSHAK,MODERATE,two_wheeler,Zomato
2,0,0,1,1,39977.22382691609,10.532180395229213,0,3,4,0.85,0.9,1.0,999.0,1300.25,SURAKSHA,SAFE,two_wheeler,Blinkit
0,1,2,1,0,39967.09750002752,11.825398111485178,0,0,9,1.0,1.15,1.0,399.0,951.37,SAATHI,MODERATE,two_wheeler,Zomato
0,2,2,1,0,29072.67399244617,8.63838208579931,0,1,13,1.25,1.15,1.0,399.0,965.95,SAATHI,HIGH,two_wheeler,Swiggy
1,0,1,1,0,19267.828657182057,4.5869252750443215,0,2,8,0.85,1.0,1.0,699.0,802.15,RAKSHAK,SAFE,two_wheeler,Zepto
1,1,0,1,0,15351.294921603794,4.847379636603525,0,0,2,1.0,0.9,1.0,699.0,731.61,RAKSHAK,MODERATE,two_wheeler,Zomato
1,1,0,1,0,20720.63846696756,7.102943909861578,2,0,19,1.0,0.9,1.0,699.0,885.12,RAKSHAK,MODERATE,bicycle,Zomato
0,0,2,2,0,26254.31794943105,6.330705373706984,3,1,21,0.85,1.15,0.95,399.0,777.2,SAATHI,SAFE,ev_two_wheeler,Swiggy
0,0,0,3,1,29999.250441860888,6.0544784044248,0,0,16,0.85,0.9,0.9,399.0,741.64,SAATHI,SAFE,two_wheeler,Zomato
1,0,2,1,1,28725.95204926171,4.032635461390599,0,2,13,0.85,1.15,1.0,699.0,1097.23,RAKSHAK,SAFE,two_wheeler,Zepto
1,0,1,2,0,22432.293849283866,5.692317625045851,2,0,5,0.85,1.0,0.95,699.0,644.51,RAKSHAK,SAFE,bicycle,Zomato
1,0,0,2,0,27096.16910836578,10.142582090523494,3,3,5,0.85,0.9,0.95,699.0,770.0,RAKSHAK,SAFE,ev_two_wheeler,Blinkit
2,0,2,1,1,38690.35317218727,8.418515822743228,0,2,9,0.85,1.15,1.0,999.0,1472.21,SURAKSHA,SAFE,two_wheeler,Zepto
2,2,0,2,0,30022.56703684304,8.075760291628827,0,1,1,1.25,0.9,0.95,999.0,1308.09,SURAKSHA,HIGH,two_wheeler,Swiggy
0,0,1,1,0,22467.232321699405,7.794867868703613,3,1,6,0.85,1.0,1.0,399.0,576.86,SAATHI,SAFE,ev_two_wheeler,Swiggy
0,1,0,1,0,21509.922725724377,10.704701557294237,0,3,15,1.0,0.9,1.0,399.0,784.55,SAATHI,MODERATE,two_wheeler,Blinkit
1,1,2,2,0,37878.659307783615,5.305080916606442,3,2,12,1.0,1.15,0.95,699.0,1170.76,RAKSHAK,MODERATE,ev_two_wheeler,Zepto
0,1,0,1,0,35226.81898270959,7.045155391675477,2,2,9,1.0,0.9,1.0,399.0,609.19,SAATHI,MODERATE,bicycle,Zepto
2,2,0,1,1,38400.9217173994,7.722686895308886,0,3,1,1.25,0.9,1.0,999.0,1453.11,SURAKSHA,HIGH,two_wheeler,Blinkit
1,1,1,3,0,29792.135582394003,4.863201929193799,0,0,6,1.0,1.0,0.9,699.0,866.72,RAKSHAK,MODERATE,two_wheeler,Zomato
0,1,0,1,0,37744.213079931586,6.976112471746678,0,1,3,1.0,0.9,1.0,399.0,649.57,SAATHI,MODERATE,two_wheeler,Swiggy
0,1,0,3,1,24978.725454784377,11.54450405688738,0,2,19,1.0,0.9,0.9,399.0,943.66,SAATHI,MODERATE,two_wheeler,Zepto
1,2,2,1,1,21341.166765393773,7.5191960766668435,1,0,0,1.25,1.15,1.0,699.0,1286.98,RAKSHAK,HIGH,three_wheeler,Zomato
1,1,0,2,0,24956.34238286756,5.755182147882224,0,0,18,1.0,0.9,0.95,699.0,913.2,RAKSHAK,MODERATE,two_wheeler,Zomato
1,0,0,3,0,28780.931149251614,9.856245532195654,0,1,15,0.85,0.9,0.9,699.0,951.1,RAKSHAK,SAFE,two_wheeler,Swiggy
1,0,0,3,0,36811.01517551426,7.526081602017125,0,1,14,0.85,0.9,0.9,699.0,954.05,RAKSHAK,SAFE,two_wheeler,Swiggy
0,1,2,1,0,17987.996923576342,5.698558772518663,3,2,10,1.0,1.15,1.0,399.0,649.17,SAATHI,MODERATE,ev_two_wheeler,Zepto
0,0,2,1,0,30032.247017509457,4.51643316357383,0,1,15,0.85,1.15,1.0,399.0,741.68,SAATHI,SAFE,two_wheeler,Swiggy
2,2,2,1,0,37713.82909097393,11.549430308343915,0,0,14,1.25,1.15,1.0,999.0,2002.95,SURAKSHA,HIGH,two_wheeler,Zomato
2,2,1,1,0,23441.633060095424,6.3416047883572375,0,1,23,1.25,1.0,1.0,999.0,1678.03,SURAKSHA,HIGH,two_wheeler,Swiggy
2,0,0,1,0,28837.35847298347,8.536651482735012,0,1,8,0.85,0.9,1.0,999.0,1081.05,SURAKSHA,SAFE,two_wheeler,Swiggy
0,0,0,3,0,38258.58355161239,10.523650433884779,3,0,21,0.85,0.9,0.9,399.0,833.56,SAATHI,SAFE,ev_two_wheeler,Zomato
0,0,0,2,0,19640.588962132617,11.354516064091275,0,0,1,0.85,0.9,0.95,399.0,460.38,SAATHI,SAFE,two_wheeler,Zomato
2,1,1,3,0,16067.48294195958,6.580357934285826,0,1,18,1.0,1.0,0.9,999.0,1225.9,SURAKSHA,MODERATE,two_wheeler,Swiggy
1,2,2,2,0,13999.904282120202,5.194767239556622,1,3,12,1.25,1.15,0.95,699.0,1233.92,RAKSHAK,HIGH,three_wheeler,Blinkit
1,1,0,2,0,25936.89255604083,8.998433173798121,0,3,1,1.0,0.9,0.95,699.0,802.52,RAKSHAK,MODERATE,two_wheeler,Blinkit
1,0,0,1,0,15853.05681773492,9.179574508174543,3,1,18,0.85,0.9,1.0,699.0,846.81,RAKSHAK,SAFE,ev_two_wheeler,Swiggy
0,1,2,3,1,27242.3595678867,4.5976172871682195,0,3,7,1.0,1.15,0.9,399.0,729.54,SAATHI,MODERATE,two_wheeler,Blinkit
2,1,0,2,1,32487.17837745099,8.924823504405651,0,1,8,1.0,0.9,0.95,999.0,1278.4,SURAKSHA,MODERATE,two_wheeler,Swiggy
0,0,1,1,0,29214.81867435781,10.209627738138655,0,3,4,0.85,1.0,1.0,399.0,657.63,SAATHI,SAFE,two_wheeler,Blinkit
1,1,1,3,0,16497.36580781719,4.560734225602133,0,1,15,1.0,1.0,0.9,699.0,886.83,RAKSHAK,MODERATE,two_wheeler,Swiggy
1,2,0,3,0,15157.195661799411,7.2976445001475465,2,3,21,1.25,0.9,0.9,699.0,973.56,RAKSHAK,HIGH,bicycle,Blinkit
1,0,2,2,0,38477.41071121673,10.113368213236749,0,1,6,0.85,1.15,0.95,699.0,1070.04,RAKSHAK,SAFE,two_wheeler,Swiggy
1,0,1,1,0,18132.632756943287,9.431783296045651,0,3,19,0.85,1.0,1.0,699.0,985.15,RAKSHAK,SAFE,two_wheeler,Blinkit
0,0,0,2,1,39419.76350245932,9.292341807332413,1,1,7,0.85,0.9,0.95,399.0,825.19,SAATHI,SAFE,three_wheeler,Swiggy
0,1,0,1,0,39175.93978841383,10.594506265143554,0,2,21,1.0,0.9,1.0,399.0,993.89,SAATHI,MODERATE,two_wheeler,Zepto
2,0,0,2,0,39028.83192013125,11.881016554259999,0,2,23,0.85,0.9,0.95,999.0,1394.51,SURAKSHA,SAFE,two_wheeler,Zepto
0,1,0,3,0,37966.264353038976,9.794171685280029,0,0,21,1.0,0.9,0.9,399.0,927.45,SAATHI,MODERATE,two_wheeler,Zomato
1,2,0,1,0,20484.460790710138,5.770646501021739,0,3,5,1.25,0.9,1.0,699.0,962.93,RAKSHAK,HIGH,two_wheeler,Blinkit
1,1,0,1,0,20528.239940416992,11.774226633651043,0,1,19,1.0,0.9,1.0,699.0,1076.13,RAKSHAK,MODERATE,two_wheeler,Swiggy
1,1,0,2,0,33385.97933718726,6.476302878487652,0,1,19,1.0,0.9,0.95,699.0,1036.93,RAKSHAK,MODERATE,two_wheeler,Swiggy
1,1,2,2,0,33140.856521658934,7.248842290580289,0,2,22,1.0,1.15,0.95,699.0,1286.61,RAKSHAK,MODERATE,two_wheeler,Zepto
1,0,0,1,0,32623.529976061356,10.703993779005941,3,2,4,0.85,0.9,1.0,699.0,869.19,RAKSHAK,SAFE,ev_two_wheeler,Zepto
1,1,0,3,1,33326.53925622355,9.530903149694328,0,3,10,1.0,0.9,0.9,699.0,1032.59,RAKSHAK,MODERATE,two_wheeler,Blinkit
1,2,1,1,1,37203.91251911961,8.540961819702627,0,2,15,1.25,1.0,1.0,699.0,1432.31,RAKSHAK,HIGH,two_wheeler,Zepto
1,1,1,1,1,39173.80099743158,5.364605851117153,2,3,18,1.0,1.0,1.0,699.0,1158.49,RAKSHAK,MODERATE,bicycle,Blinkit
0,1,0,2,0,22662.458951132838,7.92906926602934,0,1,10,1.0,0.9,0.95,399.0,696.22,SAATHI,MODERATE,two_wheeler,Swiggy
2,2,0,1,0,32169.882834827684,9.207806370905775,0,1,9,1.25,0.9,1.0,999.0,1498.14,SURAKSHA,HIGH,two_wheeler,Swiggy
0,0,1,1,0,37454.5047476076,6.415579422688873,0,0,12,0.85,1.0,1.0,399.0,745.23,SAATHI,SAFE,two_wheeler,Zomato
2,2,0,2,0,20171.815848947102,7.1554638702255176,1,0,21,1.25,0.9,0.95,999.0,1476.08,SURAKSHA,HIGH,three_wheeler,Zomato
2,0,1,1,0,22061.79188447144,5.351853073212669,1,3,17,0.85,1.0,1.0,999.0,1203.1,SURAKSHA,SAFE,three_wheeler,Blinkit
2,2,2,3,0,29135.675956329596,6.881008975953292,2,2,15,1.25,1.15,0.9,999.0,1647.21,SURAKSHA,HIGH,bicycle,Zepto
0,0,0,1,1,31166.151167797696,6.988035854495551,0,0,19,0.85,0.9,1.0,399.0,790.28,SAATHI,SAFE,two_wheeler,Zomato
1,2,0,1,0,33555.299922438884,5.394304958237275,3,0,24,1.25,0.9,1.0,699.0,1237.68,RAKSHAK,HIGH,ev_two_wheeler,Zomato
1,1,0,1,0,28948.722848736208,9.845164393622506,2,1,2,1.0,0.9,1.0,699.0,786.23,RAKSHAK,MODERATE,bicycle,Swiggy
0,0,2,1,1,30021.267593645876,8.805267634650663,0,2,6,0.85,1.15,1.0,399.0,822.58,SAATHI,SAFE,two_wheeler,Zepto
0,0,0,1,0,22931.83742566791,5.283405547829269,0,0,24,0.85,0.9,1.0,399.0,744.43,SAATHI,SAFE,two_wheeler,Zomato
0,0,0,1,0,18501.470598509623,4.919434732349497,0,2,15,0.85,0.9,1.0,399.0,578.98,SAATHI,SAFE,two_wheeler,Zepto
2,0,0,1,1,24781.767447041093,8.666496112543921,3,3,22,0.85,0.9,1.0,999.0,1267.99,SURAKSHA,SAFE,ev_two_wheeler,Blinkit
1,0,0,1,0,13061.967896044565,9.173456784441111,0,2,7,0.85,0.9,1.0,699.0,726.92,RAKSHAK,SAFE,two_wheeler,Zepto
1,1,0,2,0,16158.115612613772,4.7123548785956455,0,0,21,1.0,0.9,0.95,699.0,909.74,RAKSHAK,MODERATE,two_wheeler,Zomato
1,1,0,2,1,13689.331144435848,5.996871615038487,0,3,10,1.0,0.9,0.95,699.0,851.69,RAKSHAK,MODERATE,two_wheeler,Blinkit
0,1,2,2,1,39959.07747321631,7.478255423333521,0,3,16,1.0,1.15,0.95,399.0,978.01,SAATHI,MODERATE,two_wheeler,Blinkit
0,0,2,1,0,25821.088515701995,8.165608985654522,0,3,15,0.85,1.15,1.0,399.0,773.62,SAATHI,SAFE,two_wheeler,Blinkit
1,0,1,3,1,30883.34897783935,5.530232136846722,0,0,22,0.85,1.0,0.9,699.0,1065.2,RAKSHAK,SAFE,two_wheeler,Zomato
2,0,0,1,0,35246.072722614765,6.015697149049834,1,1,8,0.85,0.9,1.0,999.0,1169.61,SURAKSHA,SAFE,three_wheeler,Swiggy
1,2,1,2,0,15612.961469774586,11.43134608444728,0,0,19,1.25,1.0,0.95,699.0,1278.04,RAKSHAK,HIGH,two_wheeler,Zomato
2,1,0,3,0,37690.115655698406,9.338475315093254,0,1,22,1.0,0.9,0.9,999.0,1402.56,SURAKSHA,MODERATE,two_wheeler,Swiggy
1,0,0,2,0,23591.96226796051,10.487779448153148,0,3,5,0.85,0.9,0.95,699.0,816.99,RAKSHAK,SAFE,two_wheeler,Blinkit
1,2,0,2,0,31656.403746194275,11.547541385098945,3,1,15,1.25,0.9,0.95,699.0,1262.34,RAKSHAK,HIGH,ev_two_wheeler,Swiggy
2,0,0,1,0,14687.149285531641,5.425628844053093,0,1,2,0.85,0.9,1.0,999.0,854.05,SURAKSHA,SAFE,two_wheeler,Swiggy
2,2,0,1,1,19570.09210770743,7.55770313124882,2,0,16,1.25,0.9,1.0,999.0,1438.15,SURAKSHA,HIGH,bicycle,Zomato
1,2,0,1,0,14859.130917436378,10.600149380165755,3,1,10,1.25,0.9,1.0,699.0,1034.86,RAKSHAK,HIGH,ev_two_wheeler,Swiggy
0,1,0,1,0,22805.845023555743,4.603922248175681,0,3,12,1.0,0.9,1.0,399.0,605.34,SAATHI,MODERATE,two_wheeler,Blinkit
1,0,0,3,0,26604.664971266386,8.152799477196387,0,2,3,0.85,0.9,0.9,699.0,736.17,RAKSHAK,SAFE,two_wheeler,Zepto
0,0,0,1,0,14291.510293647847,4.717754553651266,0,2,17,0.85,0.9,1.0,399.0,569.2,SAATHI,SAFE,two_wheeler,Zepto
0,0,0,1,0,19019.768161873355,7.5627787201872065,0,2,1,0.85,0.9,1.0,399.0,397.4,SAATHI,SAFE,two_wheeler,Zepto
1,2,1,3,0,31456.71859801459,4.620802455919576,2,1,21,1.25,1.0,0.9,699.0,1124.98,RAKSHAK,HIGH,bicycle,Swiggy
2,1,0,1,0,16440.488474313417,10.51862129079583,0,3,3,1.0,0.9,1.0,999.0,1120.99,SURAKSHA,MODERATE,two_wheeler,Blinkit
2,1,2,1,0,34770.418612851936,7.200422915528252,2,1,15,1.0,1.15,1.0,999.0,1470.47,SURAKSHA,MODERATE,bicycle,Swiggy
1,0,2,3,0,24766.874343861364,10.465289220548824,0,2,21,0.85,1.15,0.9,699.0,1131.59,RAKSHAK,SAFE,two_wheeler,Zepto
1,0,0,1,0,14344.972174937793,6.577715637048729,2,1,5,0.85,0.9,1.0,699.0,575.85,RAKSHAK,SAFE,bicycle,Swiggy
1,2,0,2,1,33914.43092426311,5.192376454047772,2,1,6,1.25,0.9,0.95,699.0,1007.99,RAKSHAK,HIGH,bicycle,Swiggy
0,1,0,3,0,21472.856047131467,4.059103474699549,0,3,18,1.0,0.9,0.9,399.0,601.0,SAATHI,MODERATE,two_wheeler,Blinkit
1,1,0,1,0,39775.18247742635,6.6095769504531905,1,3,7,1.0,0.9,1.0,699.0,1074.05,RAKSHAK,MODERATE,three_wheeler,Blinkit
2,1,0,1,1,17455.878934095465,6.3387370222708865,0,3,23,1.0,0.9,1.0,999.0,1325.41,SURAKSHA,MODERATE,two_wheeler,Blinkit
0,0,1,1,0,26203.424468523397,6.439560251450909,0,1,0,0.85,1.0,1.0,399.0,527.06,SAATHI,SAFE,two_wheeler,Swiggy
1,1,0,1,0,15275.354974303416,10.888683852098277,0,1,6,1.0,0.9,1.0,699.0,895.24,RAKSHAK,MODERATE,two_wheeler,Swiggy
2,0,0,2,0,24063.20644661929,9.159981156316121,0,2,2,0.85,0.9,0.95,999.0,977.41,SURAKSHA,SAFE,two_wheeler,Zepto
1,0,0,1,0,30108.60334467767,10.67998376453836,3,2,18,0.85,0.9,1.0,699.0,993.25,RAKSHAK,SAFE,ev_two_wheeler,Zepto
1,1,0,1,0,26203.185067132574,9.072958574921465,0,2,17,1.0,0.9,1.0,699.0,1060.93,RAKSHAK,MODERATE,two_wheeler,Zepto
0,1,0,3,0,24713.712088861168,7.216987929898295,0,2,2,1.0,0.9,0.9,399.0,550.04,SAATHI,MODERATE,two_wheeler,Zepto
1,1,0,1,0,35568.7504772064,5.46991491409405,0,0,13,1.0,0.9,1.0,699.0,1061.18,RAKSHAK,MODERATE,two_wheeler,Zomato
2,0,2,1,0,21929.901695847366,11.156302890049027,0,0,4,0.85,1.15,1.0,999.0,1242.68,SURAKSHA,SAFE,two_wheeler,Zomato
0,1,0,2,0,18513.275845362317,6.6027986471009275,0,3,7,1.0,0.9,0.95,399.0,526.93,SAATHI,MODERATE,two_wheeler,Blinkit
1,2,0,2,0,12051.425927246917,10.700611449489243,0,2,19,1.25,0.9,0.95,699.0,1109.01,RAKSHAK,HIGH,two_wheeler,Zepto
0,2,0,1,0,30881.92564741403,11.04491970949304,0,0,9,1.25,0.9,1.0,399.0,818.86,SAATHI,HIGH,two_wheeler,Zomato
1,1,1,1,0,22328.44334766434,5.827055746991427,3,1,0,1.0,1.0,1.0,699.0,813.22,RAKSHAK,MODERATE,ev_two_wheeler,Swiggy
1,2,0,1,1,39028.474583523974,8.391639136039018,0,0,22,1.25,0.9,1.0,699.0,1438.6,RAKSHAK,HIGH,two_wheeler,Zomato
0,1,0,3,0,16675.31317665249,7.904330075202938,2,0,16,1.0,0.9,0.9,399.0,482.6,SAATHI,MODERATE,bicycle,Zomato
1,0,0,2,0,26368.451532959873,10.570711189824442,0,1,19,0.85,0.9,0.95,699.0,1044.14,RAKSHAK,SAFE,two_wheeler,Swiggy
1,1,2,1,1,12284.724283751288,10.57936702758294,0,2,23,1.0,1.15,1.0,699.0,1314.55,RAKSHAK,MODERATE,two_wheeler,Zepto
0,1,2,2,0,39191.8652680881,6.456695448196386,3,3,24,1.0,1.15,0.95,399.0,1017.89,SAATHI,MODERATE,ev_two_wheeler,Blinkit
2,0,0,3,0,33098.50421248572,5.923083484570237,1,0,22,0.85,0.9,0.9,999.0,1224.67,SURAKSHA,SAFE,three_wheeler,Zomato
1,0,2,3,0,30608.068045163684,10.273851814420105,2,0,18,0.85,1.15,0.9,699.0,1048.02,RAKSHAK,SAFE,bicycle,Zomato
1,0,0,2,1,15145.177303733804,11.331505146315397,0,0,2,0.85,0.9,0.95,699.0,806.56,RAKSHAK,SAFE,two_wheeler,Zomato
0,2,0,2,1,25484.75388625332,4.408397695905236,3,1,23,1.25,0.9,0.95,399.0,881.88,SAATHI,HIGH,ev_two_wheeler,Swiggy
1,1,1,3,0,16932.29982145503,7.012715403844296,0,1,23,1.0,1.0,0.9,699.0,970.8,RAKSHAK,MODERATE,two_wheeler,Swiggy
1,0,0,1,0,32509.64820535118,5.772419306438513,0,3,2,0.85,0.9,1.0,699.0,751.9,RAKSHAK,SAFE,two_wheeler,Blinkit
1,1,0,1,1,20906.751724511654,4.354913940426082,3,0,12,1.0,0.9,1.0,699.0,936.94,RAKSHAK,MODERATE,ev_two_wheeler,Zomato
1,0,0,2,0,15354.63575411896,5.282142167477524,0,3,11,0.85,0.9,0.95,699.0,698.15,RAKSHAK,SAFE,two_wheeler,Blinkit
1,0,0,2,0,31800.53421587166,10.683790948618377,0,1,0,0.85,0.9,0.95,699.0,775.42,RAKSHAK,SAFE,two_wheeler,Swiggy
1,0,0,1,0,27575.400255707696,8.098171889080291,0,3,0,0.85,0.9,1.0,699.0,759.87,RAKSHAK,SAFE,two_wheeler,Blinkit
1,2,0,1,0,15329.502572947105,11.52379142048741,0,3,2,1.25,0.9,1.0,699.0,944.91,RAKSHAK,HIGH,two_wheeler,Blinkit
0,1,1,1,0,13913.813993938993,9.871786153357254,0,3,20,1.0,1.0,1.0,399.0,772.64,SAATHI,MODERATE,two_wheeler,Blinkit
2,1,0,3,0,15655.437202072884,7.126583772258476,0,1,15,1.0,0.9,0.9,999.0,1141.16,SURAKSHA,MODERATE,two_wheeler,Swiggy
2,1,0,1,0,36593.34998329138,6.442716843829812,0,2,4,1.0,0.9,1.0,999.0,1204.83,SURAKSHA,MODERATE,two_wheeler,Zepto
0,2,0,1,0,19765.30691753748,5.331574112799371,0,3,3,1.25,0.9,1.0,399.0,586.85,SAATHI,HIGH,two_wheeler,Blinkit
2,0,0,2,0,32787.66184955013,4.0109229187116195,0,2,18,0.85,0.9,0.95,999.0,1126.85,SURAKSHA,SAFE,two_wheeler,Zepto
1,1,2,1,0,30011.623541284476,5.064866221653207,0,1,8,1.0,1.15,1.0,699.0,1081.1,RAKSHAK,MODERATE,two_wheeler,Swiggy
1,0,1,2,0,39381.29448547015,6.227517706165565,0,0,2,0.85,1.0,0.95,699.0,823.08,RAKSHAK,SAFE,two_wheeler,Zomato
0,1,0,3,0,12103.734297016246,5.789172678588737,0,1,14,1.0,0.9,0.9,399.0,549.55,SAATHI,MODERATE,two_wheeler,Swiggy
0,0,1,2,0,18442.767907161044,6.986315513649533,3,2,24,0.85,1.0,0.95,399.0,722.62,SAATHI,SAFE,ev_two_wheeler,Zepto
1,0,0,2,1,33432.41095657158,11.553583781047099,0,2,1,0.85,0.9,0.95,699.0,925.39,RAKSHAK,SAFE,two_wheeler,Zepto
1,1,0,3,0,17573.915496023525,11.554743022265928,0,1,20,1.0,0.9,0.9,699.0,1019.37,RAKSHAK,MODERATE,two_wheeler,Swiggy
1,2,1,3,0,20302.223728177123,6.749657736841308,0,1,0,1.25,1.0,0.9,699.0,899.51,RAKSHAK,HIGH,two_wheeler,Swiggy
1,0,0,1,0,38086.17510738758,10.77761743981588,1,1,15,0.85,0.9,1.0,699.0,1121.63,RAKSHAK,SAFE,three_wheeler,Swiggy
1,0,0,1,1,28955.822966718886,7.408900141562247,3,1,20,0.85,0.9,1.0,699.0,1006.95,RAKSHAK,SAFE,ev_two_wheeler,Swiggy
2,2,1,1,1,39163.929209158974,8.893146198050434,1,3,11,1.25,1.0,1.0,999.0,1842.6,SURAKSHA,HIGH,three_wheeler,Blinkit
1,2,1,2,0,38072.96316547055,6.076140556642032,0,0,5,1.25,1.0,0.95,699.0,1130.4,RAKSHAK,HIGH,two_wheeler,Zomato
0,0,0,3,0,39570.140123566875,9.279440432583243,0,0,9,0.85,0.9,0.9,399.0,776.21,SAATHI,SAFE,two_wheeler,Zomato
0,2,2,1,0,30554.148912829773,10.115614449837352,0,0,15,1.25,1.15,1.0,399.0,1040.32,SAATHI,HIGH,two_wheeler,Zomato
1,1,2,1,1,16095.015725658035,10.729395476543177,0,3,10,1.0,1.15,1.0,699.0,1197.47,RAKSHAK,MODERATE,two_wheeler,Blinkit
1,0,1,3,0,35374.16306446318,10.251070141076298,3,0,12,0.85,1.0,0.9,699.0,980.41,RAKSHAK,SAFE,ev_two_wheeler,Zomato
0,1,0,3,0,20198.225163722436,5.913727884071292,0,2,14,1.0,0.9,0.9,399.0,561.41,SAATHI,MODERATE,two_wheeler,Zepto
2,0,0,1,0,19644.557800214166,4.325950702713586,3,0,6,0.85,0.9,1.0,999.0,876.23,SURAKSHA,SAFE,ev_two_wheeler,Zomato
0,0,0,2,0,29662.324956253447,11.915636109800921,0,1,23,0.85,0.9,0.95,399.0,890.88,SAATHI,SAFE,two_wheeler,Swiggy
1,0,2,1,0,33305.025619107015,5.2359560026705205,0,0,17,0.85,1.15,1.0,699.0,1099.47,RAKSHAK,SAFE,two_wheeler,Zomato
0,1,0,2,0,14899.12453383665,5.404982131348449,1,0,15,1.0,0.9,0.95,399.0,625.08,SAATHI,MODERATE,three_wheeler,Zomato
0,0,0,3,0,37137.286261275076,4.732803992791594,2,0,14,0.85,0.9,0.9,399.0,559.77,SAATHI,SAFE,bicycle,Zomato
2,1,0,1,0,12730.915543879557,4.434050923852611,0,3,10,1.0,0.9,1.0,999.0,1036.28,SURAKSHA,MODERATE,two_wheeler,Blinkit
1,0,2,1,0,28066.7789401268,8.067589491030382,3,2,8,0.85,1.15,1.0,699.0,990.9,RAKSHAK,SAFE,ev_two_wheeler,Zepto
0,1,1,1,0,14500.151443021792,7.565014153228349,0,2,13,1.0,1.0,1.0,399.0,656.95,SAATHI,MODERATE,two_wheeler,Zepto
2,0,0,3,1,37345.74369089176,6.880713104114656,1,1,24,0.85,0.9,0.9,999.0,1344.27,SURAKSHA,SAFE,three_wheeler,Swiggy
2,2,0,3,0,24512.23607868005,10.923376992864608,3,2,1,1.25,0.9,0.9,999.0,1259.32,SURAKSHA,HIGH,ev_two_wheeler,Zepto
2,1,0,1,1,20711.471294170864,11.072612248036323,0,0,14,1.0,0.9,1.0,999.0,1385.06,SURAKSHA,MODERATE,two_wheeler,Zomato
0,1,0,3,0,37236.51161486345,8.127560225810285,0,0,14,1.0,0.9,0.9,399.0,790.06,SAATHI,MODERATE,two_wheeler,Zomato
1,1,1,3,0,18534.090362256986,6.668573291533196,0,2,15,1.0,1.0,0.9,699.0,919.51,RAKSHAK,MODERATE,two_wheeler,Zepto
0,1,0,3,0,18608.13118886752,8.925677432691216,0,3,14,1.0,0.9,0.9,399.0,682.59,SAATHI,MODERATE,two_wheeler,Blinkit
1,0,2,3,0,28950.111163652866,6.13499185796716,0,1,3,0.85,1.15,0.9,699.0,816.7,RAKSHAK,SAFE,two_wheeler,Swiggy
1,2,2,2,0,34423.954106186924,10.975168768294523,1,2,21,1.25,1.15,0.95,699.0,1616.74,RAKSHAK,HIGH,three_wheeler,Zepto
0,1,0,3,1,36355.91052444298,6.606428938987415,0,2,1,1.0,0.9,0.9,399.0,697.22,SAATHI,MODERATE,two_wheeler,Zepto
2,0,0,3,1,13239.373860123724,6.128702106834134,2,1,24,0.85,0.9,0.9,999.0,1011.72,SURAKSHA,SAFE,bicycle,Swiggy
1,1,0,1,1,14118.160725282327,7.3040163209700575,0,2,24,1.0,0.9,1.0,699.0,1110.74,RAKSHAK,MODERATE,two_wheeler,Zepto
1,0,1,3,1,29855.708009380236,9.628862624560682,0,2,16,0.85,1.0,0.9,699.0,1083.83,RAKSHAK,SAFE,two_wheeler,Zepto
1,0,0,1,0,37534.40347676372,6.915395819957518,0,0,10,0.85,0.9,1.0,699.0,963.62,RAKSHAK,SAFE,two_wheeler,Zomato
1,2,0,1,0,30412.135042266087,7.86898147102268,0,1,1,1.25,0.9,1.0,699.0,1021.35,RAKSHAK,HIGH,two_wheeler,Swiggy
0,1,0,2,1,32065.09049586242,9.828792252811255,1,2,11,1.0,0.9,0.95,399.0,909.56,SAATHI,MODERATE,three_wheeler,Zepto
1,1,0,2,1,23130.466958240813,8.330184373778547,0,3,9,1.0,0.9,0.95,699.0,964.88,RAKSHAK,MODERATE,two_wheeler,Blinkit
1,1,0,2,1,28181.609075861044,7.28124645737278,3,1,22,1.0,0.9,0.95,699.0,1081.05,RAKSHAK,MODERATE,ev_two_wheeler,Swiggy
2,2,0,1,0,19214.959077685162,8.045952406019445,3,0,19,1.25,0.9,1.0,999.0,1487.25,SURAKSHA,HIGH,ev_two_wheeler,Zomato
2,0,0,1,0,31683.80915824681,8.052223620318088,0,0,22,0.85,0.9,1.0,999.0,1292.29,SURAKSHA,SAFE,two_wheeler,Zomato
1,1,0,2,0,39195.220993496274,4.334092865016279,3,0,14,1.0,0.9,0.95,699.0,1023.57,RAKSHAK,MODERATE,ev_two_wheeler,Zomato
1,1,1,2,1,26371.82130306517,7.206224247104061,0,3,15,1.0,1.0,0.95,699.0,1109.72,RAKSHAK,MODERATE,two_wheeler,Blinkit
1,1,0,1,0,19798.40620137297,10.705831505678415,0,2,21,1.0,0.9,1.0,699.0,1183.66,RAKSHAK,MODERATE,two_wheeler,Zepto
1,1,2,2,0,37537.11262841044,10.320348935266875,0,1,20,1.0,1.15,0.95,699.0,1346.0,RAKSHAK,MODERATE,two_wheeler,Swiggy
2,0,0,2,1,15484.327940719106,8.724077498061774,0,2,3,0.85,0.9,0.95,999.0,974.78,SURAKSHA,SAFE,two_wheeler,Zepto
0,1,1,1,0,12219.384847160085,6.446463113596789,0,1,9,1.0,1.0,1.0,399.0,584.61,SAATHI,MODERATE,two_wheeler,Swiggy
2,2,0,1,0,13009.428387462083,7.828469843593049,0,1,14,1.25,0.9,1.0,999.0,1387.62,SURAKSHA,HIGH,two_wheeler,Swiggy
0,2,0,1,0,12014.674913973462,6.592748347943274,0,0,9,1.25,0.9,1.0,399.0,595.01,SAATHI,HIGH,two_wheeler,Zomato
1,0,0,2,0,18637.71144089748,4.203730792352503,2,3,7,0.85,0.9,0.95,699.0,582.78,RAKSHAK,SAFE,bicycle,Blinkit
1,0,0,1,0,27623.97393231815,7.693807323290806,3,0,16,0.85,0.9,1.0,699.0,890.45,RAKSHAK,SAFE,ev_two_wheeler,Zomato
2,1,0,1,0,38127.81602930282,5.196502210660827,0,0,15,1.0,0.9,1.0,999.0,1331.38,SURAKSHA,MODERATE,two_wheeler,Zomato
1,1,0,1,0,38373.067618183355,4.128815826629495,1,2,11,1.0,0.9,1.0,699.0,1015.58,RAKSHAK,MODERATE,three_wheeler,Zepto
1,0,2,1,0,29295.931066006306,10.210246646908525,3,1,22,0.85,1.15,1.0,699.0,1195.49,RAKSHAK,SAFE,ev_two_wheeler,Swiggy
0,1,0,1,0,19693.55146583869,11.84445632077876,0,1,14,1.0,0.9,1.0,399.0,776.72,SAATHI,MODERATE,two_wheeler,Swiggy
0,2,0,2,0,15412.165070664896,9.426599700278814,3,3,3,1.25,0.9,0.95,399.0,581.61,SAATHI,HIGH,ev_two_wheeler,Blinkit
1,0,1,3,0,33701.18464675646,5.060653655228599,0,1,22,0.85,1.0,0.9,699.0,1041.25,RAKSHAK,SAFE,two_wheeler,Swiggy
2,2,2,1,0,30610.373574490284,7.619051836329142,0,0,23,1.25,1.15,1.0,999.0,1919.06,SURAKSHA,HIGH,two_wheeler,Zomato
0,1,1,2,0,35596.77846742104,11.990060384355345,0,2,6,1.0,1.0,0.95,399.0,828.14,SAATHI,MODERATE,two_wheeler,Zepto
0,2,2,1,0,33505.39227953778,11.356050993407083,0,3,18,1.25,1.15,1.0,399.0,1119.62,SAATHI,HIGH,two_wheeler,Blinkit
1,0,1,3,1,37231.34691972805,4.421526604428372,0,0,15,0.85,1.0,0.9,699.0,1004.25,RAKSHAK,SAFE,two_wheeler,Zomato
2,0,0,1,0,33308.93421225526,4.380677325102713,0,0,18,0.85,0.9,1.0,999.0,1191.94,SURAKSHA,SAFE,two_wheeler,Zomato
1,2,0,1,0,36001.953530178085,8.507966861168942,0,1,3,1.25,0.9,1.0,699.0,1066.45,RAKSHAK,HIGH,two_wheeler,Swiggy
0,1,0,1,0,27727.946816337462,7.9778296058278535,0,1,5,1.0,0.9,1.0,399.0,628.12,SAATHI,MODERATE,two_wheeler,Swiggy
1,1,1,1,1,19970.852162129944,9.251922179544017,0,0,17,1.0,1.0,1.0,699.0,1155.56,RAKSHAK,MODERATE,two_wheeler,Zomato
2,0,0,3,0,21457.105493767012,4.583964793817036,1,1,0,0.85,0.9,0.9,999.0,806.78,SURAKSHA,SAFE,three_wheeler,Swiggy
1,2,0,3,0,15418.934193650559,9.866755599328876,0,1,10,1.25,0.9,0.9,699.0,980.38,RAKSHAK,HIGH,two_wheeler,Swiggy
1,0,0,1,0,19481.190895281365,10.94999853232407,2,1,16,0.85,0.9,1.0,699.0,860.8,RAKSHAK,SAFE,bicycle,Swiggy
1,0,0,2,0,13880.812150219579,9.916945330295796,2,1,2,0.85,0.9,0.95,699.0,565.84,RAKSHAK,SAFE,bicycle,Swiggy
1,0,1,3,0,27585.459874756503,9.592629035711992,0,0,5,0.85,1.0,0.9,699.0,878.4,RAKSHAK,SAFE,two_wheeler,Zomato
0,1,0,3,1,33022.061899888315,9.5775641154978,1,3,11,1.0,0.9,0.9,399.0,820.8,SAATHI,MODERATE,three_wheeler,Blinkit
1,1,1,3,1,33107.242197657375,8.51783200405905,3,2,20,1.0,1.0,0.9,699.0,1199.37,RAKSHAK,MODERATE,ev_two_wheeler,Zepto
1,1,0,2,0,39308.11356604166,6.93267628380558,0,1,7,1.0,0.9,0.95,699.0,965.03,RAKSHAK,MODERATE,two_wheeler,Swiggy
0,0,1,2,0,13831.4112835455,10.19994033151167,0,3,16,0.85,1.0,0.95,399.0,688.77,SAATHI,SAFE,two_wheeler,Blinkit
0,1,0,3,0,26285.77756539586,8.82634422350759,0,2,0,1.0,0.9,0.9,399.0,551.19,SAATHI,MODERATE,two_wheeler,Zepto
0,0,0,3,0,38697.421085512666,9.19802964077396,3,3,1,0.85,0.9,0.9,399.0,575.73,SAATHI,SAFE,ev_two_wheeler,Blinkit
1,1,0,2,0,14457.258174540697,7.055739463824037,2,2,22,1.0,0.9,0.95,699.0,866.11,RAKSHAK,MODERATE,bicycle,Zepto
0,2,0,1,0,18929.591614598172,7.355373416126828,2,2,18,1.25,0.9,1.0,399.0,740.08,SAATHI,HIGH,bicycle,Zepto
1,0,0,1,0,16191.393149516049,8.38775241906805,0,3,9,0.85,0.9,1.0,699.0,756.88,RAKSHAK,SAFE,two_wheeler,Blinkit
1,2,2,1,1,32614.09603520446,11.946787685083208,3,2,18,1.25,1.15,1.0,699.0,1592.59,RAKSHAK,HIGH,ev_two_wheeler,Zepto
1,2,0,1,0,26017.043144162773,11.631379818894448,0,1,3,1.25,0.9,1.0,699.0,1075.19,RAKSHAK,HIGH,two_wheeler,Swiggy
1,1,1,3,0,27418.453298451917,9.653814089992313,0,2,23,1.0,1.0,0.9,699.0,1144.94,RAKSHAK,MODERATE,two_wheeler,Zepto
2,0,1,1,1,12826.136057576461,5.52277623434756,0,1,17,0.85,1.0,1.0,999.0,1236.22,SURAKSHA,SAFE,two_wheeler,Swiggy
0,0,0,3,1,23198.791068499988,11.955694781954023,0,2,22,0.85,0.9,0.9,399.0,857.5,SAATHI,SAFE,two_wheeler,Zepto
1,2,1,3,0,27253.50769811376,4.085339285562168,0,2,12,1.25,1.0,0.9,699.0,1055.99,RAKSHAK,HIGH,two_wheeler,Zepto
1,0,0,1,0,29072.06487457243,4.556570113402318,3,1,6,0.85,0.9,1.0,699.0,756.77,RAKSHAK,SAFE,ev_two_wheeler,Swiggy
1,0,0,1,0,34462.27009620003,4.32920992225114,0,1,8,0.85,0.9,1.0,699.0,854.13,RAKSHAK,SAFE,two_wheeler,Swiggy
1,0,2,1,0,35822.40338673498,5.829284040667459,0,2,5,0.85,1.15,1.0,699.0,947.15,RAKSHAK,SAFE,two_wheeler,Zepto
2,0,0,3,0,30114.382081338994,7.38529146083624,0,3,6,0.85,0.9,0.9,999.0,958.91,SURAKSHA,SAFE,two_wheeler,Blinkit
0,2,0,1,0,18760.092057529313,6.958073361297976,1,1,9,1.25,0.9,1.0,399.0,741.97,SAATHI,HIGH,three_wheeler,Swiggy
1,1,2,1,1,20680.51435282565,9.87519523359286,0,3,18,1.0,1.15,1.0,699.0,1314.31,RAKSHAK,MODERATE,two_wheeler,Blinkit
0,2,1,3,0,32473.262560888015,5.104905433075929,0,3,23,1.25,1.0,0.9,399.0,905.18,SAATHI,HIGH,two_wheeler,Blinkit
0,0,2,2,1,25174.999621523493,10.307889955699482,0,1,7,0.85,1.15,0.95,399.0,826.4,SAATHI,SAFE,two_wheeler,Swiggy
1,1,2,2,0,17795.586252015903,5.439970780526952,0,3,21,1.0,1.15,0.95,699.0,1120.77,RAKSHAK,MODERATE,two_wheeler,Blinkit
0,1,2,2,0,25362.5788193517,10.163099941076247,0,3,18,1.0,1.15,0.95,399.0,903.52,SAATHI,MODERATE,two_wheeler,Blinkit
1,0,0,2,0,15873.637917884162,6.284746107691424,0,2,2,0.85,0.9,0.95,699.0,635.24,RAKSHAK,SAFE,two_wheeler,Zepto
1,1,0,1,0,37600.139848290455,5.604114806150008,2,0,10,1.0,0.9,1.0,699.0,925.28,RAKSHAK,MODERATE,bicycle,Zomato
1,1,1,2,0,24466.260609111403,8.623937651919102,0,3,0,1.0,1.0,0.95,699.0,831.93,RAKSHAK,MODERATE,two_wheeler,Blinkit
0,0,1,1,0,30549.97931535367,10.713165003687287,0,3,8,0.85,1.0,1.0,399.0,755.24,SAATHI,SAFE,two_wheeler,Blinkit
1,2,0,3,0,16086.272195128782,11.078717979997345,3,0,3,1.25,0.9,0.9,699.0,883.45,RAKSHAK,HIGH,ev_two_wheeler,Zomato
2,1,2,2,0,26547.040929587703,9.092932710780502,0,3,14,1.0,1.15,0.95,999.0,1508.51,SURAKSHA,MODERATE,two_wheeler,Blinkit
0,1,0,1,0,34105.408816147596,8.435446594618377,0,0,20,1.0,0.9,1.0,399.0,918.46,SAATHI,MODERATE,two_wheeler,Zomato
0,0,0,1,0,17174.909017531252,6.21040527033261,1,0,6,0.85,0.9,1.0,399.0,559.01,SAATHI,SAFE,three_wheeler,Zomato
1,1,1,2,1,32501.618425166387,6.647029067940272,0,3,10,1.0,1.0,0.95,699.0,1091.88,RAKSHAK,MODERATE,two_wheeler,Blinkit
0,1,2,1,1,29714.847032213216,7.75961174888821,1,0,22,1.0,1.15,1.0,399.0,1090.04,SAATHI,MODERATE,three_wheeler,Zomato
1,1,0,1,0,22842.2352196274,9.190279227937596,0,3,11,1.0,0.9,1.0,699.0,981.89,RAKSHAK,MODERATE,two_wheeler,Blinkit
1,0,0,1,0,37130.981460778574,9.950728804652044,1,2,4,0.85,0.9,1.0,699.0,989.48,RAKSHAK,SAFE,three_wheeler,Zepto
2,2,0,1,1,24048.62520948043,11.30373921726329,3,3,7,1.25,0.9,1.0,999.0,1503.77,SURAKSHA,HIGH,ev_two_wheeler,Blinkit
0,1,0,1,1,31395.77509703157,8.987055267752996,0,2,24,1.0,0.9,1.0,399.0,1006.54,SAATHI,MODERATE,two_wheeler,Zepto
0,1,0,1,0,18609.86823624602,11.293639990159054,0,2,24,1.0,0.9,1.0,399.0,863.33,SAATHI,MODERATE,two_wheeler,Zepto
1,0,0,3,0,32779.1180411887,4.319397656345284,0,1,23,0.85,0.9,0.9,699.0,905.8,RAKSHAK,SAFE,two_wheeler,Swiggy
0,1,0,1,0,17756.39511880389,11.309259021394862,0,3,12,1.0,0.9,1.0,399.0,735.54,SAATHI,MODERATE,two_wheeler,Blinkit
2,0,0,2,0,12723.220950039076,11.658377360660047,0,2,6,0.85,0.9,0.95,999.0,976.71,SURAKSHA,SAFE,two_wheeler,Zepto
1,1,2,2,0,35533.39094409022,6.172418661521733,0,1,7,1.0,1.15,0.95,699.0,1077.52,RAKSHAK,MODERATE,two_wheeler,Swiggy
0,0,0,1,0,29563.42462328653,7.851981097237423,0,0,17,0.85,0.9,1.0,399.0,754.57,SAATHI,SAFE,two_wheeler,Zomato
1,1,0,3,1,22846.058943570628,11.716467816353827,3,2,11,1.0,0.9,0.9,699.0,985.09,RAKSHAK,MODERATE,ev_two_wheeler,Zepto
0,0,0,1,1,28661.499067611912,10.48127306023512,0,0,24,0.85,0.9,1.0,399.0,944.61,SAATHI,SAFE,two_wheeler,Zomato
1,0,1,2,0,13737.664617576987,6.440539822343461,2,2,24,0.85,1.0,0.95,699.0,828.79,RAKSHAK,SAFE,bicycle,Zepto
1,1,0,2,0,36674.73060844981,9.214600853532826,0,0,16,1.0,0.9,0.95,699.0,1122.17,RAKSHAK,MODERATE,two_wheeler,Zomato
2,2,0,2,0,27866.621153642336,6.545204953844931,0,0,20,1.25,0.9,0.95,999.0,1496.04,SURAKSHA,HIGH,two_wheeler,Zomato
2,1,0,1,0,16898.78516474162,10.329905800798178,1,2,23,1.0,0.9,1.0,999.0,1386.08,SURAKSHA,MODERATE,three_wheeler,Zepto
0,0,0,1,0,33291.87697403186,11.643551349772324,0,2,4,0.85,0.9,1.0,399.0,679.04,SAATHI,SAFE,two_wheeler,Zepto
1,1,0,2,0,13348.169900719171,6.523362487926264,0,2,10,1.0,0.9,0.95,699.0,804.76,RAKSHAK,MODERATE,two_wheeler,Zepto
1,1,2,3,0,32424.51539643278,6.18359048141229,1,0,5,1.0,1.15,0.9,699.0,1048.72,RAKSHAK,MODERATE,three_wheeler,Zomato
1,0,2,1,0,19586.969398276087,10.24461048775141,0,1,0,0.85,1.15,1.0,699.0,916.99,RAKSHAK,SAFE,two_wheeler,Swiggy
2,1,0,3,0,14588.643050011953,7.176660862669353,0,0,10,1.0,0.9,0.9,999.0,1022.92,SURAKSHA,MODERATE,two_wheeler,Zomato
1,0,0,1,0,20202.68139986896,11.4721870487178,0,1,19,0.85,0.9,1.0,699.0,999.83,RAKSHAK,SAFE,two_wheeler,Swiggy
0,2,0,1,0,15566.196247512204,11.904955985949321,1,0,12,1.25,0.9,1.0,399.0,836.24,SAATHI,HIGH,three_wheeler,Zomato
0,1,0,1,0,28899.475469206598,10.781620840301596,1,1,22,1.0,0.9,1.0,399.0,942.75,SAATHI,MODERATE,three_wheeler,Swiggy
1,0,2,2,0,32961.338132218894,4.6518127886048335,2,0,14,0.85,1.15,0.95,699.0,903.9,RAKSHAK,SAFE,bicycle,Zomato
2,0,2,2,0,18594.588678597,9.114470215049312,0,1,21,0.85,1.15,0.95,999.0,1357.58,SURAKSHA,SAFE,two_wheeler,Swiggy
0,1,0,3,0,39615.13300609687,6.437580908585479,1,3,1,1.0,0.9,0.9,399.0,665.86,SAATHI,MODERATE,three_wheeler,Blinkit
0,0,0,3,1,32334.38086910246,11.619587665946739,2,1,2,0.85,0.9,0.9,399.0,634.3,SAATHI,SAFE,bicycle,Swiggy
1,1,0,3,1,18500.84358863262,8.155121887552554,0,0,5,1.0,0.9,0.9,699.0,832.62,RAKSHAK,MODERATE,two_wheeler,Zomato
0,1,0,1,0,36274.28782220093,6.594377793423114,0,0,15,1.0,0.9,1.0,399.0,768.3,SAATHI,MODERATE,two_wheeler,Zomato
0,0,0,1,0,35386.255986928096,4.8068061404978275,2,0,14,0.85,0.9,1.0,399.0,567.43,SAATHI,SAFE,bicycle,Zomato
1,0,0,2,0,37039.73705868059,4.339938583352426,0,3,9,0.85,0.9,0.95,699.0,831.32,RAKSHAK,SAFE,two_wheeler,Blinkit
1,0,0,1,1,35960.56331703973,4.510844594128414,3,0,15,0.85,0.9,1.0,699.0,989.69,RAKSHAK,SAFE,ev_two_wheeler,Zomato
0,0,0,1,0,30903.30611740064,6.6964512162916,0,0,11,0.85,0.9,1.0,399.0,685.56,SAATHI,SAFE,two_wheeler,Zomato
0,1,0,1,0,39033.30334288894,10.390569018693068,0,2,1,1.0,0.9,1.0,399.0,718.59,SAATHI,MODERATE,two_wheeler,Zepto
0,0,1,1,0,23370.22626039691,10.396285133232771,0,3,24,0.85,1.0,1.0,399.0,843.29,SAATHI,SAFE,two_wheeler,Blinkit
1,0,2,3,0,37403.38235486395,5.68936405483597,0,2,18,0.85,1.15,0.9,699.0,1108.32,RAKSHAK,SAFE,two_wheeler,Zepto
2,0,1,2,0,13370.199559761935,10.7197053887602,0,1,17,0.85,1.0,0.95,999.0,1178.01,SURAKSHA,SAFE,two_wheeler,Swiggy
1,1,1,1,0,21824.987184641257,4.278580585712439,0,1,20,1.0,1.0,1.0,699.0,1053.69,RAKSHAK,MODERATE,two_wheeler,Swiggy
2,1,0,1,0,25688.789679726702,8.070693277733081,0,0,1,1.0,0.9,1.0,999.0,1109.43,SURAKSHA,MODERATE,two_wheeler,Zomato
2,1,1,1,0,23013.157358903853,6.632880009749091,0,0,7,1.0,1.0,1.0,999.0,1252.5,SURAKSHA,MODERATE,two_wheeler,Zomato
2,1,0,3,0,17317.64388320651,11.796980316815358,0,2,0,1.0,0.9,0.9,999.0,1009.82,SURAKSHA,MODERATE,two_wheeler,Zepto
1,0,1,1,0,29923.77785917139,5.459636381806471,0,0,20,0.85,1.0,1.0,699.0,960.56,RAKSHAK,SAFE,two_wheeler,Zomato
1,1,1,1,0,39945.86568575454,8.25229216226086,2,0,7,1.0,1.0,1.0,699.0,1047.6,RAKSHAK,MODERATE,bicycle,Zomato
1,1,0,1,0,27779.941506009964,5.21175842442394,0,1,20,1.0,0.9,1.0,699.0,1065.9,RAKSHAK,MODERATE,two_wheeler,Swiggy
1,2,0,2,1,30458.60317228181,5.610645828926036,0,2,3,1.25,0.9,0.95,699.0,1072.2,RAKSHAK,HIGH,two_wheeler,Zepto
0,0,0,1,0,24688.429824942745,7.838355268139737,0,1,24,0.85,0.9,1.0,399.0,766.97,SAATHI,SAFE,two_wheeler,Swiggy
0,1,1,1,1,29228.414586332405,5.230141999370914,0,1,9,1.0,1.0,1.0,399.0,757.46,SAATHI,MODERATE,two_wheeler,Swiggy
2,1,1,1,0,30192.96356559075,5.907263668095509,0,1,14,1.0,1.0,1.0,999.0,1361.88,SURAKSHA,MODERATE,two_wheeler,Swiggy
2,2,1,2,0,19806.777860368824,10.380510293038,2,2,5,1.25,1.0,0.95,999.0,1342.45,SURAKSHA,HIGH,bicycle,Zepto
1,2,0,1,1,33700.57607943124,8.279944538294693,0,1,7,1.25,0.9,1.0,699.0,1232.54,RAKSHAK,HIGH,two_wheeler,Swiggy
0,0,0,1,0,26369.616927309144,6.540147701040396,0,1,13,0.85,0.9,1.0,399.0,617.8,SAATHI,SAFE,two_wheeler,Swiggy
1,1,1,1,0,13955.847809624467,10.65039579380947,1,1,6,1.0,1.0,1.0,699.0,1002.82,RAKSHAK,MODERATE,three_wheeler,Swiggy
2,0,0,3,0,21549.15649380519,5.234516658376722,0,1,3,0.85,0.9,0.9,999.0,887.03,SURAKSHA,SAFE,two_wheeler,Swiggy
1,0,0,1,0,35450.57121753036,9.584337007083551,0,0,17,0.85,0.9,1.0,699.0,1053.65,RAKSHAK,SAFE,two_wheeler,Zomato
2,0,1,1,0,37940.92674754931,8.733146517288624,0,1,19,0.85,1.0,1.0,999.0,1440.69,SURAKSHA,SAFE,two_wheeler,Swiggy
1,0,1,1,0,33645.42006967365,7.099546751322273,0,2,9,0.85,1.0,1.0,699.0,956.49,RAKSHAK,SAFE,two_wheeler,Zepto
0,1,0,1,0,13686.10550010554,7.621001459968604,0,0,23,1.0,0.9,1.0,399.0,768.77,SAATHI,MODERATE,two_wheeler,Zomato
0,0,1,2,0,35930.14920540219,10.456742315293841,0,3,3,0.85,1.0,0.95,399.0,680.46,SAATHI,SAFE,two_wheeler,Blinkit
1,0,0,3,1,39385.150309050165,8.686087665877121,0,1,2,0.85,0.9,0.9,699.0,895.61,RAKSHAK,SAFE,two_wheeler,Swiggy
1,0,0,2,0,20103.778472837195,11.67036076177328,0,2,2,0.85,0.9,0.95,699.0,785.45,RAKSHAK,SAFE,two_wheeler,Zepto
1,1,2,1,1,30653.442638466415,10.842801712987935,0,1,9,1.0,1.15,1.0,699.0,1317.38,RAKSHAK,MODERATE,two_wheeler,Swiggy
1,1,2,2,0,19685.141898630965,11.222448155933169,0,1,20,1.0,1.15,0.95,699.0,1197.38,RAKSHAK,MODERATE,two_wheeler,Swiggy
1,0,0,3,0,18424.2010196009,9.206570421609806,0,3,6,0.85,0.9,0.9,699.0,707.43,RAKSHAK,SAFE,two_wheeler,Blinkit
2,0,1,1,1,26611.66048339491,9.854933820984936,0,3,21,0.85,1.0,1.0,999.0,1372.29,SURAKSHA,SAFE,two_wheeler,Blinkit
1,0,1,1,0,39335.83773013176,9.225184378522465,0,3,21,0.85,1.0,1.0,699.0,1172.32,RAKSHAK,SAFE,two_wheeler,Blinkit
1,1,2,1,1,24832.874606853213,11.795907298808217,1,3,8,1.0,1.15,1.0,699.0,1313.18,RAKSHAK,MODERATE,three_wheeler,Blinkit
0,1,0,1,0,29497.593011839304,5.521393807962218,0,1,21,1.0,0.9,1.0,399.0,726.29,SAATHI,MODERATE,two_wheeler,Swiggy
0,2,1,1,1,20665.98554912174,5.7478835779178175,2,2,21,1.25,1.0,1.0,399.0,853.5,SAATHI,HIGH,bicycle,Zepto
0,1,1,1,1,37836.93938384959,6.248020374715368,0,2,24,1.0,1.0,1.0,399.0,1054.99,SAATHI,MODERATE,two_wheeler,Zepto
1,0,2,2,0,21365.230748407594,7.308531932228096,0,2,11,0.85,1.15,0.95,699.0,917.07,RAKSHAK,SAFE,two_wheeler,Zepto
1,0,2,3,0,19780.752626189733,7.449364885980495,0,2,6,0.85,1.15,0.9,699.0,818.84,RAKSHAK,SAFE,two_wheeler,Zepto
1,0,0,1,0,18759.364263257703,5.142709735133432,2,0,3,0.85,0.9,1.0,699.0,540.78,RAKSHAK,SAFE,bicycle,Zomato
1,1,0,2,1,19732.825482119348,6.2151061536144,0,3,1,1.0,0.9,0.95,699.0,782.01,RAKSHAK,MODERATE,two_wheeler,Blinkit
0,1,1,1,1,24561.178515902946,5.06177786636012,0,3,15,1.0,1.0,1.0,399.0,779.2,SAATHI,MODERATE,two_wheeler,Blinkit
1,2,0,1,0,16513.856197740643,6.708914219753068,0,0,16,1.25,0.9,1.0,699.0,1086.24,RAKSHAK,HIGH,two_wheeler,Zomato
2,1,2,2,0,31126.21398759978,5.541901634008775,0,2,9,1.0,1.15,0.95,999.0,1414.25,SURAKSHA,MODERATE,two_wheeler,Zepto
1,1,0,1,1,23903.41975763779,10.808600034573765,0,2,9,1.0,0.9,1.0,699.0,1070.53,RAKSHAK,MODERATE,two_wheeler,Zepto
2,0,0,2,0,23740.484805463573,8.518927534316632,0,3,19,0.85,0.9,0.95,999.0,1152.29,SURAKSHA,SAFE,two_wheeler,Blinkit
0,0,0,1,0,21095.575732852834,11.938564723785115,0,1,9,0.85,0.9,1.0,399.0,621.32,SAATHI,SAFE,two_wheeler,Swiggy
2,2,0,1,1,26717.959799289747,11.89950607446888,0,2,13,1.25,0.9,1.0,999.0,1612.19,SURAKSHA,HIGH,two_wheeler,Zepto
0,1,0,2,0,14563.857886188704,7.661012819691139,1,0,18,1.0,0.9,0.95,399.0,717.94,SAATHI,MODERATE,three_wheeler,Zomato
1,2,0,1,0,22122.535539706936,10.36378825639419,3,2,10,1.25,0.9,1.0,699.0,1105.16,RAKSHAK,HIGH,ev_two_wheeler,Zepto
1,0,1,1,0,36142.73948689017,7.883234214485985,0,2,16,0.85,1.0,1.0,699.0,1097.9,RAKSHAK,SAFE,two_wheeler,Zepto
2,0,1,3,0,32025.29642075605,4.729797295629016,0,2,16,0.85,1.0,0.9,999.0,1148.32,SURAKSHA,SAFE,two_wheeler,Zepto
0,1,0,3,0,14448.790122370501,5.236262939967248,0,3,21,1.0,0.9,0.9,399.0,606.27,SAATHI,MODERATE,two_wheeler,Blinkit
2,0,0,3,0,39841.47319700332,11.246861537574109,0,3,10,0.85,0.9,0.9,999.0,1204.86,SURAKSHA,SAFE,two_wheeler,Blinkit
0,1,0,2,0,33857.88343146372,9.940666406590044,1,1,20,1.0,0.9,0.95,399.0,930.34,SAATHI,MODERATE,three_wheeler,Swiggy
1,2,2,2,1,26143.911823809518,7.105564240946213,3,1,16,1.25,1.15,0.95,699.0,1345.78,RAKSHAK,HIGH,ev_two_wheeler,Swiggy
0,0,0,1,0,38160.22071186804,5.805584264517081,3,2,8,0.85,0.9,1.0,399.0,613.83,SAATHI,SAFE,ev_two_wheeler,Zepto
2,0,0,1,0,16381.988855306668,10.235310129570575,0,3,8,0.85,0.9,1.0,999.0,995.54,SURAKSHA,SAFE,two_wheeler,Blinkit
0,1,0,1,0,31402.000653307852,10.96378817197109,0,1,23,1.0,0.9,1.0,399.0,990.3,SAATHI,MODERATE,two_wheeler,Swiggy
0,2,1,3,0,28319.546375834332,7.416798653868233,0,2,10,1.25,1.0,0.9,399.0,812.3,SAATHI,HIGH,two_wheeler,Zepto
1,1,0,1,0,27651.708190904854,10.5730319246853,0,3,10,1.0,0.9,1.0,699.0,1046.85,RAKSHAK,MODERATE,two_wheeler,Blinkit
0,0,0,3,0,39730.93793481423,4.629756731002911,0,2,23,0.85,0.9,0.9,399.0,771.7,SAATHI,SAFE,two_wheeler,Zepto
1,0,0,1,0,35216.617647862775,10.700432600343989,0,0,9,0.85,0.9,1.0,699.0,977.98,RAKSHAK,SAFE,two_wheeler,Zomato
2,0,1,1,0,14672.082973392648,8.246140878727388,0,2,15,0.85,1.0,1.0,999.0,1159.29,SURAKSHA,SAFE,two_wheeler,Zepto
2,1,0,3,0,21770.660606464968,8.14389211434387,0,3,15,1.0,0.9,0.9,999.0,1179.34,SURAKSHA,MODERATE,two_wheeler,Blinkit
1,0,2,2,0,14872.853539645415,10.58640158489316,0,3,17,0.85,1.15,0.95,699.0,1000.55,RAKSHAK,SAFE,two_wheeler,Blinkit
1,0,1,1,0,25928.457150965827,10.106551325664459,0,3,18,0.85,1.0,1.0,699.0,1076.7,RAKSHAK,SAFE,two_wheeler,Blinkit
0,1,0,2,0,38370.978400546475,8.319368901772306,0,0,14,1.0,0.9,0.95,399.0,853.79,SAATHI,MODERATE,two_wheeler,Zomato
1,1,0,2,0,17384.898758511805,5.011386045677186,0,0,22,1.0,0.9,0.95,699.0,958.07,RAKSHAK,MODERATE,two_wheeler,Zomato
0,1,0,1,0,22281.488233294862,7.959458168331432,0,3,21,1.0,0.9,1.0,399.0,736.49,SAATHI,MODERATE,two_wheeler,Blinkit
1,0,0,1,0,33528.763728166916,7.59949162482883,0,1,20,0.85,0.9,1.0,699.0,1051.25,RAKSHAK,SAFE,two_wheeler,Swiggy
2,1,0,2,0,32451.8102043577,8.133533732512483,0,2,6,1.0,0.9,0.95,999.0,1149.62,SURAKSHA,MODERATE,two_wheeler,Zepto
2,0,0,2,1,38169.595372722266,6.151432208062444,3,2,17,0.85,0.9,0.95,999.0,1259.45,SURAKSHA,SAFE,ev_two_wheeler,Zepto
1,0,0,2,1,36570.96192744634,9.360710963941656,0,2,24,0.85,0.9,0.95,699.0,1190.69,RAKSHAK,SAFE,two_wheeler,Zepto
1,0,1,3,1,23026.74461448877,10.877112060058682,0,1,22,0.85,1.0,0.9,699.0,1098.85,RAKSHAK,SAFE,two_wheeler,Swiggy
0,1,0,3,0,38484.56693979786,5.274136485077105,0,0,3,1.0,0.9,0.9,399.0,605.95,SAATHI,MODERATE,two_wheeler,Zomato
0,0,1,1,0,38477.06181339209,6.160528572414452,3,0,18,0.85,1.0,1.0,399.0,808.8,SAATHI,SAFE,ev_two_wheeler,Zomato
2,1,0,2,1,13373.60857771385,5.22716436381353,3,0,0,1.0,0.9,0.95,999.0,941.11,SURAKSHA,MODERATE,ev_two_wheeler,Zomato
0,1,0,1,0,27376.64750601706,9.890689812373154,0,3,1,1.0,0.9,1.0,399.0,666.29,SAATHI,MODERATE,two_wheeler,Blinkit
0,1,0,1,0,39294.23255273703,7.009037604800001,0,1,20,1.0,0.9,1.0,399.0,937.01,SAATHI,MODERATE,two_wheeler,Swiggy
1,0,0,2,0,33063.09174992975,10.432934028511072,2,1,20,0.85,0.9,0.95,699.0,926.25,RAKSHAK,SAFE,bicycle,Swiggy
0,2,1,1,0,35138.04981154718,9.913474234982411,0,2,2,1.25,1.0,1.0,399.0,803.81,SAATHI,HIGH,two_wheeler,Zepto
1,1,0,2,0,33955.31777787095,10.349988373635584,0,1,15,1.0,0.9,0.95,699.0,1039.84,RAKSHAK,MODERATE,two_wheeler,Swiggy
2,2,0,1,0,20428.197129039472,10.850527344811617,0,1,22,1.25,0.9,1.0,999.0,1590.67,SURAKSHA,HIGH,two_wheeler,Swiggy
2,0,0,1,1,20431.777200476085,4.998375458904721,0,3,3,0.85,0.9,1.0,999.0,984.91,SURAKSHA,SAFE,two_wheeler,Blinkit
0,1,1,1,1,18951.924141210362,4.751874307549528,0,2,2,1.0,1.0,1.0,399.0,610.7,SAATHI,MODERATE,two_wheeler,Zepto
0,0,0,1,0,38721.28533015134,5.187495113361724,0,1,8,0.85,0.9,1.0,399.0,648.83,SAATHI,SAFE,two_wheeler,Swiggy
2,2,0,1,1,21253.51488462691,4.109904455874893,0,2,24,1.25,0.9,1.0,999.0,1568.2,SURAKSHA,HIGH,two_wheeler,Zepto
2,0,1,3,0,39628.17761332082,8.129512046301691,0,1,0,0.85,1.0,0.9,999.0,1050.52,SURAKSHA,SAFE,two_wheeler,Swiggy
1,0,0,1,1,34667.63834929824,6.640753918566349,3,1,20,0.85,0.9,1.0,699.0,1073.15,RAKSHAK,SAFE,ev_two_wheeler,Swiggy
2,0,0,1,0,12068.540460697064,4.923077735695151,0,1,3,0.85,0.9,1.0,999.0,832.49,SURAKSHA,SAFE,two_wheeler,Swiggy
0,0,0,1,0,28331.035401422443,11.613901576160927,0,1,5,0.85,0.9,1.0,399.0,663.19,SAATHI,SAFE,two_wheeler,Swiggy
1,0,0,2,0,35582.41861547451,10.660123061277103,2,3,23,0.85,0.9,0.95,699.0,1010.18,RAKSHAK,SAFE,bicycle,Blinkit
2,1,0,1,1,15312.43979517397,5.971879812018399,3,1,7,1.0,0.9,1.0,999.0,1082.86,SURAKSHA,MODERATE,ev_two_wheeler,Swiggy
0,0,0,1,0,34865.47635068324,6.760358125107982,0,3,14,0.85,0.9,1.0,399.0,760.4,SAATHI,SAFE,two_wheeler,Blinkit
1,0,1,2,0,26651.69911027838,8.895224572144162,3,0,10,0.85,1.0,0.95,699.0,873.52,RAKSHAK,SAFE,ev_two_wheeler,Zomato
1,0,0,1,0,15453.804436586659,10.864339335668227,0,1,19,0.85,0.9,1.0,699.0,919.26,RAKSHAK,SAFE,two_wheeler,Swiggy
1,0,0,3,1,31124.329733996088,6.353584841381526,0,2,14,0.85,0.9,0.9,699.0,921.35,RAKSHAK,SAFE,two_wheeler,Zepto
2,0,0,2,0,35289.499200122584,9.928285985733453,1,3,11,0.85,0.9,0.95,999.0,1208.2,SURAKSHA,SAFE,three_wheeler,Blinkit
2,2,0,3,1,14301.952379499382,8.583884713334701,0,0,20,1.25,0.9,0.9,999.0,1454.58,SURAKSHA,HIGH,two_wheeler,Zomato
1,0,2,3,0,29817.39187097038,6.370810448080687,1,0,1,0.85,1.15,0.9,699.0,898.06,RAKSHAK,SAFE,three_wheeler,Zomato
1,1,2,1,0,28020.042424978295,10.10453368541982,0,2,2,1.0,1.15,1.0,699.0,1092.84,RAKSHAK,MODERATE,two_wheeler,Zepto
0,1,1,2,1,26216.526515471483,4.895200154368561,0,0,1,1.0,1.0,0.95,399.0,590.49,SAATHI,MODERATE,two_wheeler,Zomato
1,2,0,1,0,25475.334292378197,5.645798689723072,0,2,17,1.25,0.9,1.0,699.0,1130.96,RAKSHAK,HIGH,two_wheeler,Zepto
1,2,0,1,0,29827.794736380773,4.431109713700444,3,2,21,1.25,0.9,1.0,699.0,1167.31,RAKSHAK,HIGH,ev_two_wheeler,Zepto
0,0,0,1,0,25940.15879666349,4.016378486829456,0,0,5,0.85,0.9,1.0,399.0,485.27,SAATHI,SAFE,two_wheeler,Zomato
1,2,0,1,0,13811.65149055338,5.376265180007032,3,0,13,1.25,0.9,1.0,699.0,959.04,RAKSHAK,HIGH,ev_two_wheeler,Zomato
1,1,1,1,0,32484.689949744265,8.107702353190383,0,3,9,1.0,1.0,1.0,699.0,1107.36,RAKSHAK,MODERATE,two_wheeler,Blinkit
2,0,0,3,0,20979.853511557238,10.429192504483659,1,1,16,0.85,0.9,0.9,999.0,1133.6,SURAKSHA,SAFE,three_wheeler,Swiggy
1,0,2,1,1,27764.450016541377,5.256914530933275,0,2,11,0.85,1.15,1.0,699.0,1061.53,RAKSHAK,SAFE,two_wheeler,Zepto
0,1,0,1,1,34257.2899535921,11.942836667724253,2,0,7,1.0,0.9,1.0,399.0,788.06,SAATHI,MODERATE,bicycle,Zomato
0,1,0,1,0,14261.460110491105,10.27035274674985,3,3,3,1.0,0.9,1.0,399.0,506.41,SAATHI,MODERATE,ev_two_wheeler,Blinkit
1,0,2,3,0,25781.529696044425,6.671688802600275,0,3,12,0.85,1.15,0.9,699.0,923.1,RAKSHAK,SAFE,two_wheeler,Blinkit
1,2,1,2,0,32767.795872737493,8.335819311591248,1,3,24,1.25,1.0,0.95,699.0,1426.91,RAKSHAK,HIGH,three_wheeler,Blinkit
1,0,0,1,0,39664.552176388395,6.598993086403376,0,3,18,0.85,0.9,1.0,699.0,1038.94,RAKSHAK,SAFE,two_wheeler,Blinkit
1,2,0,2,1,33182.29682803017,10.862539383409496,0,2,24,1.25,0.9,0.95,699.0,1399.65,RAKSHAK,HIGH,two_wheeler,Zepto
0,0,1,2,0,31778.42275737665,11.52842269209135,0,2,6,0.85,1.0,0.95,399.0,735.94,SAATHI,SAFE,two_wheeler,Zepto
0,2,1,3,0,34573.49181105773,11.418776871046191,1,1,21,1.25,1.0,0.9,399.0,1098.78,SAATHI,HIGH,three_wheeler,Swiggy
1,2,2,3,1,15034.758031045643,10.72560206867087,0,0,13,1.25,1.15,0.9,699.0,1284.44,RAKSHAK,HIGH,two_wheeler,Zomato
1,1,0,1,0,27913.120253136112,11.446824979424036,0,2,5,1.0,0.9,1.0,699.0,1012.86,RAKSHAK,MODERATE,two_wheeler,Zepto
1,0,0,1,1,29540.0571871639,6.6440579036718,2,1,22,0.85,0.9,1.0,699.0,992.59,RAKSHAK,SAFE,bicycle,Swiggy
1,1,1,2,0,29943.761437959776,5.238329088054328,0,2,22,1.0,1.0,0.95,699.0,1074.26,RAKSHAK,MODERATE,two_wheeler,Zepto
0,1,0,3,0,31348.869097154948,7.135188631164001,0,2,10,1.0,0.9,0.9,399.0,671.02,SAATHI,MODERATE,two_wheeler,Zepto
1,1,1,1,0,24900.02771363254,5.163579706277054,3,1,14,1.0,1.0,1.0,699.0,986.17,RAKSHAK,MODERATE,ev_two_wheeler,Swiggy
1,2,1,2,0,19475.29604563976,6.0579915553488135,3,1,13,1.25,1.0,0.95,699.0,1089.33,RAKSHAK,HIGH,ev_two_wheeler,Swiggy
2,1,0,1,0,26011.76820974517,9.761904607560965,0,0,23,1.0,0.9,1.0,999.0,1425.16,SURAKSHA,MODERATE,two_wheeler,Zomato
0,0,1,1,0,31418.00427772288,8.087888059139345,0,1,7,0.85,1.0,1.0,399.0,695.22,SAATHI,SAFE,two_wheeler,Swiggy
1,1,0,1,0,22149.119941913417,11.359182953910372,0,1,15,1.0,0.9,1.0,699.0,1045.87,RAKSHAK,MODERATE,two_wheeler,Swiggy
0,0,2,2,1,13663.83159347806,6.5450114580387355,3,2,22,0.85,1.15,0.95,399.0,768.15,SAATHI,SAFE,ev_two_wheeler,Zepto
2,2,0,1,0,17109.152332222802,5.5831415341032,0,1,9,1.25,0.9,1.0,999.0,1369.03,SURAKSHA,HIGH,two_wheeler,Swiggy
0,1,2,2,1,27118.864092585573,11.702391992408511,0,3,2,1.0,1.15,0.95,399.0,856.96,SAATHI,MODERATE,two_wheeler,Blinkit
1,2,1,2,0,22202.61507999423,4.691405604772725,3,1,21,1.25,1.0,0.95,699.0,1174.85,RAKSHAK,HIGH,ev_two_wheeler,Swiggy
0,1,0,1,0,18840.728998141876,11.540650177784986,0,1,14,1.0,0.9,1.0,399.0,734.59,SAATHI,MODERATE,two_wheeler,Swiggy
0,1,1,1,0,32962.838099706925,8.288301193373496,0,0,12,1.0,1.0,1.0,399.0,789.47,SAATHI,MODERATE,two_wheeler,Zomato
0,0,1,3,0,15842.091879826601,4.815592825418328,0,1,8,0.85,1.0,0.9,399.0,503.43,SAATHI,SAFE,two_wheeler,Swiggy
0,2,0,1,1,13778.426644184328,11.201862980709647,2,3,9,1.25,0.9,1.0,399.0,665.89,SAATHI,HIGH,bicycle,Blinkit
1,0,0,1,0,39953.32154219801,10.82405984063617,3,2,18,0.85,0.9,1.0,699.0,1071.42,RAKSHAK,SAFE,ev_two_wheeler,Zepto
2,1,0,3,0,15022.828935150894,11.436378274598649,0,0,4,1.0,0.9,0.9,999.0,967.45,SURAKSHA,MODERATE,two_wheeler,Zomato
1,1,2,1,0,30146.809436792664,10.419648833009846,0,1,7,1.0,1.15,1.0,699.0,1205.99,RAKSHAK,MODERATE,two_wheeler,Swiggy
2,0,0,2,0,14898.146479723335,6.776720504956305,2,1,12,0.85,0.9,0.95,999.0,885.49,SURAKSHA,SAFE,bicycle,Swiggy
1,0,1,1,1,39718.42988181006,11.518141930942576,3,2,19,0.85,1.0,1.0,699.0,1246.35,RAKSHAK,SAFE,ev_two_wheeler,Zepto
1,2,1,1,0,23113.86805458357,9.129175752268281,0,3,1,1.25,1.0,1.0,699.0,1080.05,RAKSHAK,HIGH,two_wheeler,Blinkit
2,0,1,2,1,28499.09794993235,7.483657980724005,2,1,23,0.85,1.0,0.95,999.0,1257.91,SURAKSHA,SAFE,bicycle,Swiggy
1,2,2,2,1,29370.940926330768,6.532294282653639,0,3,12,1.25,1.15,0.95,699.0,1320.8,RAKSHAK,HIGH,two_wheeler,Blinkit
1,0,1,1,0,26138.998991682623,10.036664940067652,3,0,24,0.85,1.0,1.0,699.0,1088.76,RAKSHAK,SAFE,ev_two_wheeler,Zomato
0,0,0,1,0,29389.942417472394,4.367470456446279,0,0,12,0.85,0.9,1.0,399.0,639.07,SAATHI,SAFE,two_wheeler,Zomato
0,0,0,1,0,37949.176336232995,10.064534265376286,0,3,1,0.85,0.9,1.0,399.0,679.6,SAATHI,SAFE,two_wheeler,Blinkit
1,1,2,1,0,38026.913784734264,4.499383429643552,0,2,16,1.0,1.15,1.0,699.0,1214.55,RAKSHAK,MODERATE,two_wheeler,Zepto
1,2,2,2,0,24744.39189826867,4.501773865698798,3,3,22,1.25,1.15,0.95,699.0,1298.64,RAKSHAK,HIGH,ev_two_wheeler,Blinkit
1,1,1,1,0,14182.167622602858,9.080865260973356,0,0,6,1.0,1.0,1.0,699.0,924.96,RAKSHAK,MODERATE,two_wheeler,Zomato
1,2,0,3,0,23267.592372208575,11.079036290342103,0,0,0,1.25,0.9,0.9,699.0,957.79,RAKSHAK,HIGH,two_wheeler,Zomato
0,1,1,1,0,14099.988395525535,7.935175361922302,0,2,17,1.0,1.0,1.0,399.0,687.58,SAATHI,MODERATE,two_wheeler,Zepto
0,0,0,1,0,12804.101504007653,8.110985984932025,0,2,21,0.85,0.9,1.0,399.0,652.53,SAATHI,SAFE,two_wheeler,Zepto
1,1,0,3,0,12458.072706262763,9.147072868910804,0,3,2,1.0,0.9,0.9,699.0,676.73,RAKSHAK,MODERATE,two_wheeler,Blinkit
1,1,1,3,0,12429.971118509255,10.918482631005498,3,2,19,1.0,1.0,0.9,699.0,991.4,RAKSHAK,MODERATE,ev_two_wheeler,Zepto
0,1,0,1,0,29605.95504962119,8.183135973744829,0,1,15,1.0,0.9,1.0,399.0,799.41,SAATHI,MODERATE,two_wheeler,Swiggy
0,0,0,1,0,31589.872910157068,6.642073895996032,0,0,0,0.85,0.9,1.0,399.0,541.89,SAATHI,SAFE,two_wheeler,Zomato
1,1,2,1,0,34914.24244306293,6.6840226478534,0,1,24,1.0,1.15,1.0,699.0,1344.73,RAKSHAK,MODERATE,two_wheeler,Swiggy
2,1,2,3,0,17252.427496124048,5.082207905803003,0,2,3,1.0,1.15,0.9,999.0,1135.19,SURAKSHA,MODERATE,two_wheeler,Zepto
0,2,0,1,1,24776.184844595147,6.947161855644594,2,2,13,1.25,0.9,1.0,399.0,752.39,SAATHI,HIGH,bicycle,Zepto
1,0,1,2,0,14754.579932909348,10.346199648386857,0,2,21,0.85,1.0,0.95,699.0,979.24,RAKSHAK,SAFE,two_wheeler,Zepto
1,2,0,1,0,12724.626806498092,10.163185171626296,0,1,2,1.25,0.9,1.0,699.0,977.15,RAKSHAK,HIGH,two_wheeler,Swiggy
0,2,2,2,0,23298.44794167614,10.372434556220117,2,0,4,1.25,1.15,0.95,399.0,694.43,SAATHI,HIGH,bicycle,Zomato
2,1,0,2,0,19522.978999413517,9.372127518816555,0,0,16,1.0,0.9,0.95,999.0,1240.44,SURAKSHA,MODERATE,two_wheeler,Zomato
1,0,0,1,0,30337.175869140632,5.919314425775859,2,3,14,0.85,0.9,1.0,699.0,807.45,RAKSHAK,SAFE,bicycle,Blinkit
2,1,0,1,0,29777.034181949086,9.923788041579483,0,2,16,1.0,0.9,1.0,999.0,1367.34,SURAKSHA,MODERATE,two_wheeler,Zepto
1,0,1,3,0,27974.303304663666,11.386393461385541,2,3,13,0.85,1.0,0.9,699.0,910.26,RAKSHAK,SAFE,bicycle,Blinkit
0,1,1,2,0,32895.30429833762,4.287018371039838,1,0,17,1.0,1.0,0.95,399.0,814.35,SAATHI,MODERATE,three_wheeler,Zomato
0,1,0,3,0,32493.44110833166,11.82456223854714,0,1,1,1.0,0.9,0.9,399.0,703.8,SAATHI,MODERATE,two_wheeler,Swiggy
0,2,0,1,0,19980.116098941184,5.102725178420747,0,1,4,1.25,0.9,1.0,399.0,585.95,SAATHI,HIGH,two_wheeler,Swiggy
2,1,1,2,0,17836.537439834377,11.024473794401853,0,3,7,1.0,1.0,0.95,999.0,1241.4,SURAKSHA,MODERATE,two_wheeler,Blinkit
1,1,0,1,0,30397.23967403563,11.487342432707507,0,2,8,1.0,0.9,1.0,699.0,1070.74,RAKSHAK,MODERATE,two_wheeler,Zepto
1,1,0,1,0,29368.55872066601,6.747025396359405,2,1,23,1.0,0.9,1.0,699.0,995.19,RAKSHAK,MODERATE,bicycle,Swiggy
0,1,1,2,1,16987.156117159902,9.571968637129181,0,2,11,1.0,1.0,0.95,399.0,772.42,SAATHI,MODERATE,two_wheeler,Zepto
1,0,0,2,0,32091.564798416686,10.261679416277106,0,0,20,0.85,0.9,0.95,699.0,1088.07,RAKSHAK,SAFE,two_wheeler,Zomato
2,0,1,1,0,25100.914623613975,11.1906645963022,3,3,17,0.85,1.0,1.0,999.0,1267.46,SURAKSHA,SAFE,ev_two_wheeler,Blinkit
0,0,1,2,0,20633.356225207935,5.138771355057433,0,0,13,0.85,1.0,0.95,399.0,587.31,SAATHI,SAFE,two_wheeler,Zomato
1,2,0,2,0,17348.37853876337,10.839772543909497,3,2,18,1.25,0.9,0.95,699.0,1141.74,RAKSHAK,HIGH,ev_two_wheeler,Zepto
0,0,0,1,0,18949.01443081371,7.1692110059451,0,3,10,0.85,0.9,1.0,399.0,577.91,SAATHI,SAFE,two_wheeler,Blinkit
0,2,0,3,0,23889.909052149378,9.346191043495622,0,1,18,1.25,0.9,0.9,399.0,870.03,SAATHI,HIGH,two_wheeler,Swiggy
0,0,1,2,0,18901.01340793718,6.9622591601852255,3,1,11,0.85,1.0,0.95,399.0,551.16,SAATHI,SAFE,ev_two_wheeler,Swiggy
2,2,2,1,0,17963.0364665643,8.318804505042763,0,0,19,1.25,1.15,1.0,999.0,1769.99,SURAKSHA,HIGH,two_wheeler,Zomato
1,1,2,1,0,24786.052663389546,11.69067381062094,3,0,8,1.0,1.15,1.0,699.0,1168.86,RAKSHAK,MODERATE,ev_two_wheeler,Zomato
1,2,0,1,0,35004.77268143257,9.250159597816234,1,2,2,1.25,0.9,1.0,699.0,1194.27,RAKSHAK,HIGH,three_wheeler,Zepto
1,0,0,1,1,24775.042812746222,10.887570744822028,2,2,6,0.85,0.9,1.0,699.0,863.52,RAKSHAK,SAFE,bicycle,Zepto
0,1,0,3,0,28301.82031595478,7.028278720396484,0,1,19,1.0,0.9,0.9,399.0,737.46,SAATHI,MODERATE,two_wheeler,Swiggy
1,1,0,2,0,38648.5745047532,9.555480857527066,0,1,5,1.0,0.9,0.95,699.0,1027.15,RAKSHAK,MODERATE,two_wheeler,Swiggy
0,2,0,2,1,32371.929986605242,9.313528647054461,3,1,14,1.25,0.9,0.95,399.0,943.05,SAATHI,HIGH,ev_two_wheeler,Swiggy
2,2,0,2,0,30069.112863748465,8.431368389886906,0,2,21,1.25,0.9,0.95,999.0,1590.61,SURAKSHA,HIGH,two_wheeler,Zepto
1,0,0,1,0,23430.445966891086,11.98278815647153,3,2,20,0.85,0.9,1.0,699.0,998.11,RAKSHAK,SAFE,ev_two_wheeler,Zepto
1,2,0,3,1,25188.578996076685,5.7813333422458575,2,3,17,1.25,0.9,0.9,699.0,1011.36,RAKSHAK,HIGH,bicycle,Blinkit
0,1,0,2,0,35917.86905442878,9.718028565648353,0,3,16,1.0,0.9,0.95,399.0,816.52,SAATHI,MODERATE,two_wheeler,Blinkit
1,0,0,2,0,27867.37668435519,9.818452340101956,0,2,15,0.85,0.9,0.95,699.0,973.16,RAKSHAK,SAFE,two_wheeler,Zepto
0,1,0,3,1,23199.88468599974,6.445986062789397,0,3,21,1.0,0.9,0.9,399.0,795.04,SAATHI,MODERATE,two_wheeler,Blinkit
1,0,1,3,0,20766.52203588778,11.303725673486767,3,3,21,0.85,1.0,0.9,699.0,994.04,RAKSHAK,SAFE,ev_two_wheeler,Blinkit
1,0,0,2,0,20670.493429073824,10.25516398325077,3,2,22,0.85,0.9,0.95,699.0,965.76,RAKSHAK,SAFE,ev_two_wheeler,Zepto
2,2,1,3,1,34507.18208494953,5.713214740825007,3,0,5,1.25,1.0,0.9,999.0,1469.92,SURAKSHA,HIGH,ev_two_wheeler,Zomato
1,1,1,1,0,19175.032456776662,4.279591843123762,0,3,0,1.0,1.0,1.0,699.0,780.95,RAKSHAK,MODERATE,two_wheeler,Blinkit
2,0,0,2,0,29996.029933617938,5.740861761113984,0,3,1,0.85,0.9,0.95,999.0,960.0,SURAKSHA,SAFE,two_wheeler,Blinkit
1,0,1,1,0,19001.053871922195,5.4599889135809185,0,1,7,0.85,1.0,1.0,699.0,788.15,RAKSHAK,SAFE,two_wheeler,Swiggy
1,0,2,2,0,31705.41762562243,10.58609395542792,3,1,6,0.85,1.15,0.95,699.0,981.07,RAKSHAK,SAFE,ev_two_wheeler,Swiggy
0,2,0,2,0,23347.532224564406,6.9280575107153695,0,0,18,1.25,0.9,0.95,399.0,813.71,SAATHI,HIGH,two_wheeler,Zomato
1,0,1,1,0,35131.919630989585,5.633602977485337,0,2,15,0.85,1.0,1.0,699.0,1004.9,RAKSHAK,SAFE,two_wheeler,Zepto
0,0,0,2,0,36871.39637581263,7.851095215323909,3,1,24,0.85,0.9,0.95,399.0,782.25,SAATHI,SAFE,ev_two_wheeler,Swiggy
1,1,1,1,0,32656.223354800604,9.261703416567022,0,3,8,1.0,1.0,1.0,699.0,1108.77,RAKSHAK,MODERATE,two_wheeler,Blinkit
2,2,0,2,0,38788.492935066584,9.099802061661197,0,3,11,1.25,0.9,0.95,999.0,1514.57,SURAKSHA,HIGH,two_wheeler,Blinkit
1,1,0,1,0,36246.97470962963,10.61825328739775,0,3,4,1.0,0.9,1.0,699.0,1018.56,RAKSHAK,MODERATE,two_wheeler,Blinkit
1,0,2,3,0,34984.16165619757,7.005080847907097,2,0,10,0.85,1.15,0.9,699.0,876.22,RAKSHAK,SAFE,bicycle,Zomato
0,0,2,2,1,34978.37058634081,4.240792388905515,0,0,22,0.85,1.15,0.95,399.0,922.29,SAATHI,SAFE,two_wheeler,Zomato
1,1,0,3,0,28537.061677718313,7.0731876263658355,3,2,2,1.0,0.9,0.9,699.0,737.72,RAKSHAK,MODERATE,ev_two_wheeler,Zepto
1,1,1,2,1,21213.438161767204,10.835404503464478,0,0,19,1.0,1.0,0.95,699.0,1185.16,RAKSHAK,MODERATE,two_wheeler,Zomato
2,0,1,1,0,30271.17689915532,10.190858974653775,3,1,23,0.85,1.0,1.0,999.0,1359.24,SURAKSHA,SAFE,ev_two_wheeler,Swiggy
2,0,1,1,0,33845.657802598,6.776095286172657,0,0,6,0.85,1.0,1.0,999.0,1210.58,SURAKSHA,SAFE,two_wheeler,Zomato
2,0,0,1,0,26279.124889316896,4.280829615706072,1,1,1,0.85,0.9,1.0,999.0,974.92,SURAKSHA,SAFE,three_wheeler,Swiggy
1,1,2,1,0,37430.108820784575,4.254586912571254,0,3,9,1.0,1.15,1.0,699.0,1131.34,RAKSHAK,MODERATE,two_wheeler,Blinkit
1,2,0,2,0,33563.53362794653,11.534091545921296,0,2,19,1.25,0.9,0.95,699.0,1271.48,RAKSHAK,HIGH,two_wheeler,Zepto
1,0,0,1,0,16848.60620625883,6.925963955792766,0,0,20,0.85,0.9,1.0,699.0,887.49,RAKSHAK,SAFE,two_wheeler,Zomato
2,1,0,2,1,16003.627735320399,4.589636942750536,0,0,17,1.0,0.9,0.95,999.0,1221.44,SURAKSHA,MODERATE,two_wheeler,Zomato
0,0,2,2,0,31685.872563498808,8.298218862586415,0,1,4,0.85,1.15,0.95,399.0,669.9,SAATHI,SAFE,two_wheeler,Swiggy
0,0,0,1,0,30709.958602999995,10.851960864988241,0,1,6,0.85,0.9,1.0,399.0,681.08,SAATHI,SAFE,two_wheeler,Swiggy
0,2,0,2,0,38723.74659817295,6.389088948431719,3,1,7,1.25,0.9,0.95,399.0,772.93,SAATHI,HIGH,ev_two_wheeler,Swiggy
0,2,0,1,1,36254.96446477801,6.271145128249266,3,3,23,1.25,0.9,1.0,399.0,1011.85,SAATHI,HIGH,ev_two_wheeler,Blinkit
0,0,2,1,0,28630.70480989061,5.340989971394446,0,0,9,0.85,1.15,1.0,399.0,661.59,SAATHI,SAFE,two_wheeler,Zomato
1,0,1,2,0,33483.25347399439,5.051845835037833,0,1,12,0.85,1.0,0.95,699.0,935.7,RAKSHAK,SAFE,two_wheeler,Swiggy
0,1,0,2,0,39766.74357053512,11.715205613924663,0,3,6,1.0,0.9,0.95,399.0,760.59,SAATHI,MODERATE,two_wheeler,Blinkit
2,0,0,1,1,21238.107364538497,10.53390735268153,3,1,13,0.85,0.9,1.0,999.0,1180.95,SURAKSHA,SAFE,ev_two_wheeler,Swiggy
0,0,0,2,0,33314.477391385924,11.708744044830253,3,3,21,0.85,0.9,0.95,399.0,833.18,SAATHI,SAFE,ev_two_wheeler,Blinkit
2,0,0,1,1,37425.93324276719,4.658618876574004,0,3,20,0.85,0.9,1.0,999.0,1341.02,SURAKSHA,SAFE,two_wheeler,Blinkit
0,0,2,3,0,25665.018719917374,5.321972535987002,0,3,8,0.85,1.15,0.9,399.0,616.66,SAATHI,SAFE,two_wheeler,Blinkit
0,2,0,3,0,19555.848729679168,8.965643974400706,1,0,16,1.25,0.9,0.9,399.0,824.3,SAATHI,HIGH,three_wheeler,Zomato
0,1,0,1,0,18230.80560272257,5.686400397058108,1,0,0,1.0,0.9,1.0,399.0,514.94,SAATHI,MODERATE,three_wheeler,Zomato
0,2,0,1,0,37095.61321157104,10.697281630723563,3,2,4,1.25,0.9,1.0,399.0,824.51,SAATHI,HIGH,ev_two_wheeler,Zepto
1,0,0,1,0,19719.327591391888,7.847435756507437,1,0,15,0.85,0.9,1.0,699.0,877.07,RAKSHAK,SAFE,three_wheeler,Zomato
1,0,1,2,0,16390.82901114518,10.976382799764961,0,3,12,0.85,1.0,0.95,699.0,889.89,RAKSHAK,SAFE,two_wheeler,Blinkit
0,2,0,1,0,33598.68834928317,11.116233879863048,0,2,10,1.25,0.9,1.0,399.0,903.93,SAATHI,HIGH,two_wheeler,Zepto
1,2,2,1,0,15572.657022235855,4.267463794830627,0,2,7,1.25,1.15,1.0,699.0,1154.95,RAKSHAK,HIGH,two_wheeler,Zepto
1,1,2,3,0,33588.462134284346,10.686278041941033,0,1,0,1.0,1.15,0.9,699.0,1047.55,RAKSHAK,MODERATE,two_wheeler,Swiggy
1,0,1,2,0,12823.342161052677,6.129634963471065,0,3,9,0.85,1.0,0.95,699.0,802.04,RAKSHAK,SAFE,two_wheeler,Blinkit
2,1,2,1,0,21225.140345314536,8.084837298718409,0,1,8,1.0,1.15,1.0,999.0,1381.04,SURAKSHA,MODERATE,two_wheeler,Swiggy
0,2,2,1,0,31309.634415691147,9.56143797220447,0,3,0,1.25,1.15,1.0,399.0,875.96,SAATHI,HIGH,two_wheeler,Blinkit
2,1,0,2,0,20579.481408024563,6.383430384649725,3,2,24,1.0,0.9,0.95,999.0,1264.49,SURAKSHA,MODERATE,ev_two_wheeler,Zepto
2,1,0,2,0,32631.39286879643,7.000600188033848,0,1,10,1.0,0.9,0.95,999.0,1225.22,SURAKSHA,MODERATE,two_wheeler,Swiggy
1,2,0,3,0,29313.198750466796,7.376540155864059,0,1,7,1.25,0.9,0.9,699.0,1049.13,RAKSHAK,HIGH,two_wheeler,Swiggy
1,2,0,1,0,15600.234097323022,10.583716162344187,0,0,5,1.25,0.9,1.0,699.0,1006.13,RAKSHAK,HIGH,two_wheeler,Zomato
1,0,0,1,0,29904.653847547772,5.653048234934862,2,0,18,0.85,0.9,1.0,699.0,815.53,RAKSHAK,SAFE,bicycle,Zomato
1,1,2,3,0,22388.089745999077,11.729528737607033,3,1,3,1.0,1.15,0.9,699.0,1006.9,RAKSHAK,MODERATE,ev_two_wheeler,Swiggy
1,0,2,1,0,37474.1841352575,7.088322279248364,3,2,21,0.85,1.15,1.0,699.0,1270.27,RAKSHAK,SAFE,ev_two_wheeler,Zepto
1,1,1,1,0,15957.202805566563,10.65994959898877,2,1,23,1.0,1.0,1.0,699.0,1072.99,RAKSHAK,MODERATE,bicycle,Swiggy
1,1,0,1,1,28403.63344252355,5.1966760271281025,0,3,3,1.0,0.9,1.0,699.0,897.95,RAKSHAK,MODERATE,two_wheeler,Blinkit
0,0,0,1,0,27501.381827816465,10.030285589196659,0,2,13,0.85,0.9,1.0,399.0,739.97,SAATHI,SAFE,two_wheeler,Zepto
0,1,0,1,0,26723.779814043475,5.388953995852461,2,3,11,1.0,0.9,1.0,399.0,549.63,SAATHI,MODERATE,bicycle,Blinkit
0,2,2,3,1,31772.11952070213,11.684338239208412,2,3,24,1.25,1.15,0.9,399.0,1061.12,SAATHI,HIGH,bicycle,Blinkit
1,1,0,2,0,33554.077974727144,8.18961607945587,1,3,24,1.0,0.9,0.95,699.0,1222.93,RAKSHAK,MODERATE,three_wheeler,Blinkit
1,1,1,1,0,36166.14556572004,10.985881654536971,3,2,9,1.0,1.0,1.0,699.0,1079.66,RAKSHAK,MODERATE,ev_two_wheeler,Zepto
1,2,0,1,0,34625.82792360881,10.196854570759736,0,3,11,1.25,0.9,1.0,699.0,1228.27,RAKSHAK,HIGH,two_wheeler,Blinkit
2,1,0,2,0,18724.486550494574,5.052793850756396,0,1,12,1.0,0.9,0.95,999.0,1104.1,SURAKSHA,MODERATE,two_wheeler,Swiggy
1,1,0,1,1,28326.807430504272,5.4760334391610686,0,2,2,1.0,0.9,1.0,699.0,894.35,RAKSHAK,MODERATE,two_wheeler,Zepto
2,1,1,2,1,27817.539545316286,10.97259228746912,0,0,9,1.0,1.0,0.95,999.0,1452.92,SURAKSHA,MODERATE,two_wheeler,Zomato
0,0,0,2,0,14535.571139099548,11.416203942049847,0,1,8,0.85,0.9,0.95,399.0,577.25,SAATHI,SAFE,two_wheeler,Swiggy
0,1,0,1,1,39831.45636697805,5.2894565226231895,1,3,5,1.0,0.9,1.0,399.0,816.49,SAATHI,MODERATE,three_wheeler,Blinkit
2,1,1,1,1,12983.789437743779,9.834415165252796,2,3,0,1.0,1.0,1.0,999.0,1084.4,SURAKSHA,MODERATE,bicycle,Blinkit
1,1,1,2,0,13810.363356416341,11.050123668368922,0,3,24,1.0,1.0,0.95,699.0,1139.74,RAKSHAK,MODERATE,two_wheeler,Blinkit
1,0,1,3,0,15602.90577675229,11.036849864915323,2,3,18,0.85,1.0,0.9,699.0,864.06,RAKSHAK,SAFE,bicycle,Blinkit
1,0,0,2,1,33199.70463235305,9.532858729312247,0,2,4,0.85,0.9,0.95,699.0,970.0,RAKSHAK,SAFE,two_wheeler,Zepto
2,0,0,1,0,16754.961836654962,6.493763033575805,0,0,7,0.85,0.9,1.0,999.0,918.5,SURAKSHA,SAFE,two_wheeler,Zomato
0,0,0,1,0,33165.56000732847,4.065917508084441,3,2,23,0.85,0.9,1.0,399.0,686.96,SAATHI,SAFE,ev_two_wheeler,Zepto
1,0,0,1,0,39257.57753098277,11.107709536172173,3,3,15,0.85,0.9,1.0,699.0,1098.21,RAKSHAK,SAFE,ev_two_wheeler,Blinkit
1,0,0,1,0,18466.920074987225,5.077633048735161,0,2,23,0.85,0.9,1.0,699.0,878.8,RAKSHAK,SAFE,two_wheeler,Zepto
1,2,2,1,1,14891.717623012079,5.279753736283966,1,3,1,1.25,1.15,1.0,699.0,1230.75,RAKSHAK,HIGH,three_wheeler,Blinkit
0,0,2,1,0,13565.194872747214,4.777846546782851,2,2,6,0.85,1.15,1.0,399.0,436.65,SAATHI,SAFE,bicycle,Zepto
1,1,0,2,0,20378.368603905903,11.24137134817699,0,1,1,1.0,0.9,0.95,699.0,872.03,RAKSHAK,MODERATE,two_wheeler,Swiggy
2,1,2,1,1,27308.536226388045,8.265516663019131,3,3,10,1.0,1.15,1.0,999.0,1561.51,SURAKSHA,MODERATE,ev_two_wheeler,Blinkit
1,2,0,1,0,33625.970410087204,11.529116947604969,0,2,18,1.25,0.9,1.0,699.0,1350.22,RAKSHAK,HIGH,two_wheeler,Zepto
0,0,2,2,0,28102.19925175098,9.977636503686176,0,0,8,0.85,1.15,0.95,399.0,741.6,SAATHI,SAFE,two_wheeler,Zomato
1,2,1,1,0,30030.494683618133,10.312547712236228,1,2,4,1.25,1.0,1.0,699.0,1248.51,RAKSHAK,HIGH,three_wheeler,Zepto
2,0,1,1,0,17088.529906827265,10.298928726529027,0,3,10,0.85,1.0,1.0,999.0,1149.53,SURAKSHA,SAFE,two_wheeler,Blinkit
1,0,1,1,0,32323.15626141701,4.569177736464842,0,0,17,0.85,1.0,1.0,699.0,986.96,RAKSHAK,SAFE,two_wheeler,Zomato
0,1,0,1,0,17972.13966652636,5.503443827390832,2,0,24,1.0,0.9,1.0,399.0,649.12,SAATHI,MODERATE,bicycle,Zomato
2,0,2,1,0,29246.690860108607,4.12493952287717,0,2,20,0.85,1.15,1.0,999.0,1348.28,SURAKSHA,SAFE,two_wheeler,Zepto
0,0,1,1,0,37204.896408636654,8.222872591201943,0,0,8,0.85,1.0,1.0,399.0,789.88,SAATHI,SAFE,two_wheeler,Zomato
0,1,1,1,1,18687.077897049843,9.073434821539628,0,3,17,1.0,1.0,1.0,399.0,916.37,SAATHI,MODERATE,two_wheeler,Blinkit
1,2,2,3,0,12780.353598518766,8.755378391493982,0,0,4,1.25,1.15,0.9,699.0,1071.7,RAKSHAK,HIGH,two_wheeler,Zomato
0,2,0,1,1,17867.963856603583,11.25536440014048,0,2,23,1.25,0.9,1.0,399.0,1029.51,SAATHI,HIGH,two_wheeler,Zepto
1,0,0,2,0,25970.12109826516,5.6416560857499185,0,3,22,0.85,0.9,0.95,699.0,925.64,RAKSHAK,SAFE,two_wheeler,Blinkit
0,1,0,2,0,24377.93622496485,10.10454289079911,0,3,4,1.0,0.9,0.95,399.0,606.23,SAATHI,MODERATE,two_wheeler,Blinkit
0,1,0,2,0,18985.87061830855,5.5396513206844356,2,3,7,1.0,0.9,0.95,399.0,457.12,SAATHI,MODERATE,bicycle,Blinkit
1,2,0,2,0,15124.774960232317,5.327625558304836,0,1,19,1.25,0.9,0.95,699.0,1049.53,RAKSHAK,HIGH,two_wheeler,Swiggy
2,2,1,2,0,39148.249913310945,4.958658367347627,0,2,5,1.25,1.0,0.95,999.0,1531.32,SURAKSHA,HIGH,two_wheeler,Zepto
1,0,2,2,0,34525.44378538608,9.516001915521066,1,1,0,0.85,1.15,0.95,699.0,1015.11,RAKSHAK,SAFE,three_wheeler,Swiggy
1,2,0,3,0,27000.632709029273,5.996364463540128,0,0,14,1.25,0.9,0.9,699.0,1018.5,RAKSHAK,HIGH,two_wheeler,Zomato
0,2,0,1,0,38447.93409554829,7.404662832288099,0,2,18,1.25,0.9,1.0,399.0,959.56,SAATHI,HIGH,two_wheeler,Zepto
2,1,2,1,0,30369.261953592893,9.530811660840673,0,1,17,1.0,1.15,1.0,999.0,1641.1,SURAKSHA,MODERATE,two_wheeler,Swiggy
0,0,0,1,1,15816.44825592267,4.993671430284721,0,3,6,0.85,0.9,1.0,399.0,501.85,SAATHI,SAFE,two_wheeler,Blinkit
1,1,0,2,0,29931.53500361254,6.271495228262004,0,1,12,1.0,0.9,0.95,699.0,966.86,RAKSHAK,MODERATE,two_wheeler,Swiggy
2,1,0,2,0,30021.365341300705,9.171305021193534,0,3,17,1.0,0.9,0.95,999.0,1287.83,SURAKSHA,MODERATE,two_wheeler,Blinkit
0,2,1,2,0,15510.237350020787,10.721605247266467,0,3,23,1.25,1.0,0.95,399.0,929.14,SAATHI,HIGH,two_wheeler,Blinkit
1,0,2,1,0,26513.760762130383,11.195658479546687,0,0,1,0.85,1.15,1.0,699.0,943.25,RAKSHAK,SAFE,two_wheeler,Zomato
2,1,0,1,0,27766.86690220781,5.239616855368143,2,2,1,1.0,0.9,1.0,999.0,961.77,SURAKSHA,MODERATE,bicycle,Zepto
0,0,2,3,0,17641.41048266449,9.619267093893194,0,0,6,0.85,1.15,0.9,399.0,638.83,SAATHI,SAFE,two_wheeler,Zomato
0,0,0,3,0,29943.694521100366,10.256028648016592,0,2,9,0.85,0.9,0.9,399.0,735.38,SAATHI,SAFE,two_wheeler,Zepto
1,1,0,1,0,17848.912335460744,10.079094464839688,3,0,7,1.0,0.9,1.0,699.0,855.89,RAKSHAK,MODERATE,ev_two_wheeler,Zomato
1,1,0,1,0,24564.512729666538,5.819491112918106,0,0,20,1.0,0.9,1.0,699.0,1023.66,RAKSHAK,MODERATE,two_wheeler,Zomato
2,0,0,2,0,14541.634991513803,7.839331244170095,3,0,1,0.85,0.9,0.95,999.0,788.89,SURAKSHA,SAFE,ev_two_wheeler,Zomato
1,0,0,1,0,15859.074709623505,8.313528058646435,2,2,4,0.85,0.9,1.0,699.0,621.37,RAKSHAK,SAFE,bicycle,Zepto
1,1,2,3,1,18721.818971279743,5.021501694217335,0,0,13,1.0,1.15,0.9,699.0,1034.23,RAKSHAK,MODERATE,two_wheeler,Zomato
0,1,0,1,0,17427.705456100506,9.74844840590062,0,3,15,1.0,0.9,1.0,399.0,744.5,SAATHI,MODERATE,two_wheeler,Blinkit
0,1,0,1,0,36086.84182026833,4.9578942779954875,2,0,15,1.0,0.9,1.0,399.0,699.33,SAATHI,MODERATE,bicycle,Zomato
1,0,2,1,0,33028.21062926887,6.451818325045249,3,3,15,0.85,1.15,1.0,699.0,1076.65,RAKSHAK,SAFE,ev_two_wheeler,Blinkit
0,1,0,1,0,13124.576488585757,4.2326890383138664,0,2,1,1.0,0.9,1.0,399.0,411.73,SAATHI,MODERATE,two_wheeler,Zepto
2,0,1,2,0,34430.4006141507,5.351003599415495,0,0,8,0.85,1.0,0.95,999.0,1124.56,SURAKSHA,SAFE,two_wheeler,Zomato
1,0,1,1,0,31945.122373346403,8.906255127633745,0,0,17,0.85,1.0,1.0,699.0,1044.15,RAKSHAK,SAFE,two_wheeler,Zomato
1,1,0,3,0,15197.891821435314,11.761881241556114,0,2,16,1.0,0.9,0.9,699.0,969.25,RAKSHAK,MODERATE,two_wheeler,Zepto
0,0,0,2,1,22626.341869432443,4.208375315041706,3,1,18,0.85,0.9,0.95,399.0,692.42,SAATHI,SAFE,ev_two_wheeler,Swiggy
2,1,1,1,0,17649.8833348282,11.98001242670071,0,0,23,1.0,1.0,1.0,999.0,1486.26,SURAKSHA,MODERATE,two_wheeler,Zomato
1,1,0,2,0,14356.278979541734,4.980814700488512,0,1,9,1.0,0.9,0.95,699.0,741.58,RAKSHAK,MODERATE,two_wheeler,Swiggy
1,0,1,1,0,12061.710649943163,6.328989151187634,0,2,13,0.85,1.0,1.0,699.0,794.16,RAKSHAK,SAFE,two_wheeler,Zepto
2,1,2,3,0,20804.908639772275,8.261275703334636,0,2,20,1.0,1.15,0.9,999.0,1430.21,SURAKSHA,MODERATE,two_wheeler,Zepto
2,0,0,3,0,30999.905031307888,4.944973638929024,1,2,5,0.85,0.9,0.9,999.0,963.04,SURAKSHA,SAFE,three_wheeler,Zepto
1,2,2,3,0,29695.279536259215,9.22574682710264,0,0,4,1.25,1.15,0.9,699.0,1243.27,RAKSHAK,HIGH,two_wheeler,Zomato
0,1,1,1,0,21606.06457266286,10.522303016491273,3,2,22,1.0,1.0,1.0,399.0,829.3,SAATHI,MODERATE,ev_two_wheeler,Zepto
2,0,1,2,1,30734.96967051124,8.125679508217026,0,3,14,0.85,1.0,0.95,999.0,1314.67,SURAKSHA,SAFE,two_wheeler,Blinkit
2,1,2,2,0,14861.988008860926,7.949632839243521,0,3,11,1.0,1.15,0.95,999.0,1321.16,SURAKSHA,MODERATE,two_wheeler,Blinkit
1,0,2,1,0,35838.05855522395,11.471995120749092,0,3,18,0.85,1.15,1.0,699.0,1297.07,RAKSHAK,SAFE,two_wheeler,Blinkit
2,1,1,2,0,23374.931866859748,6.094917355047863,0,3,11,1.0,1.0,0.95,999.0,1224.61,SURAKSHA,MODERATE,two_wheeler,Blinkit
1,1,2,1,1,34822.65584618818,4.07366100938061,0,1,19,1.0,1.15,1.0,699.0,1309.19,RAKSHAK,MODERATE,two_wheeler,Swiggy
1,2,2,1,0,15025.868713002019,9.90920952012732,2,0,19,1.25,1.15,1.0,699.0,1302.24,RAKSHAK,HIGH,bicycle,Zomato
0,0,0,3,0,38044.36792596834,6.6619106721810075,0,1,2,0.85,0.9,0.9,399.0,553.83,SAATHI,SAFE,two_wheeler,Swiggy
1,2,0,1,0,37117.11165040423,5.32845536243147,0,1,8,1.25,0.9,1.0,699.0,1167.66,RAKSHAK,HIGH,two_wheeler,Swiggy
1,0,1,1,0,32190.27573755798,11.162221554785079,0,3,8,0.85,1.0,1.0,699.0,971.0,RAKSHAK,SAFE,two_wheeler,Blinkit
0,0,0,3,0,17311.099246452424,7.2900243836110095,0,1,13,0.85,0.9,0.9,399.0,541.66,SAATHI,SAFE,two_wheeler,Swiggy
1,2,0,1,1,30270.025240256648,7.566567455778615,0,1,3,1.25,0.9,1.0,699.0,1137.6,RAKSHAK,HIGH,two_wheeler,Swiggy
1,2,0,1,0,38203.1410731424,9.789295425757455,0,1,12,1.25,0.9,1.0,699.0,1206.86,RAKSHAK,HIGH,two_wheeler,Swiggy
2,0,0,1,0,18330.188906412834,4.287789197595053,3,0,5,0.85,0.9,1.0,999.0,878.19,SURAKSHA,SAFE,ev_two_wheeler,Zomato
0,0,0,1,0,36329.69196249095,7.9384498992042225,0,2,5,0.85,0.9,1.0,399.0,602.21,SAATHI,SAFE,two_wheeler,Zepto
2,1,0,1,1,33338.06424508315,6.709679006465267,3,2,5,1.0,0.9,1.0,999.0,1277.64,SURAKSHA,MODERATE,ev_two_wheeler,Zepto
0,0,0,1,0,37540.49538882653,6.6433157676206465,0,0,4,0.85,0.9,1.0,399.0,566.37,SAATHI,SAFE,two_wheeler,Zomato
1,0,0,2,0,29589.50509061987,4.763407365140614,0,2,6,0.85,0.9,0.95,699.0,786.08,RAKSHAK,SAFE,two_wheeler,Zepto
2,2,1,1,0,34204.453914978105,10.197424827381955,0,2,21,1.25,1.0,1.0,999.0,1784.9,SURAKSHA,HIGH,two_wheeler,Zepto
0,0,0,2,0,23045.59447892216,4.28632785528533,0,3,14,0.85,0.9,0.95,399.0,535.5,SAATHI,SAFE,two_wheeler,Blinkit
1,1,2,1,1,23968.021541610273,11.825832951600171,2,1,7,1.0,1.15,1.0,699.0,1117.44,RAKSHAK,MODERATE,bicycle,Swiggy
0,1,0,3,0,38348.26026153265,9.740344485565963,2,2,24,1.0,0.9,0.9,399.0,791.93,SAATHI,MODERATE,bicycle,Zepto
1,0,2,1,0,29359.464161620737,8.708742520908967,0,3,6,0.85,1.15,1.0,699.0,1002.02,RAKSHAK,SAFE,two_wheeler,Blinkit
0,2,0,2,0,26907.394199904353,8.208174499779721,1,3,8,1.25,0.9,0.95,399.0,809.19,SAATHI,HIGH,three_wheeler,Blinkit
0,0,1,1,0,19321.169116468867,6.421739104353909,0,2,12,0.85,1.0,1.0,399.0,591.17,SAATHI,SAFE,two_wheeler,Zepto
1,2,0,1,0,34993.21851144426,6.722938117522255,0,1,3,1.25,0.9,1.0,699.0,1085.22,RAKSHAK,HIGH,two_wheeler,Swiggy
2,1,2,1,0,26645.604338646757,8.734086892497492,0,0,3,1.0,1.15,1.0,999.0,1474.67,SURAKSHA,MODERATE,two_wheeler,Zomato
1,1,0,1,1,23295.43560851935,11.157656917569135,0,1,21,1.0,0.9,1.0,699.0,1194.12,RAKSHAK,MODERATE,two_wheeler,Swiggy
1,0,1,1,0,38009.210265525995,9.494406641702813,0,2,19,0.85,1.0,1.0,699.0,1135.25,RAKSHAK,SAFE,two_wheeler,Zepto
2,1,2,3,0,30046.10369544512,5.930374233095247,0,3,22,1.0,1.15,0.9,999.0,1515.56,SURAKSHA,MODERATE,two_wheeler,Blinkit
1,2,1,2,0,32990.770058773465,11.822932223603978,0,1,14,1.25,1.0,0.95,699.0,1302.97,RAKSHAK,HIGH,two_wheeler,Swiggy
1,1,0,1,0,27618.097652203425,8.849950582743055,3,1,9,1.0,0.9,1.0,699.0,971.05,RAKSHAK,MODERATE,ev_two_wheeler,Swiggy
1,1,0,1,0,12739.826502631326,11.066550989693411,0,1,7,1.0,0.9,1.0,699.0,910.97,RAKSHAK,MODERATE,two_wheeler,Swiggy
0,0,2,1,0,24543.859204431526,8.959789282003007,0,3,7,0.85,1.15,1.0,399.0,722.92,SAATHI,SAFE,two_wheeler,Blinkit
2,0,0,2,0,21901.92448263355,8.787524251363763,0,2,14,0.85,0.9,0.95,999.0,1156.8,SURAKSHA,SAFE,two_wheeler,Zepto
1,2,1,3,0,37691.35476568538,11.06146253873887,0,0,0,1.25,1.0,0.9,699.0,1138.13,RAKSHAK,HIGH,two_wheeler,Zomato
1,2,0,1,0,31333.419879177625,4.675149064095049,0,2,7,1.25,0.9,1.0,699.0,1054.47,RAKSHAK,HIGH,two_wheeler,Zepto
1,0,2,3,0,16003.479855692598,9.710694256892765,0,0,19,0.85,1.15,0.9,699.0,985.9,RAKSHAK,SAFE,two_wheeler,Zomato
2,1,0,1,0,33754.36548748791,9.104183011039767,0,0,20,1.0,0.9,1.0,999.0,1434.07,SURAKSHA,MODERATE,two_wheeler,Zomato
1,1,0,2,0,24352.114622031797,9.072658894586255,0,1,7,1.0,0.9,0.95,699.0,968.73,RAKSHAK,MODERATE,two_wheeler,Swiggy
1,1,2,1,0,14619.427513432918,7.196711626709933,0,2,4,1.0,1.15,1.0,699.0,944.97,RAKSHAK,MODERATE,two_wheeler,Zepto
0,1,0,1,0,22780.437776169787,11.35739473866916,3,2,20,1.0,0.9,1.0,399.0,828.42,SAATHI,MODERATE,ev_two_wheeler,Zepto
0,1,0,1,0,22522.997067141958,7.425512582365937,2,3,15,1.0,0.9,1.0,399.0,599.58,SAATHI,MODERATE,bicycle,Blinkit
0,1,0,1,0,31183.044920680237,6.33763385879531,0,3,22,1.0,0.9,1.0,399.0,814.09,SAATHI,MODERATE,two_wheeler,Blinkit
1,1,2,1,0,32785.50297357481,4.380532346580178,0,3,11,1.0,1.15,1.0,699.0,1122.3,RAKSHAK,MODERATE,two_wheeler,Blinkit
2,1,2,1,0,36189.26856579793,10.755164902715139,0,1,2,1.0,1.15,1.0,999.0,1497.38,SURAKSHA,MODERATE,two_wheeler,Swiggy
0,0,0,2,0,18901.098879318706,9.367165298561702,0,1,20,0.85,0.9,0.95,399.0,719.2,SAATHI,SAFE,two_wheeler,Swiggy
2,1,0,1,0,12374.154239869471,11.188192771546776,0,2,10,1.0,0.9,1.0,999.0,1195.02,SURAKSHA,MODERATE,two_wheeler,Zepto
1,0,2,3,0,33291.831312944036,11.626292244805295,3,1,24,0.85,1.15,0.9,699.0,1220.34,RAKSHAK,SAFE,ev_two_wheeler,Swiggy
0,2,0,1,0,24415.04207069249,8.834460761696896,0,2,21,1.25,0.9,1.0,399.0,941.63,SAATHI,HIGH,two_wheeler,Zepto
0,1,0,1,0,27632.444369271325,7.300349805228064,0,2,16,1.0,0.9,1.0,399.0,786.9,SAATHI,MODERATE,two_wheeler,Zepto
1,1,1,1,0,22035.69827210826,7.211124161274479,0,3,4,1.0,1.0,1.0,699.0,959.35,RAKSHAK,MODERATE,two_wheeler,Blinkit
0,0,0,2,1,14201.168047848936,6.2503256334039605,3,1,5,0.85,0.9,0.95,399.0,467.86,SAATHI,SAFE,ev_two_wheeler,Swiggy
1,1,2,2,0,32943.38592531493,8.297228994552658,0,2,4,1.0,1.15,0.95,699.0,1064.79,RAKSHAK,MODERATE,two_wheeler,Zepto
0,1,0,3,0,20370.37258205239,6.33690730005287,3,1,2,1.0,0.9,0.9,399.0,489.94,SAATHI,MODERATE,ev_two_wheeler,Swiggy
1,0,0,1,0,14587.05756936926,4.251441261201744,0,0,19,0.85,0.9,1.0,699.0,776.69,RAKSHAK,SAFE,two_wheeler,Zomato
1,2,2,2,0,31156.76973809849,11.365168281427962,3,2,17,1.25,1.15,0.95,699.0,1414.2,RAKSHAK,HIGH,ev_two_wheeler,Zepto
2,2,2,3,1,15376.009748225497,4.224387692954053,0,3,22,1.25,1.15,0.9,999.0,1722.27,SURAKSHA,HIGH,two_wheeler,Blinkit
1,2,0,1,0,31874.316643059567,5.458931616106713,0,0,1,1.25,0.9,1.0,699.0,947.26,RAKSHAK,HIGH,two_wheeler,Zomato
2,0,0,2,0,34039.87347898084,11.480969844315858,0,1,0,0.85,0.9,0.95,999.0,1099.39,SURAKSHA,SAFE,two_wheeler,Swiggy
1,2,0,2,1,28168.39508242773,7.839043746951084,3,2,13,1.25,0.9,0.95,699.0,1196.33,RAKSHAK,HIGH,ev_two_wheeler,Zepto
1,1,0,2,1,18170.5276085849,10.237621216430401,0,0,16,1.0,0.9,0.95,699.0,1018.35,RAKSHAK,MODERATE,two_wheeler,Zomato
1,2,0,1,0,12326.030653340305,7.291215436932035,0,2,22,1.25,0.9,1.0,699.0,1118.21,RAKSHAK,HIGH,two_wheeler,Zepto
0,1,0,1,1,36082.4883716223,10.76954669351414,1,0,24,1.0,0.9,1.0,399.0,1115.97,SAATHI,MODERATE,three_wheeler,Zomato
0,1,0,2,0,37254.267572302444,4.5107795259810946,3,2,5,1.0,0.9,0.95,399.0,606.92,SAATHI,MODERATE,ev_two_wheeler,Zepto
1,1,1,1,1,13882.457142252013,6.591840437190253,2,1,7,1.0,1.0,1.0,699.0,860.04,RAKSHAK,MODERATE,bicycle,Swiggy
1,1,1,1,0,34371.71682562177,9.69733227123301,0,1,13,1.0,1.0,1.0,699.0,1180.43,RAKSHAK,MODERATE,two_wheeler,Swiggy
1,1,0,1,0,26913.824009425192,9.453259623409373,0,0,2,1.0,0.9,1.0,699.0,886.67,RAKSHAK,MODERATE,two_wheeler,Zomato
0,0,2,1,0,12507.915349004585,5.850054850522068,0,0,15,0.85,1.15,1.0,399.0,612.23,SAATHI,SAFE,two_wheeler,Zomato
1,2,0,1,0,14409.275824877672,5.4172053264109605,0,3,12,1.25,0.9,1.0,699.0,1007.39,RAKSHAK,HIGH,two_wheeler,Blinkit
2,1,0,1,0,35253.4430896361,6.151161181607749,0,3,16,1.0,0.9,1.0,999.0,1356.59,SURAKSHA,MODERATE,two_wheeler,Blinkit
2,0,2,1,0,15234.030401847891,6.859868989678969,0,3,6,0.85,1.15,1.0,999.0,1155.24,SURAKSHA,SAFE,two_wheeler,Blinkit
2,2,2,1,1,36845.281041470436,11.121024907784319,0,1,2,1.25,1.15,1.0,999.0,1895.93,SURAKSHA,HIGH,two_wheeler,Swiggy
1,2,0,3,0,33245.738902886544,9.385875179961928,0,3,3,1.25,0.9,0.9,699.0,1073.37,RAKSHAK,HIGH,two_wheeler,Blinkit
0,0,1,1,0,13245.174251213044,5.851559746927553,0,0,3,0.85,1.0,1.0,399.0,414.05,SAATHI,SAFE,two_wheeler,Zomato
2,1,1,1,0,36710.54418225077,4.688132340296083,0,1,2,1.0,1.0,1.0,999.0,1298.69,SURAKSHA,MODERATE,two_wheeler,Swiggy
1,1,2,2,0,38333.848363158395,10.298020563262575,0,2,16,1.0,1.15,0.95,699.0,1315.02,RAKSHAK,MODERATE,two_wheeler,Zepto
0,1,2,1,0,29282.146445590723,8.249544133998693,2,3,16,1.0,1.15,1.0,399.0,799.79,SAATHI,MODERATE,bicycle,Blinkit
1,0,0,1,0,32457.657026992292,6.554536530723607,3,1,16,0.85,0.9,1.0,699.0,909.11,RAKSHAK,SAFE,ev_two_wheeler,Swiggy
1,0,0,2,0,20808.027914530547,10.75767333372216,2,0,11,0.85,0.9,0.95,699.0,772.99,RAKSHAK,SAFE,bicycle,Zomato
1,0,1,1,0,36913.37127758934,5.433817244840377,3,0,1,0.85,1.0,1.0,699.0,880.82,RAKSHAK,SAFE,ev_two_wheeler,Zomato
0,1,2,1,0,22439.783443740904,7.688457563848366,2,0,11,1.0,1.15,1.0,399.0,651.07,SAATHI,MODERATE,bicycle,Zomato
1,0,0,1,0,27173.280647567724,6.199115853602083,0,1,8,0.85,0.9,1.0,699.0,834.96,RAKSHAK,SAFE,two_wheeler,Swiggy
1,2,1,1,0,30169.36672605584,9.11758223942643,2,1,21,1.25,1.0,1.0,699.0,1322.21,RAKSHAK,HIGH,bicycle,Swiggy
1,0,1,3,0,21991.150917111263,9.26921484685222,0,1,16,0.85,1.0,0.9,699.0,935.08,RAKSHAK,SAFE,two_wheeler,Swiggy
1,1,0,3,0,31048.58402733083,8.99767221809847,3,3,16,1.0,0.9,0.9,699.0,1011.5,RAKSHAK,MODERATE,ev_two_wheeler,Blinkit
1,0,0,2,0,14225.640686344903,6.341030864102731,0,0,8,0.85,0.9,0.95,699.0,696.25,RAKSHAK,SAFE,two_wheeler,Zomato
1,1,1,3,0,34421.50515128633,10.506589967904802,0,3,11,1.0,1.0,0.9,699.0,1087.42,RAKSHAK,MODERATE,two_wheeler,Blinkit
1,0,2,1,0,34541.42249751483,7.0875270972373965,3,2,23,0.85,1.15,1.0,699.0,1173.37,RAKSHAK,SAFE,ev_two_wheeler,Zepto
1,2,1,3,0,33592.60230909578,11.060392313726545,3,1,16,1.25,1.0,0.9,699.0,1283.25,RAKSHAK,HIGH,ev_two_wheeler,Swiggy
1,0,0,2,1,29374.853621889997,10.853944652447897,0,3,5,0.85,0.9,0.95,699.0,968.07,RAKSHAK,SAFE,two_wheeler,Blinkit
1,1,0,1,1,32599.953083724922,5.907540493760763,0,2,5,1.0,0.9,1.0,699.0,973.77,RAKSHAK,MODERATE,two_wheeler,Zepto
1,1,2,3,0,34006.39826992739,8.048634777711415,0,1,16,1.0,1.15,0.9,699.0,1164.16,RAKSHAK,MODERATE,two_wheeler,Swiggy
0,0,1,1,0,26220.389333664658,6.531981979555465,0,0,6,0.85,1.0,1.0,399.0,614.03,SAATHI,SAFE,two_wheeler,Zomato
1,0,0,1,0,19072.055208347858,9.738150951859971,0,2,0,0.85,0.9,1.0,699.0,701.09,RAKSHAK,SAFE,two_wheeler,Zepto
0,2,0,2,0,15799.57082166903,6.881809044991654,0,3,6,1.25,0.9,0.95,399.0,593.07,SAATHI,HIGH,two_wheeler,Blinkit
0,1,1,1,0,34462.126641107614,5.235078321820676,0,2,13,1.0,1.0,1.0,399.0,763.52,SAATHI,MODERATE,two_wheeler,Zepto
2,1,0,1,0,32789.28746203215,5.610406283797137,0,1,15,1.0,0.9,1.0,999.0,1243.14,SURAKSHA,MODERATE,two_wheeler,Swiggy
1,0,1,3,1,31277.648524210537,7.492365756648759,0,0,9,0.85,1.0,0.9,699.0,976.7,RAKSHAK,SAFE,two_wheeler,Zomato
0,0,0,3,0,31635.583099242085,7.2044349156989735,0,1,13,0.85,0.9,0.9,399.0,716.77,SAATHI,SAFE,two_wheeler,Swiggy
2,0,0,3,0,31360.87290748567,10.629049923066516,3,0,1,0.85,0.9,0.9,999.0,990.29,SURAKSHA,SAFE,ev_two_wheeler,Zomato
1,2,0,3,0,33229.22587420228,5.004036768548857,2,3,6,1.25,0.9,0.9,699.0,904.11,RAKSHAK,HIGH,bicycle,Blinkit
0,0,0,1,0,27024.67960776203,8.82220415914422,0,3,18,0.85,0.9,1.0,399.0,749.66,SAATHI,SAFE,two_wheeler,Blinkit
1,0,0,3,0,18897.263723223285,5.329029903289689,0,0,18,0.85,0.9,0.9,699.0,738.94,RAKSHAK,SAFE,two_wheeler,Zomato
2,1,0,1,0,29148.319871365893,6.16480292482388,0,3,11,1.0,0.9,1.0,999.0,1225.44,SURAKSHA,MODERATE,two_wheeler,Blinkit
1,0,0,3,0,17252.13836878188,6.764519373424095,0,1,15,0.85,0.9,0.9,699.0,776.65,RAKSHAK,SAFE,two_wheeler,Swiggy
1,1,0,3,0,14826.00294450387,11.404430658111659,0,3,9,1.0,0.9,0.9,699.0,882.8,RAKSHAK,MODERATE,two_wheeler,Blinkit
2,2,1,1,0,38723.1260314758,6.929569996429136,0,0,19,1.25,1.0,1.0,999.0,1769.29,SURAKSHA,HIGH,two_wheeler,Zomato
0,0,0,3,0,27893.95373355396,5.231594837200851,0,3,18,0.85,0.9,0.9,399.0,691.48,SAATHI,SAFE,two_wheeler,Blinkit
1,0,0,3,0,31827.243649922657,4.072636735373408,0,1,0,0.85,0.9,0.9,699.0,654.46,RAKSHAK,SAFE,two_wheeler,Swiggy
1,0,0,1,1,34927.211750892515,8.915384969673589,0,1,13,0.85,0.9,1.0,699.0,1031.78,RAKSHAK,SAFE,two_wheeler,Swiggy
1,1,0,2,0,33757.287305153455,4.803723919497935,2,0,21,1.0,0.9,0.95,699.0,983.77,RAKSHAK,MODERATE,bicycle,Zomato
0,1,1,1,0,37433.472996190714,7.105408484678496,0,1,16,1.0,1.0,1.0,399.0,876.98,SAATHI,MODERATE,two_wheeler,Swiggy
1,0,1,1,0,30261.401898715816,5.430893289780405,3,2,12,0.85,1.0,1.0,699.0,879.96,RAKSHAK,SAFE,ev_two_wheeler,Zepto
2,1,1,1,1,20506.335510570574,4.93769240424277,0,1,17,1.0,1.0,1.0,999.0,1408.04,SURAKSHA,MODERATE,two_wheeler,Swiggy
1,2,1,2,1,22687.564178849767,7.214683666486211,0,3,20,1.25,1.0,0.95,699.0,1334.26,RAKSHAK,HIGH,two_wheeler,Blinkit
0,2,1,1,0,20980.323473166314,9.928228989694372,3,3,10,1.25,1.0,1.0,399.0,831.2,SAATHI,HIGH,ev_two_wheeler,Blinkit
1,1,1,1,1,36502.499488600195,8.267692815369497,0,0,12,1.0,1.0,1.0,699.0,1218.19,RAKSHAK,MODERATE,two_wheeler,Zomato
2,0,0,3,0,13136.229189345679,6.505289646510322,1,2,23,0.85,0.9,0.9,999.0,1078.97,SURAKSHA,SAFE,three_wheeler,Zepto
0,2,0,2,0,12101.633001671937,7.169737077761191,0,1,5,1.25,0.9,0.95,399.0,557.56,SAATHI,HIGH,two_wheeler,Swiggy
2,0,1,1,1,26159.11856315755,8.242855236285124,3,2,4,0.85,1.0,1.0,999.0,1120.24,SURAKSHA,SAFE,ev_two_wheeler,Zepto
1,1,0,1,1,33418.83505716869,5.749459430551651,0,3,4,1.0,0.9,1.0,699.0,983.7,RAKSHAK,MODERATE,two_wheeler,Blinkit
1,0,0,3,0,22244.026415071345,11.471527189349846,0,2,3,0.85,0.9,0.9,699.0,728.26,RAKSHAK,SAFE,two_wheeler,Zepto
1,0,0,1,0,36661.09237507743,7.318301162457998,3,0,22,0.85,0.9,1.0,699.0,1031.85,RAKSHAK,SAFE,ev_two_wheeler,Zomato
0,1,0,1,0,33710.563931264434,4.0435842217983105,1,1,10,1.0,0.9,1.0,399.0,706.66,SAATHI,MODERATE,three_wheeler,Swiggy
0,0,0,1,1,33813.40324909538,6.495103238075917,0,3,8,0.85,0.9,1.0,399.0,749.93,SAATHI,SAFE,two_wheeler,Blinkit
2,0,0,1,0,27346.228322204133,11.263119233776916,1,3,4,0.85,0.9,1.0,999.0,1142.29,SURAKSHA,SAFE,three_wheeler,Blinkit
2,0,0,2,0,26561.914864033577,8.084232157207127,0,2,24,0.85,0.9,0.95,999.0,1190.53,SURAKSHA,SAFE,two_wheeler,Zepto
2,2,2,1,0,14782.943092926118,7.577530681637431,2,2,15,1.25,1.15,1.0,999.0,1602.53,SURAKSHA,HIGH,bicycle,Zepto
2,1,0,3,1,27718.507086700505,5.96154620727591,3,3,1,1.0,0.9,0.9,999.0,1041.72,SURAKSHA,MODERATE,ev_two_wheeler,Blinkit
0,1,1,3,0,39290.81519863021,5.1945575928453405,3,1,18,1.0,1.0,0.9,399.0,813.54,SAATHI,MODERATE,ev_two_wheeler,Swiggy
2,2,2,1,0,18398.122014997258,6.696961367758839,0,0,16,1.25,1.15,1.0,999.0,1771.59,SURAKSHA,HIGH,two_wheeler,Zomato
0,2,0,2,0,31643.251047289323,9.478407990300148,3,1,5,1.25,0.9,0.95,399.0,750.63,SAATHI,HIGH,ev_two_wheeler,Swiggy
0,0,0,2,0,31244.349660085285,8.846809098636609,3,0,1,0.85,0.9,0.95,399.0,517.42,SAATHI,SAFE,ev_two_wheeler,Zomato
1,2,0,1,0,15631.360969277688,9.437780894902506,3,0,3,1.25,0.9,1.0,699.0,894.31,RAKSHAK,HIGH,ev_two_wheeler,Zomato
1,1,0,1,0,18249.111597476516,9.181337573558682,1,0,11,1.0,0.9,1.0,699.0,979.47,RAKSHAK,MODERATE,three_wheeler,Zomato
1,1,1,1,0,34744.8011602633,5.1573413204683565,3,2,3,1.0,1.0,1.0,699.0,933.36,RAKSHAK,MODERATE,ev_two_wheeler,Zepto
0,1,1,3,0,22637.450144267255,6.805838273438904,0,2,3,1.0,1.0,0.9,399.0,570.06,SAATHI,MODERATE,two_wheeler,Zepto
0,2,1,2,0,27560.294360779277,7.619034441477073,0,0,23,1.25,1.0,0.95,399.0,915.36,SAATHI,HIGH,two_wheeler,Zomato
1,2,1,1,1,14912.291580460316,7.87639425185253,0,1,0,1.25,1.0,1.0,699.0,1059.17,RAKSHAK,HIGH,two_wheeler,Swiggy
1,0,2,2,0,34287.052720809705,5.290285131758521,2,0,17,0.85,1.15,0.95,699.0,956.71,RAKSHAK,SAFE,bicycle,Zomato
1,1,0,3,0,14268.026582699851,11.668594847346593,2,1,24,1.0,0.9,0.9,699.0,936.52,RAKSHAK,MODERATE,bicycle,Swiggy
2,1,1,1,0,38450.585026150446,11.628060196726132,0,2,19,1.0,1.0,1.0,999.0,1627.21,SURAKSHA,MODERATE,two_wheeler,Zepto
1,1,2,1,0,15897.854160871484,11.05958542368635,3,2,24,1.0,1.15,1.0,699.0,1220.35,RAKSHAK,MODERATE,ev_two_wheeler,Zepto
0,1,0,2,0,26927.8027354558,6.234146657642645,0,2,9,1.0,0.9,0.95,399.0,628.28,SAATHI,MODERATE,two_wheeler,Zepto
1,1,0,2,0,31272.75931127732,4.758718267071222,2,3,18,1.0,0.9,0.95,699.0,940.56,RAKSHAK,MODERATE,bicycle,Blinkit
0,1,0,1,0,12983.888087902518,4.894401678856413,0,2,21,1.0,0.9,1.0,399.0,640.49,SAATHI,MODERATE,two_wheeler,Zepto
2,0,0,1,1,30406.953457970812,7.905015627762891,3,1,6,0.85,0.9,1.0,999.0,1115.95,SURAKSHA,SAFE,ev_two_wheeler,Swiggy
1,1,0,1,1,18620.36019089919,8.88987063731258,0,1,6,1.0,0.9,1.0,699.0,935.7,RAKSHAK,MODERATE,two_wheeler,Swiggy
0,1,2,2,1,21626.623019233208,11.320632566399,0,3,5,1.0,1.15,0.95,399.0,816.55,SAATHI,MODERATE,two_wheeler,Blinkit
1,1,0,1,0,14784.687423722078,6.181868140595611,0,0,24,1.0,0.9,1.0,699.0,1038.81,RAKSHAK,MODERATE,two_wheeler,Zomato
0,1,0,2,0,19159.30442518472,10.359683567484263,0,3,13,1.0,0.9,0.95,399.0,697.33,SAATHI,MODERATE,two_wheeler,Blinkit
1,2,0,3,0,29928.199727735013,5.27793176575046,0,3,21,1.25,0.9,0.9,699.0,1156.43,RAKSHAK,HIGH,two_wheeler,Blinkit
1,2,0,3,0,38522.52333193588,9.65480350839892,0,0,11,1.25,0.9,0.9,699.0,1188.51,RAKSHAK,HIGH,two_wheeler,Zomato
0,0,0,1,0,25118.06524962178,9.803220663888501,0,1,20,0.85,0.9,1.0,399.0,829.72,SAATHI,SAFE,two_wheeler,Swiggy
1,0,0,3,1,17528.133678919257,6.905614802258847,0,0,21,0.85,0.9,0.9,699.0,911.7,RAKSHAK,SAFE,two_wheeler,Zomato
1,2,0,2,1,29684.435515675043,4.275124230333694,0,3,7,1.25,0.9,0.95,699.0,1103.36,RAKSHAK,HIGH,two_wheeler,Blinkit
1,0,2,1,0,29452.77988401886,8.54878908885171,0,0,15,0.85,1.15,1.0,699.0,1155.51,RAKSHAK,SAFE,two_wheeler,Zomato
0,1,0,1,0,35806.96545667741,11.092145906372934,0,2,4,1.0,0.9,1.0,399.0,767.81,SAATHI,MODERATE,two_wheeler,Zepto
1,0,0,2,0,25798.161270402474,8.200199819405558,0,0,12,0.85,0.9,0.95,699.0,883.12,RAKSHAK,SAFE,two_wheeler,Zomato
2,2,1,1,0,25190.96218258007,10.550699331390572,1,2,14,1.25,1.0,1.0,999.0,1732.59,SURAKSHA,HIGH,three_wheeler,Zepto
0,0,2,1,0,28490.312678650094,6.347175158901647,3,0,24,0.85,1.15,1.0,399.0,826.44,SAATHI,SAFE,ev_two_wheeler,Zomato
0,2,0,1,1,20498.62891560266,4.15717258150505,1,1,0,1.25,0.9,1.0,399.0,643.47,SAATHI,HIGH,three_wheeler,Swiggy
0,2,1,3,0,13901.599254339884,6.121642308561869,2,1,8,1.25,1.0,0.9,399.0,494.38,SAATHI,HIGH,bicycle,Swiggy
0,0,0,3,0,28760.38137155251,5.375962030197792,3,1,13,0.85,0.9,0.9,399.0,581.84,SAATHI,SAFE,ev_two_wheeler,Swiggy
1,0,1,3,0,14808.695312974804,6.541384955782947,0,2,15,0.85,1.0,0.9,699.0,793.08,RAKSHAK,SAFE,two_wheeler,Zepto
2,2,1,1,0,24635.752294591828,10.55758139818851,0,0,5,1.25,1.0,1.0,999.0,1542.96,SURAKSHA,HIGH,two_wheeler,Zomato
1,1,0,3,0,39534.592458395644,10.52847383155812,2,0,24,1.0,0.9,0.9,699.0,1111.08,RAKSHAK,MODERATE,bicycle,Zomato
1,0,0,1,1,30681.367071359364,6.517058456535108,3,1,16,0.85,0.9,1.0,699.0,990.56,RAKSHAK,SAFE,ev_two_wheeler,Swiggy
1,0,2,1,0,35654.72745881842,5.4012079553972505,0,3,8,0.85,1.15,1.0,699.0,1006.69,RAKSHAK,SAFE,two_wheeler,Blinkit
1,1,2,1,1,28819.33676663655,8.968444436120329,3,3,24,1.0,1.15,1.0,699.0,1377.36,RAKSHAK,MODERATE,ev_two_wheeler,Blinkit
2,1,0,2,0,34554.84430957719,8.475890061012091,0,2,21,1.0,0.9,0.95,999.0,1377.74,SURAKSHA,MODERATE,two_wheeler,Zepto
1,0,0,1,0,38126.84164416514,5.7862592158443,0,1,19,0.85,0.9,1.0,699.0,973.13,RAKSHAK,SAFE,two_wheeler,Swiggy
2,2,0,3,0,30942.087170340084,10.678135790113124,0,0,23,1.25,0.9,0.9,999.0,1572.86,SURAKSHA,HIGH,two_wheeler,Zomato
0,1,2,2,0,39544.54165746763,7.511897835387533,0,2,13,1.0,1.15,0.95,399.0,911.76,SAATHI,MODERATE,two_wheeler,Zepto
0,2,0,3,1,21407.15741243067,4.37845445566939,0,2,19,1.25,0.9,0.9,399.0,809.27,SAATHI,HIGH,two_wheeler,Zepto
1,0,1,1,1,32699.68608834457,7.107381671829326,3,1,9,0.85,1.0,1.0,699.0,1034.43,RAKSHAK,SAFE,ev_two_wheeler,Swiggy
2,1,0,2,0,33852.13678168766,7.32860912142597,1,3,17,1.0,0.9,0.95,999.0,1408.14,SURAKSHA,MODERATE,three_wheeler,Blinkit
2,1,0,1,0,20310.43018723667,11.475748477238756,3,1,21,1.0,0.9,1.0,999.0,1373.41,SURAKSHA,MODERATE,ev_two_wheeler,Swiggy
2,1,0,1,0,14392.82659498408,7.750490979205936,0,0,23,1.0,0.9,1.0,999.0,1311.5,SURAKSHA,MODERATE,two_wheeler,Zomato
2,2,0,2,0,32471.401842983876,4.519860561675287,1,0,6,1.25,0.9,0.95,999.0,1404.64,SURAKSHA,HIGH,three_wheeler,Zomato
1,0,0,1,1,15396.522622419983,4.836242993418722,3,1,9,0.85,0.9,1.0,699.0,756.16,RAKSHAK,SAFE,ev_two_wheeler,Swiggy
1,0,0,2,0,24128.44020145877,5.270837345665434,0,3,6,0.85,0.9,0.95,699.0,713.94,RAKSHAK,SAFE,two_wheeler,Blinkit
1,1,0,1,0,34099.84118494659,5.832785851553863,2,0,13,1.0,0.9,1.0,699.0,890.65,RAKSHAK,MODERATE,bicycle,Zomato
1,0,1,2,0,21787.69846592142,5.677133310860639,2,3,22,0.85,1.0,0.95,699.0,867.53,RAKSHAK,SAFE,bicycle,Blinkit
1,0,0,2,0,21352.964008619725,6.595281880190424,2,0,5,0.85,0.9,0.95,699.0,649.2,RAKSHAK,SAFE,bicycle,Zomato
1,0,2,2,0,13603.734463738247,9.771914176382278,1,0,8,0.85,1.15,0.95,699.0,926.1,RAKSHAK,SAFE,three_wheeler,Zomato
1,0,0,1,0,31523.51827698206,11.673947743380594,0,0,10,0.85,0.9,1.0,699.0,959.89,RAKSHAK,SAFE,two_wheeler,Zomato
1,1,0,1,0,37080.13361410018,11.080963962636062,0,1,14,1.0,0.9,1.0,699.0,1132.97,RAKSHAK,MODERATE,two_wheeler,Swiggy
2,1,0,1,1,22169.074326653987,5.748795024892068,1,0,2,1.0,0.9,1.0,999.0,1209.97,SURAKSHA,MODERATE,three_wheeler,Zomato
1,0,0,2,1,18437.333157065266,7.707717108954242,0,2,12,0.85,0.9,0.95,699.0,871.81,RAKSHAK,SAFE,two_wheeler,Zepto
2,0,1,2,0,31539.218397756427,8.908691316362008,0,0,9,0.85,1.0,0.95,999.0,1159.01,SURAKSHA,SAFE,two_wheeler,Zomato
1,1,2,2,0,12787.66923308899,4.011430433335794,0,2,12,1.0,1.15,0.95,699.0,933.57,RAKSHAK,MODERATE,two_wheeler,Zepto
2,2,0,1,0,16351.27979521449,7.680416633030227,0,0,21,1.25,0.9,1.0,999.0,1463.28,SURAKSHA,HIGH,two_wheeler,Zomato
0,1,0,2,0,30809.879914009318,5.402711888298094,3,3,1,1.0,0.9,0.95,399.0,502.39,SAATHI,MODERATE,ev_two_wheeler,Blinkit
1,0,0,2,0,19849.571502702376,8.926857407192276,0,2,14,0.85,0.9,0.95,699.0,862.34,RAKSHAK,SAFE,two_wheeler,Zepto
0,0,2,2,0,31490.244246535516,8.926111955454601,0,2,22,0.85,1.15,0.95,399.0,901.56,SAATHI,SAFE,two_wheeler,Zepto
1,0,2,2,0,34853.73986791739,6.323871834213246,0,1,11,0.85,1.15,0.95,699.0,1027.63,RAKSHAK,SAFE,two_wheeler,Swiggy
1,1,0,2,0,17687.03760027056,7.582305367333518,0,2,22,1.0,0.9,0.95,699.0,1013.05,RAKSHAK,MODERATE,two_wheeler,Zepto
1,2,0,1,0,22672.186884451025,9.174251966762107,0,2,2,1.25,0.9,1.0,699.0,993.18,RAKSHAK,HIGH,two_wheeler,Zepto
1,1,0,2,1,16790.083087584782,4.677755722620931,0,0,10,1.0,0.9,0.95,699.0,878.61,RAKSHAK,MODERATE,two_wheeler,Zomato
0,0,0,1,0,14125.08104828505,6.779793614896446,3,0,1,0.85,0.9,1.0,399.0,350.42,SAATHI,SAFE,ev_two_wheeler,Zomato
1,0,1,2,0,20900.432493780492,5.891625033481285,0,0,18,0.85,1.0,0.95,699.0,896.28,RAKSHAK,SAFE,two_wheeler,Zomato
1,0,1,1,0,31084.635132597276,5.5814231908961425,2,1,6,0.85,1.0,1.0,699.0,775.46,RAKSHAK,SAFE,bicycle,Swiggy
0,2,0,2,0,21350.64253618835,4.543764289516423,0,0,4,1.25,0.9,0.95,399.0,560.98,SAATHI,HIGH,two_wheeler,Zomato
1,2,2,2,0,36704.58512352632,9.646238799962354,0,2,6,1.25,1.15,0.95,699.0,1369.44,RAKSHAK,HIGH,two_wheeler,Zepto
1,0,0,2,1,23633.00773830867,6.838838022585758,1,0,21,0.85,0.9,0.95,699.0,1074.65,RAKSHAK,SAFE,three_wheeler,Zomato
0,1,0,1,0,39543.8353685456,10.39372472188507,0,3,15,1.0,0.9,1.0,399.0,886.87,SAATHI,MODERATE,two_wheeler,Blinkit
2,0,0,3,1,25530.83944561721,8.388357071871983,0,0,15,0.85,0.9,0.9,999.0,1151.95,SURAKSHA,SAFE,two_wheeler,Zomato
0,0,1,2,0,39656.641939796544,4.566204278453772,0,0,20,0.85,1.0,0.95,399.0,782.19,SAATHI,SAFE,two_wheeler,Zomato
1,0,1,3,1,34731.326341776105,4.694891807979649,0,1,20,0.85,1.0,0.9,699.0,1047.98,RAKSHAK,SAFE,two_wheeler,Swiggy
2,0,2,2,0,33290.86687055709,11.467377549691108,3,3,21,0.85,1.15,0.95,999.0,1467.88,SURAKSHA,SAFE,ev_two_wheeler,Blinkit
0,0,2,1,0,22176.31937422617,9.806591782228933,0,0,1,0.85,1.15,1.0,399.0,570.26,SAATHI,SAFE,two_wheeler,Zomato
0,1,0,2,0,27883.075428074495,8.188338595289299,0,1,8,1.0,0.9,0.95,399.0,674.14,SAATHI,MODERATE,two_wheeler,Swiggy
2,0,1,2,0,13587.191581384284,11.224077658088618,0,3,17,0.85,1.0,0.95,999.0,1174.84,SURAKSHA,SAFE,two_wheeler,Blinkit
0,1,0,2,0,32141.965532504266,5.54706120861772,2,1,4,1.0,0.9,0.95,399.0,520.34,SAATHI,MODERATE,bicycle,Swiggy
1,0,1,2,1,16373.423413661883,6.1545705617048325,0,2,7,0.85,1.0,0.95,699.0,836.17,RAKSHAK,SAFE,two_wheeler,Zepto
1,0,0,1,0,13622.330881250964,11.620376864504056,2,2,23,0.85,0.9,1.0,699.0,932.43,RAKSHAK,SAFE,bicycle,Zepto
1,0,0,1,1,25104.919305732707,9.209664725888404,0,0,15,0.85,0.9,1.0,699.0,1041.28,RAKSHAK,SAFE,two_wheeler,Zomato
1,2,1,1,0,14465.036793636957,11.652249063721019,0,3,21,1.25,1.0,1.0,699.0,1298.2,RAKSHAK,HIGH,two_wheeler,Blinkit
1,2,0,1,0,17230.199719286407,10.807230655957625,0,3,4,1.25,0.9,1.0,699.0,1007.8,RAKSHAK,HIGH,two_wheeler,Blinkit
2,2,1,2,0,21980.231335395336,8.07633394657866,1,1,23,1.25,1.0,0.95,999.0,1734.23,SURAKSHA,HIGH,three_wheeler,Swiggy
1,0,0,2,0,36089.208963261815,6.63160056621456,0,0,8,0.85,0.9,0.95,699.0,897.21,RAKSHAK,SAFE,two_wheeler,Zomato
1,2,0,1,0,14095.755407581324,8.071943597065147,2,2,23,1.25,0.9,1.0,699.0,1075.21,RAKSHAK,HIGH,bicycle,Zepto
0,1,0,1,0,24266.51197114412,7.186688855518333,0,1,1,1.0,0.9,1.0,399.0,546.6,SAATHI,MODERATE,two_wheeler,Swiggy
2,0,0,1,0,35371.87186551488,7.944221379896625,0,2,12,0.85,0.9,1.0,999.0,1150.36,SURAKSHA,SAFE,two_wheeler,Zepto
0,1,0,1,0,20758.703356945873,9.838703935250699,0,0,8,1.0,0.9,1.0,399.0,650.12,SAATHI,MODERATE,two_wheeler,Zomato
1,1,0,1,0,20564.549334068222,7.738355946158387,0,2,20,1.0,0.9,1.0,699.0,1052.25,RAKSHAK,MODERATE,two_wheeler,Zepto
1,2,1,2,0,20960.126551939873,10.309025543932329,0,0,5,1.25,1.0,0.95,699.0,1137.39,RAKSHAK,HIGH,two_wheeler,Zomato
0,1,0,1,0,16971.955478854798,4.343601314800953,0,0,17,1.0,0.9,1.0,399.0,642.13,SAATHI,MODERATE,two_wheeler,Zomato
1,1,0,1,0,16966.458223142872,9.934723411106548,0,0,22,1.0,0.9,1.0,699.0,1057.85,RAKSHAK,MODERATE,two_wheeler,Zomato
1,1,2,3,0,13734.196469763325,11.443239106667692,0,2,18,1.0,1.15,0.9,699.0,1105.7,RAKSHAK,MODERATE,two_wheeler,Zepto
1,1,0,1,1,13203.044804347232,7.611784631458466,1,0,14,1.0,0.9,1.0,699.0,1037.16,RAKSHAK,MODERATE,three_wheeler,Zomato
1,0,1,1,0,20768.475351442037,11.406628970491006,2,0,2,0.85,1.0,1.0,699.0,741.0,RAKSHAK,SAFE,bicycle,Zomato
0,2,1,2,0,26136.073027231127,6.320909509485108,1,2,7,1.25,1.0,0.95,399.0,796.89,SAATHI,HIGH,three_wheeler,Zepto
0,1,0,1,0,27128.93593129024,4.15699283009177,0,1,14,1.0,0.9,1.0,399.0,659.84,SAATHI,MODERATE,two_wheeler,Swiggy
2,0,1,1,0,38907.462873190496,4.196457261490035,0,3,13,0.85,1.0,1.0,999.0,1253.02,SURAKSHA,SAFE,two_wheeler,Blinkit
2,2,0,2,0,36422.03565865509,7.84619726902836,0,2,21,1.25,0.9,0.95,999.0,1623.21,SURAKSHA,HIGH,two_wheeler,Zepto
0,2,0,3,0,35615.080665388836,6.370115227589409,1,0,6,1.25,0.9,0.9,399.0,794.64,SAATHI,HIGH,three_wheeler,Zomato
2,1,0,1,0,21842.08619071963,8.797066642620589,3,0,16,1.0,0.9,1.0,999.0,1253.87,SURAKSHA,MODERATE,ev_two_wheeler,Zomato
2,0,0,2,0,38588.02427778888,9.038967561725809,0,3,20,0.85,0.9,0.95,999.0,1305.56,SURAKSHA,SAFE,two_wheeler,Blinkit
2,0,0,1,0,33076.938379877734,4.097793947452089,3,1,13,0.85,0.9,1.0,999.0,1055.07,SURAKSHA,SAFE,ev_two_wheeler,Swiggy
1,1,1,3,0,21491.2108921537,10.633363730488696,0,1,22,1.0,1.0,0.9,699.0,1113.88,RAKSHAK,MODERATE,two_wheeler,Swiggy
0,0,0,1,0,24633.083223599533,11.389153850192361,0,3,16,0.85,0.9,1.0,399.0,716.97,SAATHI,SAFE,two_wheeler,Blinkit
0,2,0,1,0,28364.69469898779,9.320385072093497,0,1,11,1.25,0.9,1.0,399.0,816.73,SAATHI,HIGH,two_wheeler,Swiggy
1,1,1,1,0,16521.041185456583,9.934228294488008,0,2,13,1.0,1.0,1.0,699.0,1026.23,RAKSHAK,MODERATE,two_wheeler,Zepto
1,0,0,3,0,39241.54682940811,5.526174074949799,0,0,15,0.85,0.9,0.9,699.0,935.34,RAKSHAK,SAFE,two_wheeler,Zomato
2,2,0,1,1,37972.28866136937,8.819407287082521,3,2,17,1.25,0.9,1.0,999.0,1669.37,SURAKSHA,HIGH,ev_two_wheeler,Zepto
2,0,0,1,0,38434.796653774894,10.89328817493195,1,1,22,0.85,0.9,1.0,999.0,1417.0,SURAKSHA,SAFE,three_wheeler,Swiggy
1,0,0,1,0,23538.617027644872,8.985164091839366,2,0,3,0.85,0.9,1.0,699.0,681.85,RAKSHAK,SAFE,bicycle,Zomato
0,1,0,1,0,35452.766075793974,6.9354467456162325,1,2,9,1.0,0.9,1.0,399.0,779.07,SAATHI,MODERATE,three_wheeler,Zepto
1,2,0,1,0,32664.012078575604,11.670730713163767,3,0,23,1.25,0.9,1.0,699.0,1339.98,RAKSHAK,HIGH,ev_two_wheeler,Zomato
0,0,0,1,0,16701.209167037578,6.929272299705051,2,0,2,0.85,0.9,1.0,399.0,381.21,SAATHI,SAFE,bicycle,Zomato
1,2,0,3,0,38003.68690724774,6.869323777975319,0,1,22,1.25,0.9,0.9,699.0,1279.5,RAKSHAK,HIGH,two_wheeler,Swiggy
0,2,0,1,1,19890.07667840666,6.276636638686958,2,0,5,1.25,0.9,1.0,399.0,584.06,SAATHI,HIGH,bicycle,Zomato
1,1,0,3,0,32163.939579572536,10.982979710604234,2,3,3,1.0,0.9,0.9,699.0,816.89,RAKSHAK,MODERATE,bicycle,Blinkit
1,2,1,3,0,23891.38691687934,7.6288669205945325,2,1,12,1.25,1.0,0.9,699.0,1010.77,RAKSHAK,HIGH,bicycle,Swiggy
1,1,1,2,1,19375.36364622093,6.520286970111061,0,3,21,1.0,1.0,0.95,699.0,1105.26,RAKSHAK,MODERATE,two_wheeler,Blinkit
2,2,2,1,0,30132.780744706317,5.532356265044943,0,1,17,1.25,1.15,1.0,999.0,1801.73,SURAKSHA,HIGH,two_wheeler,Swiggy
1,1,2,3,0,18796.893294104462,8.922550914291694,0,3,22,1.0,1.15,0.9,699.0,1187.62,RAKSHAK,MODERATE,two_wheeler,Blinkit
2,0,0,1,0,32040.527183209466,11.899965211180351,2,1,8,0.85,0.9,1.0,999.0,1085.96,SURAKSHA,SAFE,bicycle,Swiggy
1,0,0,2,1,25614.97337197899,11.692844584765293,0,3,17,0.85,0.9,0.95,699.0,1050.23,RAKSHAK,SAFE,two_wheeler,Blinkit
1,0,0,2,0,27289.52769044121,6.278087210378122,0,0,2,0.85,0.9,0.95,699.0,704.45,RAKSHAK,SAFE,two_wheeler,Zomato
2,2,0,2,1,28942.520259537814,7.074219222023628,0,3,21,1.25,0.9,0.95,999.0,1565.01,SURAKSHA,HIGH,two_wheeler,Blinkit
0,2,0,3,0,21087.165635745398,9.359021341967125,0,0,12,1.25,0.9,0.9,399.0,750.62,SAATHI,HIGH,two_wheeler,Zomato
0,0,0,1,0,25733.58335063187,10.920637689388082,3,0,23,0.85,0.9,1.0,399.0,819.81,SAATHI,SAFE,ev_two_wheeler,Zomato
1,1,0,1,0,16593.80740538771,4.057204051382074,0,0,5,1.0,0.9,1.0,699.0,779.67,RAKSHAK,MODERATE,two_wheeler,Zomato
0,1,1,1,0,25963.93173516272,8.990595210546799,0,1,11,1.0,1.0,1.0,399.0,750.75,SAATHI,MODERATE,two_wheeler,Swiggy
1,2,0,1,0,35853.67446070326,9.186986352327633,0,2,8,1.25,0.9,1.0,699.0,1205.69,RAKSHAK,HIGH,two_wheeler,Zepto
1,1,0,3,1,27405.787063365322,4.9452145535257355,0,2,11,1.0,0.9,0.9,699.0,934.46,RAKSHAK,MODERATE,two_wheeler,Zepto
1,0,0,1,0,19172.212383319333,8.414817544300497,0,0,14,0.85,0.9,1.0,699.0,865.91,RAKSHAK,SAFE,two_wheeler,Zomato
0,2,1,1,0,23293.916758222065,6.696334093696461,0,2,3,1.25,1.0,1.0,399.0,700.62,SAATHI,HIGH,two_wheeler,Zepto
1,1,2,1,0,36860.35416840702,4.122435407028667,0,3,21,1.0,1.15,1.0,699.0,1258.98,RAKSHAK,MODERATE,two_wheeler,Blinkit
2,1,0,3,0,19203.606356966964,10.988122824473892,0,1,24,1.0,0.9,0.9,999.0,1312.42,SURAKSHA,MODERATE,two_wheeler,Swiggy
1,1,0,2,0,25629.42916753915,5.559394915282261,2,2,24,1.0,0.9,0.95,699.0,942.97,RAKSHAK,MODERATE,bicycle,Zepto
1,1,1,2,0,14749.89128972464,7.056071322273579,3,2,0,1.0,1.0,0.95,699.0,748.2,RAKSHAK,MODERATE,ev_two_wheeler,Zepto
1,0,0,1,0,20877.89552491722,8.359137148209449,1,2,21,0.85,0.9,1.0,699.0,991.59,RAKSHAK,SAFE,three_wheeler,Zepto
1,2,0,1,0,33226.135063875205,8.635890394444345,0,3,15,1.25,0.9,1.0,699.0,1306.46,RAKSHAK,HIGH,two_wheeler,Blinkit
2,0,0,1,0,22821.62750489646,9.355211184603192,0,3,7,0.85,0.9,1.0,999.0,1050.06,SURAKSHA,SAFE,two_wheeler,Blinkit
2,0,0,3,0,17135.733066569104,8.705774596752942,0,3,0,0.85,0.9,0.9,999.0,843.79,SURAKSHA,SAFE,two_wheeler,Blinkit
0,2,0,1,0,18938.64667687285,5.0788006942253245,0,0,20,1.25,0.9,1.0,399.0,805.03,SAATHI,HIGH,two_wheeler,Zomato
1,1,1,2,0,22857.143043149972,7.075836170620461,3,1,24,1.0,1.0,0.95,699.0,1070.79,RAKSHAK,MODERATE,ev_two_wheeler,Swiggy
2,1,1,1,0,37174.65295146922,4.412939002106143,0,2,21,1.0,1.0,1.0,999.0,1470.58,SURAKSHA,MODERATE,two_wheeler,Zepto
0,0,0,2,0,26112.86574057852,5.0297384490468,0,0,19,0.85,0.9,0.95,399.0,669.19,SAATHI,SAFE,two_wheeler,Zomato
0,1,0,2,0,25692.082948921798,9.999277101379441,0,3,7,1.0,0.9,0.95,399.0,671.96,SAATHI,MODERATE,two_wheeler,Blinkit
0,1,2,2,0,25447.60905202527,8.716575523984833,3,0,3,1.0,1.15,0.95,399.0,698.18,SAATHI,MODERATE,ev_two_wheeler,Zomato
1,0,0,1,0,25959.91947155732,10.083946521149471,0,3,17,0.85,0.9,1.0,699.0,1017.87,RAKSHAK,SAFE,two_wheeler,Blinkit
0,1,1,2,0,19337.989841806546,10.131395940672297,0,0,4,1.0,1.0,0.95,399.0,622.07,SAATHI,MODERATE,two_wheeler,Zomato
0,2,1,1,0,17506.151105469504,6.471483196404175,0,1,15,1.25,1.0,1.0,399.0,788.71,SAATHI,HIGH,two_wheeler,Swiggy
1,0,2,1,1,13424.772552262391,5.2329758737011405,0,3,13,0.85,1.15,1.0,699.0,995.32,RAKSHAK,SAFE,two_wheeler,Blinkit
2,2,1,3,0,12092.048407141978,9.118147616551802,3,0,17,1.25,1.0,0.9,999.0,1409.53,SURAKSHA,HIGH,ev_two_wheeler,Zomato
1,2,1,1,0,36619.47373775908,10.31573689725982,0,0,15,1.25,1.0,1.0,699.0,1415.15,RAKSHAK,HIGH,two_wheeler,Zomato
0,1,0,2,1,27759.416972330328,11.663772997885403,0,1,17,1.0,0.9,0.95,399.0,913.78,SAATHI,MODERATE,two_wheeler,Swiggy
2,2,0,3,1,21972.775357122533,11.390857808089944,0,3,10,1.25,0.9,0.9,999.0,1410.66,SURAKSHA,HIGH,two_wheeler,Blinkit
1,1,0,1,0,29572.559203484918,4.587335446775329,0,0,14,1.0,0.9,1.0,699.0,959.52,RAKSHAK,MODERATE,two_wheeler,Zomato
1,1,0,1,0,27462.88869811001,4.690666112418862,0,1,8,1.0,0.9,1.0,699.0,891.28,RAKSHAK,MODERATE,two_wheeler,Swiggy
1,1,0,3,0,20586.29497549285,11.70296161594626,1,3,18,1.0,0.9,0.9,699.0,1137.3,RAKSHAK,MODERATE,three_wheeler,Blinkit
0,2,0,2,0,13642.700971141912,7.987663292802279,0,2,8,1.25,0.9,0.95,399.0,614.49,SAATHI,HIGH,two_wheeler,Zepto
1,0,2,2,0,36900.42439843704,5.591356775477383,0,2,17,0.85,1.15,0.95,699.0,1079.25,RAKSHAK,SAFE,two_wheeler,Zepto
2,2,0,3,1,28015.751705613755,7.620994490791411,0,3,8,1.25,0.9,0.9,999.0,1384.24,SURAKSHA,HIGH,two_wheeler,Blinkit
1,1,0,1,0,30111.093081470073,8.151185025481434,0,3,23,1.0,0.9,1.0,699.0,1099.3,RAKSHAK,MODERATE,two_wheeler,Blinkit
1,0,0,2,0,31065.278822676322,5.405197486440287,1,0,12,0.85,0.9,0.95,699.0,845.14,RAKSHAK,SAFE,three_wheeler,Zomato
2,1,0,3,0,22211.319041225524,7.3981620082850466,3,0,4,1.0,0.9,0.9,999.0,966.12,SURAKSHA,MODERATE,ev_two_wheeler,Zomato
0,0,0,1,0,35863.76845629598,11.413337386751637,0,2,3,0.85,0.9,1.0,399.0,703.91,SAATHI,SAFE,two_wheeler,Zepto
2,1,0,1,0,15492.622880402838,7.828040296791579,0,0,7,1.0,0.9,1.0,999.0,1112.94,SURAKSHA,MODERATE,two_wheeler,Zomato
0,0,2,2,0,31111.413798293783,7.448308783440095,0,3,15,0.85,1.15,0.95,399.0,771.2,SAATHI,SAFE,two_wheeler,Blinkit
0,2,2,1,0,22763.519442168676,10.922639906869673,0,1,9,1.25,1.15,1.0,399.0,929.54,SAATHI,HIGH,two_wheeler,Swiggy
2,2,0,2,0,34728.22643937127,6.774353752833356,3,0,11,1.25,0.9,0.95,999.0,1441.7,SURAKSHA,HIGH,ev_two_wheeler,Zomato
1,0,1,1,0,22849.73367933795,5.5678308909429575,0,1,9,0.85,1.0,1.0,699.0,836.29,RAKSHAK,SAFE,two_wheeler,Swiggy
1,0,1,2,0,38527.145017228264,6.095673839340831,0,2,16,0.85,1.0,0.95,699.0,1055.76,RAKSHAK,SAFE,two_wheeler,Zepto
2,0,0,1,0,33455.779983600296,10.136678662412661,0,1,24,0.85,0.9,1.0,999.0,1387.72,SURAKSHA,SAFE,two_wheeler,Swiggy
1,1,0,2,0,37126.10859810614,5.9122199338150505,2,3,24,1.0,0.9,0.95,699.0,1020.9,RAKSHAK,MODERATE,bicycle,Blinkit
0,1,0,1,0,38102.52327943897,4.082898764807216,0,3,20,1.0,0.9,1.0,399.0,822.18,SAATHI,MODERATE,two_wheeler,Blinkit
2,1,1,1,0,26354.82796878456,5.1264443093187015,0,0,0,1.0,1.0,1.0,999.0,1174.27,SURAKSHA,MODERATE,two_wheeler,Zomato
0,1,0,2,1,26848.7162735528,7.888237587670422,0,1,14,1.0,0.9,0.95,399.0,794.05,SAATHI,MODERATE,two_wheeler,Swiggy
0,1,0,1,1,16577.868586793236,11.158221476586228,0,1,8,1.0,0.9,1.0,399.0,704.6,SAATHI,MODERATE,two_wheeler,Swiggy
0,0,1,2,1,26507.049265655463,11.903962173102496,0,1,9,0.85,1.0,0.95,399.0,785.88,SAATHI,SAFE,two_wheeler,Swiggy
1,0,1,1,0,15276.472375990672,4.102517204708008,0,2,17,0.85,1.0,1.0,699.0,810.63,RAKSHAK,SAFE,two_wheeler,Zepto
1,0,0,1,0,25046.25377673255,9.581589562724282,0,3,8,0.85,0.9,1.0,699.0,874.29,RAKSHAK,SAFE,two_wheeler,Blinkit
2,0,0,2,0,34575.25931132391,9.392159902530484,3,2,9,0.85,0.9,0.95,999.0,1074.78,SURAKSHA,SAFE,ev_two_wheeler,Zepto
0,1,0,2,0,25021.927522003352,4.560313988255363,0,1,1,1.0,0.9,0.95,399.0,481.01,SAATHI,MODERATE,two_wheeler,Swiggy
0,0,1,1,1,32083.31567807734,8.498017786877538,0,1,9,0.85,1.0,1.0,399.0,785.83,SAATHI,SAFE,two_wheeler,Swiggy
0,2,1,3,0,13072.546870091424,9.146378079840298,0,3,4,1.25,1.0,0.9,399.0,590.92,SAATHI,HIGH,two_wheeler,Blinkit
1,0,1,1,0,37446.98786975279,6.898191930179608,0,1,8,0.85,1.0,1.0,699.0,942.34,RAKSHAK,SAFE,two_wheeler,Swiggy
1,1,0,2,0,14850.038388074043,6.328084759321712,0,3,3,1.0,0.9,0.95,699.0,718.68,RAKSHAK,MODERATE,two_wheeler,Blinkit
1,1,1,2,0,37421.55901952422,7.986368815811916,0,2,9,1.0,1.0,0.95,699.0,1062.24,RAKSHAK,MODERATE,two_wheeler,Zepto
0,0,0,3,0,24054.789423642396,11.793100959138044,0,2,6,0.85,0.9,0.9,399.0,578.16,SAATHI,SAFE,two_wheeler,Zepto
1,0,0,1,0,16069.74809074246,10.212994418422372,0,0,10,0.85,0.9,1.0,699.0,870.04,RAKSHAK,SAFE,two_wheeler,Zomato
2,2,0,1,0,32508.280988020702,5.181891560746316,0,3,14,1.25,0.9,1.0,999.0,1443.62,SURAKSHA,HIGH,two_wheeler,Blinkit
1,0,0,1,0,19732.012731372823,6.017115989493915,0,2,18,0.85,0.9,1.0,699.0,900.23,RAKSHAK,SAFE,two_wheeler,Zepto
1,1,0,3,0,29186.64096221129,10.929053437122263,0,3,10,1.0,0.9,0.9,699.0,989.73,RAKSHAK,MODERATE,two_wheeler,Blinkit
2,2,1,2,0,25682.133652579672,9.316151468300777,0,1,14,1.25,1.0,0.95,999.0,1587.53,SURAKSHA,HIGH,two_wheeler,Swiggy
0,1,2,3,0,27788.421863523094,4.449172176441139,3,2,20,1.0,1.15,0.9,399.0,800.06,SAATHI,MODERATE,ev_two_wheeler,Zepto
2,0,1,1,0,26405.59230361106,9.55963010255209,0,1,4,0.85,1.0,1.0,999.0,1100.1,SURAKSHA,SAFE,two_wheeler,Swiggy
1,2,1,3,0,34202.828369686,4.60333698944487,0,1,18,1.25,1.0,0.9,699.0,1206.16,RAKSHAK,HIGH,two_wheeler,Swiggy
1,1,0,1,1,25457.373409734042,6.097960853424323,2,3,10,1.0,0.9,1.0,699.0,887.55,RAKSHAK,MODERATE,bicycle,Blinkit
0,0,2,1,0,31527.199718093703,8.398641605968201,0,2,4,0.85,1.15,1.0,399.0,692.76,SAATHI,SAFE,two_wheeler,Zepto
1,1,1,2,0,37644.66029234021,9.693737483033594,0,1,24,1.0,1.0,0.95,699.0,1314.95,RAKSHAK,MODERATE,two_wheeler,Swiggy
1,1,0,3,0,18021.821406708405,11.760678397465664,0,2,15,1.0,0.9,0.9,699.0,992.27,RAKSHAK,MODERATE,two_wheeler,Zepto
0,1,1,3,0,15257.335685250542,8.517065272023714,0,0,13,1.0,1.0,0.9,399.0,633.84,SAATHI,MODERATE,two_wheeler,Zomato
1,2,0,1,0,39652.92446739095,8.984582137529738,2,0,4,1.25,0.9,1.0,699.0,1117.28,RAKSHAK,HIGH,bicycle,Zomato
2,0,0,1,0,25902.850878070105,11.579395413812215,0,3,14,0.85,0.9,1.0,999.0,1201.52,SURAKSHA,SAFE,two_wheeler,Blinkit
1,0,0,1,1,38276.24113139628,9.385292661592999,3,2,7,0.85,0.9,1.0,699.0,981.9,RAKSHAK,SAFE,ev_two_wheeler,Zepto
0,0,2,3,0,31894.391160952087,7.822612075857452,0,2,21,0.85,1.15,0.9,399.0,846.55,SAATHI,SAFE,two_wheeler,Zepto
1,0,1,1,1,36867.50113248852,9.730219841869664,0,0,17,0.85,1.0,1.0,699.0,1197.66,RAKSHAK,SAFE,two_wheeler,Zomato
1,2,0,2,1,25025.778067314168,7.465038118525781,0,1,19,1.25,0.9,0.95,699.0,1194.72,RAKSHAK,HIGH,two_wheeler,Swiggy
0,0,0,1,1,33604.425083164744,9.609979539218985,0,3,12,0.85,0.9,1.0,399.0,814.99,SAATHI,SAFE,two_wheeler,Blinkit
1,1,2,1,0,24952.536171175314,5.39801609269994,0,0,20,1.0,1.15,1.0,699.0,1216.8,RAKSHAK,MODERATE,two_wheeler,Zomato
1,1,0,2,0,30626.847412148523,4.9607748995716365,2,2,18,1.0,0.9,0.95,699.0,892.19,RAKSHAK,MODERATE,bicycle,Zepto
0,1,0,2,0,34335.98099037994,9.49001895730898,0,0,23,1.0,0.9,0.95,399.0,937.88,SAATHI,MODERATE,two_wheeler,Zomato
0,2,1,3,0,17062.411862685967,6.32014912201368,2,1,23,1.25,1.0,0.9,399.0,734.25,SAATHI,HIGH,bicycle,Swiggy
1,1,0,1,1,23396.451382063704,8.24457165107653,0,0,2,1.0,0.9,1.0,699.0,908.24,RAKSHAK,MODERATE,two_wheeler,Zomato
1,1,1,1,0,30629.88831887054,9.627404419585776,0,0,23,1.0,1.0,1.0,699.0,1224.15,RAKSHAK,MODERATE,two_wheeler,Zomato
0,1,0,2,1,34807.426901555315,6.071191324754811,3,2,6,1.0,0.9,0.95,399.0,736.29,SAATHI,MODERATE,ev_two_wheeler,Zepto
1,0,2,1,1,16467.259690034203,10.13594772922495,0,0,8,0.85,1.15,1.0,699.0,1000.57,RAKSHAK,SAFE,two_wheeler,Zomato
1,1,1,1,0,29631.77224655894,4.8785998640852455,3,0,20,1.0,1.0,1.0,699.0,1090.98,RAKSHAK,MODERATE,ev_two_wheeler,Zomato
0,0,0,1,0,25642.27358924252,5.388283217186316,0,3,17,0.85,0.9,1.0,399.0,651.89,SAATHI,SAFE,two_wheeler,Blinkit
0,1,0,1,0,26826.13038281998,11.108899995707329,3,2,0,1.0,0.9,1.0,399.0,620.56,SAATHI,MODERATE,ev_two_wheeler,Zepto
1,1,0,1,0,30622.590502337043,10.722878084613425,0,1,1,1.0,0.9,1.0,699.0,917.62,RAKSHAK,MODERATE,two_wheeler,Swiggy
1,0,0,2,0,21706.972622413916,8.504020194947284,0,3,13,0.85,0.9,0.95,699.0,843.37,RAKSHAK,SAFE,two_wheeler,Blinkit
1,2,0,3,0,24685.57623440586,9.536728312105177,0,1,22,1.25,0.9,0.9,699.0,1197.87,RAKSHAK,HIGH,two_wheeler,Swiggy
1,0,2,1,1,12044.954978865882,4.207072558779885,0,2,5,0.85,1.15,1.0,699.0,832.92,RAKSHAK,SAFE,two_wheeler,Zepto
1,0,2,3,0,36151.22307787503,11.023320281117975,0,1,6,0.85,1.15,0.9,699.0,1019.51,RAKSHAK,SAFE,two_wheeler,Swiggy
1,0,0,2,0,26885.92704346004,4.743936350493788,0,0,13,0.85,0.9,0.95,699.0,823.0,RAKSHAK,SAFE,two_wheeler,Zomato
2,1,0,1,0,21432.813394567755,8.535208264711136,3,0,3,1.0,0.9,1.0,999.0,1073.76,SURAKSHA,MODERATE,ev_two_wheeler,Zomato
2,2,0,1,0,34191.338087891774,11.816103130292076,0,1,18,1.25,0.9,1.0,999.0,1690.14,SURAKSHA,HIGH,two_wheeler,Swiggy
2,1,0,2,0,18778.997751867122,8.375507577601379,0,2,1,1.0,0.9,0.95,999.0,1032.26,SURAKSHA,MODERATE,two_wheeler,Zepto
2,1,0,1,0,29556.124990335833,6.732855456624203,0,1,10,1.0,0.9,1.0,999.0,1240.61,SURAKSHA,MODERATE,two_wheeler,Swiggy
1,0,0,1,0,23121.941777349955,5.313592024202039,0,1,19,0.85,0.9,1.0,699.0,878.54,RAKSHAK,SAFE,two_wheeler,Swiggy
1,0,1,1,1,18737.494043572693,4.644610883545663,0,0,9,0.85,1.0,1.0,699.0,863.42,RAKSHAK,SAFE,two_wheeler,Zomato
1,0,1,3,0,36457.586420440915,9.198179864962082,0,1,17,0.85,1.0,0.9,699.0,1095.95,RAKSHAK,SAFE,two_wheeler,Swiggy
2,2,0,2,0,30650.08653394852,6.008707743397723,0,0,23,1.25,0.9,0.95,999.0,1549.85,SURAKSHA,HIGH,two_wheeler,Zomato
1,0,2,1,0,24901.036587824998,8.06992462846532,3,2,4,0.85,1.15,1.0,699.0,887.28,RAKSHAK,SAFE,ev_two_wheeler,Zepto
1,0,1,3,0,23308.7606669108,11.48674609150904,3,1,17,0.85,1.0,0.9,699.0,966.17,RAKSHAK,SAFE,ev_two_wheeler,Swiggy
0,2,1,2,1,20726.720851828664,5.605439440840656,0,2,11,1.25,1.0,0.95,399.0,816.81,SAATHI,HIGH,two_wheeler,Zepto
2,0,0,3,0,39905.4368077848,7.703609342456983,0,1,18,0.85,0.9,0.9,999.0,1185.84,SURAKSHA,SAFE,two_wheeler,Swiggy
1,1,0,1,0,24267.681574438822,6.922806573474036,3,3,19,1.0,0.9,1.0,699.0,1058.12,RAKSHAK,MODERATE,ev_two_wheeler,Blinkit
0,1,1,2,0,32912.57406807399,4.259590865192896,0,2,22,1.0,1.0,0.95,399.0,839.09,SAATHI,MODERATE,two_wheeler,Zepto
1,0,1,1,1,12470.950301227294,5.827509553593965,0,0,22,0.85,1.0,1.0,699.0,986.57,RAKSHAK,SAFE,two_wheeler,Zomato
1,2,0,1,1,24511.29660625168,11.182362567558531,0,1,20,1.25,0.9,1.0,699.0,1370.47,RAKSHAK,HIGH,two_wheeler,Swiggy
0,1,0,2,0,25311.015923108374,7.36491607571804,0,3,3,1.0,0.9,0.95,399.0,588.5,SAATHI,MODERATE,two_wheeler,Blinkit
0,1,0,2,0,37623.143373890125,9.804646800565177,0,3,15,1.0,0.9,0.95,399.0,862.81,SAATHI,MODERATE,two_wheeler,Blinkit
0,1,0,2,0,36709.161005998074,10.68273009678262,0,1,6,1.0,0.9,0.95,399.0,747.06,SAATHI,MODERATE,two_wheeler,Swiggy
1,1,0,1,0,35497.56719958733,8.790989371007917,0,1,12,1.0,0.9,1.0,699.0,1076.42,RAKSHAK,MODERATE,two_wheeler,Swiggy
0,1,0,1,1,24664.98567418686,4.4137777867292165,0,3,20,1.0,0.9,1.0,399.0,807.85,SAATHI,MODERATE,two_wheeler,Blinkit
1,1,1,2,0,14182.225230320764,8.330144380224146,0,0,0,1.0,1.0,0.95,699.0,784.95,RAKSHAK,MODERATE,two_wheeler,Zomato
1,0,0,1,0,33254.41074358535,6.004094995405984,1,3,9,0.85,0.9,1.0,699.0,937.3,RAKSHAK,SAFE,three_wheeler,Blinkit
1,2,0,1,1,15771.255289387473,10.682814187244492,2,1,12,1.25,0.9,1.0,699.0,1064.91,RAKSHAK,HIGH,bicycle,Swiggy
1,0,1,1,0,29577.283791605376,8.977106079335663,0,3,13,0.85,1.0,1.0,699.0,1032.29,RAKSHAK,SAFE,two_wheeler,Blinkit
1,0,0,2,0,21953.616455460688,11.483992357277351,0,1,11,0.85,0.9,0.95,699.0,869.94,RAKSHAK,SAFE,two_wheeler,Swiggy
1,0,1,1,1,24946.42591750469,9.406290793144148,0,1,10,0.85,1.0,1.0,699.0,1018.78,RAKSHAK,SAFE,two_wheeler,Swiggy
1,1,1,1,1,25732.043799665313,8.288064855217588,0,0,6,1.0,1.0,1.0,699.0,1045.81,RAKSHAK,MODERATE,two_wheeler,Zomato
1,1,0,1,0,33409.66279115378,9.185566233109624,2,3,22,1.0,0.9,1.0,699.0,1045.2,RAKSHAK,MODERATE,bicycle,Blinkit
1,0,0,3,0,25183.63017514864,9.209328471414665,0,1,22,0.85,0.9,0.9,699.0,967.64,RAKSHAK,SAFE,two_wheeler,Swiggy
2,0,2,1,0,19936.036147874594,5.5711008062717635,3,0,16,0.85,1.15,1.0,999.0,1251.26,SURAKSHA,SAFE,ev_two_wheeler,Zomato
2,0,0,2,0,21719.925792597103,8.838858657353985,3,3,19,0.85,0.9,0.95,999.0,1150.42,SURAKSHA,SAFE,ev_two_wheeler,Blinkit
1,2,0,1,0,19704.673184801595,5.835731803598801,2,2,3,1.25,0.9,1.0,699.0,807.46,RAKSHAK,HIGH,bicycle,Zepto
2,0,0,1,1,31915.432234520762,6.690950220984377,0,3,3,0.85,0.9,1.0,999.0,1095.55,SURAKSHA,SAFE,two_wheeler,Blinkit
0,1,0,1,0,30173.754815056036,6.935123098807712,0,3,18,1.0,0.9,1.0,399.0,784.74,SAATHI,MODERATE,two_wheeler,Blinkit
1,0,0,1,0,36772.55975711585,5.078935240619093,0,0,8,0.85,0.9,1.0,699.0,870.52,RAKSHAK,SAFE,two_wheeler,Zomato
1,0,0,1,0,30442.086729437757,11.427516922846152,0,3,15,0.85,0.9,1.0,699.0,964.81,RAKSHAK,SAFE,two_wheeler,Blinkit
1,1,0,1,1,25330.059980023434,8.430739717134035,0,0,7,1.0,0.9,1.0,699.0,984.73,RAKSHAK,MODERATE,two_wheeler,Zomato
1,0,1,2,1,36411.54796193136,10.770809630189135,0,1,14,0.85,1.0,0.95,699.0,1163.49,RAKSHAK,SAFE,two_wheeler,Swiggy
0,2,0,1,0,30775.50741929344,4.878440871206998,3,2,18,1.25,0.9,1.0,399.0,781.22,SAATHI,HIGH,ev_two_wheeler,Zepto
0,0,0,3,1,22916.119870822025,6.824484146988633,0,3,18,0.85,0.9,0.9,399.0,750.23,SAATHI,SAFE,two_wheeler,Blinkit
0,0,0,2,0,20257.204015277748,4.25118535232297,1,2,4,0.85,0.9,0.95,399.0,478.68,SAATHI,SAFE,three_wheeler,Zepto
0,1,0,1,0,35912.39669399233,6.323306083767609,2,1,11,1.0,0.9,1.0,399.0,632.27,SAATHI,MODERATE,bicycle,Swiggy
0,0,2,1,1,26084.44116372819,11.991241639133285,0,3,11,0.85,1.15,1.0,399.0,879.01,SAATHI,SAFE,two_wheeler,Blinkit
0,2,0,2,0,19205.709788136715,8.700559613771123,2,0,11,1.25,0.9,0.95,399.0,639.88,SAATHI,HIGH,bicycle,Zomato
1,1,0,1,1,20038.363931304928,11.899868075966843,0,2,14,1.0,0.9,1.0,699.0,1099.09,RAKSHAK,MODERATE,two_wheeler,Zepto
0,2,2,2,0,28296.96033414703,8.949187714116405,0,1,3,1.25,1.15,0.95,399.0,831.0,SAATHI,HIGH,two_wheeler,Swiggy
1,2,0,1,0,31245.675372276655,10.472815561061164,0,0,9,1.25,0.9,1.0,699.0,1213.97,RAKSHAK,HIGH,two_wheeler,Zomato
0,0,2,1,1,14026.957300022206,7.686117086726224,0,1,2,0.85,1.15,1.0,399.0,634.64,SAATHI,SAFE,two_wheeler,Swiggy
1,2,1,2,1,16466.690111614724,11.210878926438443,0,1,18,1.25,1.0,0.95,699.0,1325.05,RAKSHAK,HIGH,two_wheeler,Swiggy
1,2,1,2,0,31319.575652354462,8.579816600234007,0,0,2,1.25,1.0,0.95,699.0,1109.19,RAKSHAK,HIGH,two_wheeler,Zomato
1,1,0,2,0,37254.48827852178,10.410182377115738,0,2,16,1.0,0.9,0.95,699.0,1139.71,RAKSHAK,MODERATE,two_wheeler,Zepto
0,1,0,3,0,26015.95595377247,5.356349846613997,0,0,10,1.0,0.9,0.9,399.0,616.64,SAATHI,MODERATE,two_wheeler,Zomato
1,2,1,1,0,17486.91031773611,5.8397267472006655,0,3,6,1.25,1.0,1.0,699.0,1019.43,RAKSHAK,HIGH,two_wheeler,Blinkit
0,1,0,1,0,14677.745538477058,5.244931007609351,0,0,23,1.0,0.9,1.0,399.0,698.95,SAATHI,MODERATE,two_wheeler,Zomato
1,0,0,1,0,28528.78713850962,11.65696024209047,0,1,11,0.85,0.9,1.0,699.0,1008.6,RAKSHAK,SAFE,two_wheeler,Swiggy
1,0,0,1,0,21351.61004729527,9.803661261928433,0,0,14,0.85,0.9,1.0,699.0,915.24,RAKSHAK,SAFE,two_wheeler,Zomato
1,0,0,1,0,28979.01368682982,5.579841324693196,0,0,2,0.85,0.9,1.0,699.0,710.24,RAKSHAK,SAFE,two_wheeler,Zomato
2,1,1,1,0,22995.87469952191,11.780101627970346,2,3,21,1.0,1.0,1.0,999.0,1444.21,SURAKSHA,MODERATE,bicycle,Blinkit
1,1,1,3,0,16522.680051426596,10.004611009403476,0,0,13,1.0,1.0,0.9,699.0,946.37,RAKSHAK,MODERATE,two_wheeler,Zomato
0,1,1,3,0,32299.085594597986,11.95132796864322,0,3,6,1.0,1.0,0.9,399.0,764.68,SAATHI,MODERATE,two_wheeler,Blinkit
0,0,0,1,1,19970.869523130088,11.100943746134385,0,0,4,0.85,0.9,1.0,399.0,646.93,SAATHI,SAFE,two_wheeler,Zomato
0,1,0,2,0,32266.08559917283,9.158893979356897,2,1,21,1.0,0.9,0.95,399.0,771.56,SAATHI,MODERATE,bicycle,Swiggy
1,0,0,2,0,25604.150064874426,6.574827198329316,0,0,16,0.85,0.9,0.95,699.0,872.29,RAKSHAK,SAFE,two_wheeler,Zomato
1,1,0,2,0,22411.427919454087,9.799832497079874,0,3,24,1.0,0.9,0.95,699.0,1108.46,RAKSHAK,MODERATE,two_wheeler,Blinkit
0,1,0,1,0,13305.808000850937,11.088072905004033,0,0,3,1.0,0.9,1.0,399.0,573.99,SAATHI,MODERATE,two_wheeler,Zomato
0,0,1,1,0,13919.174381223589,6.403414615422014,0,2,7,0.85,1.0,1.0,399.0,474.77,SAATHI,SAFE,two_wheeler,Zepto
1,0,2,3,0,30343.36258110931,11.226135143451161,0,3,3,0.85,1.15,0.9,699.0,965.88,RAKSHAK,SAFE,two_wheeler,Blinkit
2,0,2,3,1,17739.778273259864,4.362809540140418,1,0,14,0.85,1.15,0.9,999.0,1270.34,SURAKSHA,SAFE,three_wheeler,Zomato
1,1,0,2,1,24438.445272965786,10.994336593068168,3,2,14,1.0,0.9,0.95,699.0,1061.32,RAKSHAK,MODERATE,ev_two_wheeler,Zepto
1,1,0,3,0,24804.043236447178,4.155713894563591,0,1,19,1.0,0.9,0.9,699.0,892.01,RAKSHAK,MODERATE,two_wheeler,Swiggy
0,2,0,1,0,25064.290012539263,11.111057649164756,0,3,8,1.25,0.9,1.0,399.0,835.96,SAATHI,HIGH,two_wheeler,Blinkit
0,0,0,2,0,19666.835984966885,9.160383579615102,3,3,10,0.85,0.9,0.95,399.0,557.22,SAATHI,SAFE,ev_two_wheeler,Blinkit
1,1,0,1,0,31123.551070650134,10.132235937706243,0,1,18,1.0,0.9,1.0,699.0,1166.68,RAKSHAK,MODERATE,two_wheeler,Swiggy
1,0,1,1,1,13777.338269293927,10.963659671558478,3,0,5,0.85,1.0,1.0,699.0,883.6,RAKSHAK,SAFE,ev_two_wheeler,Zomato
1,1,0,2,1,16341.722246183295,10.143075718559874,0,2,10,1.0,0.9,0.95,699.0,974.31,RAKSHAK,MODERATE,two_wheeler,Zepto
1,0,0,2,0,20105.83292856987,9.98310467734858,2,1,17,0.85,0.9,0.95,699.0,806.49,RAKSHAK,SAFE,bicycle,Swiggy
2,1,0,2,0,17259.18844788261,9.89562284764118,0,3,3,1.0,0.9,0.95,999.0,1075.78,SURAKSHA,MODERATE,two_wheeler,Blinkit
2,1,0,2,0,13939.573328704548,8.634051183340535,0,1,12,1.0,0.9,0.95,999.0,1140.89,SURAKSHA,MODERATE,two_wheeler,Swiggy
1,1,0,2,0,29229.651512989047,7.29366532892019,0,1,2,1.0,0.9,0.95,699.0,835.14,RAKSHAK,MODERATE,two_wheeler,Swiggy
1,0,0,3,0,31355.66028184413,5.445487621586402,2,1,7,0.85,0.9,0.9,699.0,687.75,RAKSHAK,SAFE,bicycle,Swiggy
0,1,1,2,1,38539.4459399217,10.481583619210895,0,1,3,1.0,1.0,0.95,399.0,877.52,SAATHI,MODERATE,two_wheeler,Swiggy
0,1,0,1,1,26329.114413397932,9.190888408862296,0,1,4,1.0,0.9,1.0,399.0,746.98,SAATHI,MODERATE,two_wheeler,Swiggy
1,2,1,1,0,31499.895908488365,6.3046905133045685,0,3,14,1.25,1.0,1.0,699.0,1269.77,RAKSHAK,HIGH,two_wheeler,Blinkit
1,0,0,1,0,16136.498696327122,8.842291881803828,0,0,7,0.85,0.9,1.0,699.0,749.23,RAKSHAK,SAFE,two_wheeler,Zomato
1,0,0,3,1,37391.0445454818,11.712083974400137,0,0,12,0.85,0.9,0.9,699.0,1058.82,RAKSHAK,SAFE,two_wheeler,Zomato
1,2,0,2,0,32470.78054147834,6.000553918956692,3,3,4,1.25,0.9,0.95,699.0,948.16,RAKSHAK,HIGH,ev_two_wheeler,Blinkit
2,0,0,2,0,24109.870411656026,10.184700756717774,2,2,23,0.85,0.9,0.95,999.0,1139.55,SURAKSHA,SAFE,bicycle,Zepto
0,1,0,3,0,37398.58086558355,7.482398334693987,2,2,17,1.0,0.9,0.9,399.0,731.49,SAATHI,MODERATE,bicycle,Zepto
0,1,0,1,0,13059.279344347298,11.54441575415257,0,2,19,1.0,0.9,1.0,399.0,714.82,SAATHI,MODERATE,two_wheeler,Zepto
0,2,1,3,0,39199.722843288415,6.594058157664696,3,2,13,1.25,1.0,0.9,399.0,882.81,SAATHI,HIGH,ev_two_wheeler,Zepto
1,1,0,2,0,34501.317664717746,8.749613924523839,0,0,19,1.0,0.9,0.95,699.0,1109.91,RAKSHAK,MODERATE,two_wheeler,Zomato
1,2,0,2,0,12650.355574030054,7.8698545892210054,0,2,22,1.25,0.9,0.95,699.0,1142.98,RAKSHAK,HIGH,two_wheeler,Zepto
1,0,0,1,0,23778.85810263474,5.365404812534331,0,1,18,0.85,0.9,1.0,699.0,895.94,RAKSHAK,SAFE,two_wheeler,Swiggy
1,0,2,2,0,28224.059058113256,11.731829155141117,0,3,20,0.85,1.15,0.95,699.0,1170.13,RAKSHAK,SAFE,two_wheeler,Blinkit
0,0,1,3,1,32456.959573595715,8.319628392973298,0,1,4,0.85,1.0,0.9,399.0,658.99,SAATHI,SAFE,two_wheeler,Swiggy
1,0,1,1,1,15120.753229586619,7.849213766821451,3,0,22,0.85,1.0,1.0,699.0,1023.41,RAKSHAK,SAFE,ev_two_wheeler,Zomato
1,2,0,2,0,35321.865114769724,7.21174984931214,0,2,13,1.25,0.9,0.95,699.0,1145.9,RAKSHAK,HIGH,two_wheeler,Zepto
1,0,0,3,0,33631.88548148134,6.367813991576659,3,0,18,0.85,0.9,0.9,699.0,875.82,RAKSHAK,SAFE,ev_two_wheeler,Zomato
1,2,0,1,1,23971.887698572085,9.554487040268768,0,0,11,1.25,0.9,1.0,699.0,1194.61,RAKSHAK,HIGH,two_wheeler,Zomato
1,0,0,1,0,12020.840816894271,5.519458491998657,0,2,14,0.85,0.9,1.0,699.0,726.61,RAKSHAK,SAFE,two_wheeler,Zepto
1,0,1,3,0,31714.247560762804,9.058267556282274,0,1,14,0.85,1.0,0.9,699.0,1028.25,RAKSHAK,SAFE,two_wheeler,Swiggy
2,1,0,3,0,37398.92769533068,7.2934057059709785,3,1,9,1.0,0.9,0.9,999.0,1183.39,SURAKSHA,MODERATE,ev_two_wheeler,Swiggy
0,0,0,2,0,36884.04423815204,11.166761790797818,0,1,20,0.85,0.9,0.95,399.0,892.93,SAATHI,SAFE,two_wheeler,Swiggy
1,1,0,1,0,29829.411209864073,6.969607224432646,0,1,17,1.0,0.9,1.0,699.0,1057.98,RAKSHAK,MODERATE,two_wheeler,Swiggy
0,0,0,2,0,31957.992062060228,9.264877298625521,0,1,13,0.85,0.9,0.95,399.0,754.15,SAATHI,SAFE,two_wheeler,Swiggy
1,0,1,1,0,30230.695334833174,9.636009853984415,3,2,22,0.85,1.0,1.0,699.0,1125.74,RAKSHAK,SAFE,ev_two_wheeler,Zepto
0,1,0,1,0,34575.38282761962,5.187144405264706,2,3,3,1.0,0.9,1.0,399.0,554.2,SAATHI,MODERATE,bicycle,Blinkit
1,2,0,1,0,23135.731738761024,10.030525912907008,0,2,3,1.25,0.9,1.0,699.0,1093.15,RAKSHAK,HIGH,two_wheeler,Zepto
1,1,1,1,0,26526.82349823355,8.527938117118874,0,0,12,1.0,1.0,1.0,699.0,1036.84,RAKSHAK,MODERATE,two_wheeler,Zomato
1,0,1,1,1,16044.462408320442,11.2835401802271,0,2,10,0.85,1.0,1.0,699.0,996.53,RAKSHAK,SAFE,two_wheeler,Zepto
0,0,0,1,1,19674.50453843703,4.399766312524132,0,3,5,0.85,0.9,1.0,399.0,529.92,SAATHI,SAFE,two_wheeler,Blinkit
1,1,1,1,0,39811.16118888256,11.65718366427644,1,2,11,1.0,1.0,1.0,699.0,1239.71,RAKSHAK,MODERATE,three_wheeler,Zepto
1,0,0,3,0,24156.583454197695,9.60209480599325,3,1,21,0.85,0.9,0.9,699.0,914.55,RAKSHAK,SAFE,ev_two_wheeler,Swiggy
1,1,0,1,0,24628.44089685862,10.966320858116434,0,2,1,1.0,0.9,1.0,699.0,879.53,RAKSHAK,MODERATE,two_wheeler,Zepto
0,0,0,1,0,23882.097509325715,5.0484839896586875,2,3,7,0.85,0.9,1.0,399.0,385.04,SAATHI,SAFE,bicycle,Blinkit
0,2,0,2,0,23709.194614865795,7.150468131640679,1,3,14,1.25,0.9,0.95,399.0,825.34,SAATHI,HIGH,three_wheeler,Blinkit
0,1,0,1,1,38411.8255171583,8.462686582594774,0,2,19,1.0,0.9,1.0,399.0,958.05,SAATHI,MODERATE,two_wheeler,Zepto
0,0,0,1,0,31371.69064740394,5.675691978999688,2,1,3,0.85,0.9,1.0,399.0,416.08,SAATHI,SAFE,bicycle,Swiggy
0,1,1,1,1,21897.56996984463,10.73207224644179,2,0,21,1.0,1.0,1.0,399.0,806.54,SAATHI,MODERATE,bicycle,Zomato
1,2,2,3,1,28738.482030551357,8.155171609553596,0,0,3,1.25,1.15,0.9,699.0,1253.46,RAKSHAK,HIGH,two_wheeler,Zomato
0,0,1,1,1,32639.4306936695,4.426363201248588,0,1,10,0.85,1.0,1.0,399.0,693.49,SAATHI,SAFE,two_wheeler,Swiggy
1,0,2,1,0,16770.942514031107,7.514790422769762,0,0,11,0.85,1.15,1.0,699.0,923.62,RAKSHAK,SAFE,two_wheeler,Zomato
1,0,0,2,0,16304.296870594451,11.477264496432731,0,0,18,0.85,0.9,0.95,699.0,917.14,RAKSHAK,SAFE,two_wheeler,Zomato
1,0,0,3,0,29224.922321117825,6.38380645953892,0,0,11,0.85,0.9,0.9,699.0,814.42,RAKSHAK,SAFE,two_wheeler,Zomato
0,0,1,2,0,32939.14645833633,11.405448056200687,0,0,21,0.85,1.0,0.95,399.0,886.24,SAATHI,SAFE,two_wheeler,Zomato
2,0,0,3,0,39627.81200952537,5.967977067092866,0,1,17,0.85,0.9,0.9,999.0,1185.95,SURAKSHA,SAFE,two_wheeler,Swiggy
1,0,0,1,0,19611.385592214716,8.36887771703124,3,3,6,0.85,0.9,1.0,699.0,710.12,RAKSHAK,SAFE,ev_two_wheeler,Blinkit
0,1,0,1,0,37132.73898491152,8.034512343973457,0,0,21,1.0,0.9,1.0,399.0,930.88,SAATHI,MODERATE,two_wheeler,Zomato
1,1,0,1,0,36762.33388716349,11.075982318694297,0,1,10,1.0,0.9,1.0,699.0,1097.6,RAKSHAK,MODERATE,two_wheeler,Swiggy
0,1,0,2,0,25956.159914730946,6.365699656106856,0,0,16,1.0,0.9,0.95,399.0,728.63,SAATHI,MODERATE,two_wheeler,Zomato
1,1,0,1,0,14464.563665352318,5.100282164673356,0,3,12,1.0,0.9,1.0,699.0,837.74,RAKSHAK,MODERATE,two_wheeler,Blinkit
2,0,2,1,0,18957.74200423208,6.026256435561722,0,3,2,0.85,1.15,1.0,999.0,1108.37,SURAKSHA,SAFE,two_wheeler,Blinkit
1,1,0,1,0,19010.519171772896,5.892896170882554,0,1,22,1.0,0.9,1.0,699.0,1020.84,RAKSHAK,MODERATE,two_wheeler,Swiggy
2,1,0,1,0,22231.316553001576,10.453964806826551,0,3,2,1.0,0.9,1.0,999.0,1152.97,SURAKSHA,MODERATE,two_wheeler,Blinkit
1,2,1,1,1,29436.37021526091,9.822354963864214,0,1,5,1.25,1.0,1.0,699.0,1304.52,RAKSHAK,HIGH,two_wheeler,Swiggy
2,0,2,3,0,16640.758962930853,11.604547447788924,0,2,16,0.85,1.15,0.9,999.0,1287.62,SURAKSHA,SAFE,two_wheeler,Zepto
2,0,0,3,0,37548.406076392464,11.188865360395127,0,0,23,0.85,0.9,0.9,999.0,1276.95,SURAKSHA,SAFE,two_wheeler,Zomato
2,2,2,2,0,19673.675640712965,7.696265703318034,0,0,11,1.25,1.15,0.95,999.0,1667.94,SURAKSHA,HIGH,two_wheeler,Zomato
0,1,2,1,0,25183.480624355077,5.140463436114484,0,0,13,1.0,1.15,1.0,399.0,782.21,SAATHI,MODERATE,two_wheeler,Zomato
0,1,1,1,0,22015.349009397407,9.056088062166218,0,2,21,1.0,1.0,1.0,399.0,813.44,SAATHI,MODERATE,two_wheeler,Zepto
1,0,0,2,0,28509.04057057691,4.12873634047812,3,2,13,0.85,0.9,0.95,699.0,762.56,RAKSHAK,SAFE,ev_two_wheeler,Zepto
0,0,1,1,0,35917.79834299219,9.693706834668259,0,3,13,0.85,1.0,1.0,399.0,797.96,SAATHI,SAFE,two_wheeler,Blinkit
0,1,0,2,0,31017.110862400383,9.369637582218699,0,0,20,1.0,0.9,0.95,399.0,828.93,SAATHI,MODERATE,two_wheeler,Zomato
0,0,0,3,0,38223.29781439187,10.944159298795473,0,0,22,0.85,0.9,0.9,399.0,887.44,SAATHI,SAFE,two_wheeler,Zomato
0,2,0,2,0,13113.04232283595,6.679926907725655,0,1,20,1.25,0.9,0.95,399.0,728.6,SAATHI,HIGH,two_wheeler,Swiggy
1,2,1,1,0,18923.91881336324,5.757710031144604,0,2,13,1.25,1.0,1.0,699.0,1151.48,RAKSHAK,HIGH,two_wheeler,Zepto
1,2,0,2,0,37804.469725864794,6.208613076867578,3,2,8,1.25,0.9,0.95,699.0,1078.61,RAKSHAK,HIGH,ev_two_wheeler,Zepto
2,1,0,1,1,30401.29367972385,7.571472742258951,0,1,15,1.0,0.9,1.0,999.0,1401.23,SURAKSHA,MODERATE,two_wheeler,Swiggy
1,1,0,2,0,29776.491053085814,5.307463575584385,2,1,0,1.0,0.9,0.95,699.0,673.86,RAKSHAK,MODERATE,bicycle,Swiggy
1,0,1,1,0,15820.59311187221,8.776908040779443,0,2,17,0.85,1.0,1.0,699.0,925.04,RAKSHAK,SAFE,two_wheeler,Zepto
1,1,0,2,0,12263.763194375086,8.479215443283024,0,2,20,1.0,0.9,0.95,699.0,940.69,RAKSHAK,MODERATE,two_wheeler,Zepto
1,1,0,1,1,20692.247243488568,5.84373157922392,1,1,24,1.0,0.9,1.0,699.0,1173.48,RAKSHAK,MODERATE,three_wheeler,Swiggy
0,0,0,1,1,28240.483051523235,6.81127999987303,0,1,16,0.85,0.9,1.0,399.0,775.47,SAATHI,SAFE,two_wheeler,Swiggy
0,1,1,2,0,18100.86358045599,5.898987166060313,0,0,5,1.0,1.0,0.95,399.0,568.86,SAATHI,MODERATE,two_wheeler,Zomato
2,1,0,1,0,23044.410225950833,10.83436168942692,0,2,10,1.0,0.9,1.0,999.0,1209.2,SURAKSHA,MODERATE,two_wheeler,Zepto
0,0,0,3,0,18548.86908505607,9.967985747128242,0,0,4,0.85,0.9,0.9,399.0,514.71,SAATHI,SAFE,two_wheeler,Zomato
1,2,2,1,0,13130.40327228796,11.207440884295892,0,0,7,1.25,1.15,1.0,699.0,1230.66,RAKSHAK,HIGH,two_wheeler,Zomato
1,1,2,3,0,18216.710438781964,5.375883142176839,3,2,5,1.0,1.15,0.9,699.0,835.74,RAKSHAK,MODERATE,ev_two_wheeler,Zepto
1,1,0,1,0,30737.166640235693,6.755068061995925,0,2,12,1.0,0.9,1.0,699.0,978.9,RAKSHAK,MODERATE,two_wheeler,Zepto
1,0,1,1,1,32794.09486109593,6.613951932274826,0,1,11,0.85,1.0,1.0,699.0,1025.68,RAKSHAK,SAFE,two_wheeler,Swiggy
2,0,1,1,0,28545.11620909316,8.534204597649213,1,0,9,0.85,1.0,1.0,999.0,1303.13,SURAKSHA,SAFE,three_wheeler,Zomato
1,1,0,2,0,30507.05956011436,11.165470070393251,0,3,18,1.0,0.9,0.95,699.0,1138.54,RAKSHAK,MODERATE,two_wheeler,Blinkit
1,0,0,3,0,15109.219219066588,10.884428767395654,0,0,23,0.85,0.9,0.9,699.0,891.81,RAKSHAK,SAFE,two_wheeler,Zomato
1,2,1,3,1,18350.166436456937,11.029489235051283,0,1,2,1.25,1.0,0.9,699.0,1041.07,RAKSHAK,HIGH,two_wheeler,Swiggy
2,2,0,1,1,35012.68154175171,10.221682855095494,0,2,19,1.25,0.9,1.0,999.0,1732.61,SURAKSHA,HIGH,two_wheeler,Zepto
0,1,0,3,1,29435.049952261794,4.099257115419957,2,1,19,1.0,0.9,0.9,399.0,736.97,SAATHI,MODERATE,bicycle,Swiggy
1,1,1,3,0,37064.63051207427,8.447565863690452,0,1,6,1.0,1.0,0.9,699.0,986.61,RAKSHAK,MODERATE,two_wheeler,Swiggy
2,0,1,1,0,28071.505215263696,8.821928910408925,3,3,11,0.85,1.0,1.0,999.0,1235.54,SURAKSHA,SAFE,ev_two_wheeler,Blinkit
2,0,0,3,0,18045.295675529593,8.587259146079848,2,2,12,0.85,0.9,0.9,999.0,838.95,SURAKSHA,SAFE,bicycle,Zepto
2,0,1,3,0,28461.477296009863,11.069351538495896,0,2,24,0.85,1.0,0.9,999.0,1357.53,SURAKSHA,SAFE,two_wheeler,Zepto
1,1,0,2,0,19091.25687122047,4.111012896137498,0,0,18,1.0,0.9,0.95,699.0,889.35,RAKSHAK,MODERATE,two_wheeler,Zomato
1,1,2,1,0,12344.029390834703,11.567610902669696,2,2,22,1.0,1.15,1.0,699.0,1149.48,RAKSHAK,MODERATE,bicycle,Zepto
2,0,2,1,0,17225.28496293782,10.26703304246537,0,1,20,0.85,1.15,1.0,999.0,1403.87,SURAKSHA,SAFE,two_wheeler,Swiggy
2,2,2,1,0,39995.55641394181,10.489503335774481,3,1,9,1.25,1.15,1.0,999.0,1920.6,SURAKSHA,HIGH,ev_two_wheeler,Swiggy
2,0,0,1,1,33849.83890871228,9.251371767324052,0,3,11,0.85,0.9,1.0,999.0,1280.83,SURAKSHA,SAFE,two_wheeler,Blinkit
0,0,1,1,0,19956.23471495389,7.943254627925029,0,2,2,0.85,1.0,1.0,399.0,542.56,SAATHI,SAFE,two_wheeler,Zepto
2,0,2,2,0,31471.6147207253,10.765741292390514,0,2,20,0.85,1.15,0.95,999.0,1483.46,SURAKSHA,SAFE,two_wheeler,Zepto
2,0,0,3,1,22277.39085644837,4.512024873133921,0,1,13,0.85,0.9,0.9,999.0,1029.6,SURAKSHA,SAFE,two_wheeler,Swiggy
1,1,1,1,0,15045.049449389942,4.442799497308132,0,3,3,1.0,1.0,1.0,699.0,798.06,RAKSHAK,MODERATE,two_wheeler,Blinkit
1,2,0,2,0,13889.972569137173,5.3240616882053295,3,3,4,1.25,0.9,0.95,699.0,814.66,RAKSHAK,HIGH,ev_two_wheeler,Blinkit
1,1,0,3,0,30700.70629680107,6.766119865702792,0,0,19,1.0,0.9,0.9,699.0,1016.43,RAKSHAK,MODERATE,two_wheeler,Zomato
1,2,0,1,0,30241.49418684422,8.43596964473869,2,1,5,1.25,0.9,1.0,699.0,970.24,RAKSHAK,HIGH,bicycle,Swiggy
1,1,0,3,0,29648.030549372357,10.821438924588765,0,1,17,1.0,0.9,0.9,699.0,1083.02,RAKSHAK,MODERATE,two_wheeler,Swiggy
1,0,1,1,0,38317.7844446362,5.787401509248991,1,2,12,0.85,1.0,1.0,699.0,1019.38,RAKSHAK,SAFE,three_wheeler,Zepto
1,1,1,1,1,30553.40071452262,4.72504202511509,0,3,2,1.0,1.0,1.0,699.0,984.03,RAKSHAK,MODERATE,two_wheeler,Blinkit
2,1,0,2,1,16527.133091381438,10.832828707119152,3,1,9,1.0,0.9,0.95,999.0,1246.45,SURAKSHA,MODERATE,ev_two_wheeler,Swiggy
1,1,0,3,1,20106.386283828197,4.110008604620224,2,0,0,1.0,0.9,0.9,699.0,657.75,RAKSHAK,MODERATE,bicycle,Zomato
2,1,0,1,1,23799.1350955872,9.18528813386994,3,3,6,1.0,0.9,1.0,999.0,1262.52,SURAKSHA,MODERATE,ev_two_wheeler,Blinkit
0,2,1,1,1,39944.903706148536,11.637651938871008,0,0,7,1.25,1.0,1.0,399.0,1071.48,SAATHI,HIGH,two_wheeler,Zomato
1,0,1,3,1,15625.841197236728,4.130945039700451,0,2,10,0.85,1.0,0.9,699.0,779.27,RAKSHAK,SAFE,two_wheeler,Zepto
1,1,2,1,0,37204.56006319055,8.059515297594741,0,3,1,1.0,1.15,1.0,699.0,1094.37,RAKSHAK,MODERATE,two_wheeler,Blinkit
0,0,2,3,0,29146.444659791934,6.731538758987105,0,0,3,0.85,1.15,0.9,399.0,588.25,SAATHI,SAFE,two_wheeler,Zomato
2,2,0,1,0,33776.99766038981,9.911991959821094,0,2,20,1.25,0.9,1.0,999.0,1699.79,SURAKSHA,HIGH,two_wheeler,Zepto
2,2,1,1,0,29060.458129459643,11.021416360750194,0,0,21,1.25,1.0,1.0,999.0,1827.93,SURAKSHA,HIGH,two_wheeler,Zomato
2,0,1,1,0,22339.982606823203,4.542071865522836,0,0,11,0.85,1.0,1.0,999.0,1061.09,SURAKSHA,SAFE,two_wheeler,Zomato
1,2,0,3,0,30762.526452434387,10.363635137569517,0,3,7,1.25,0.9,0.9,699.0,1104.03,RAKSHAK,HIGH,two_wheeler,Blinkit
0,1,0,1,0,26423.232590822998,5.182435632087872,0,1,20,1.0,0.9,1.0,399.0,779.58,SAATHI,MODERATE,two_wheeler,Swiggy
0,0,0,1,0,15445.66163043178,4.7959079005052345,0,1,2,0.85,0.9,1.0,399.0,384.76,SAATHI,SAFE,two_wheeler,Swiggy
0,0,1,1,0,13675.42466563257,7.412367277290747,0,3,16,0.85,1.0,1.0,399.0,647.77,SAATHI,SAFE,two_wheeler,Blinkit
0,0,0,2,0,39986.01887787119,11.607974457038207,0,0,21,0.85,0.9,0.95,399.0,910.96,SAATHI,SAFE,two_wheeler,Zomato
1,1,1,2,0,33088.83815004493,9.398180778939826,3,3,8,1.0,1.0,0.95,699.0,999.86,RAKSHAK,MODERATE,ev_two_wheeler,Blinkit
1,0,1,1,0,33185.90791586769,4.956209454940224,0,2,6,0.85,1.0,1.0,699.0,850.57,RAKSHAK,SAFE,two_wheeler,Zepto
0,0,1,3,0,31180.48867355061,6.7344424207203994,0,2,8,0.85,1.0,0.9,399.0,598.71,SAATHI,SAFE,two_wheeler,Zepto
0,0,0,2,0,24852.14034454416,6.445279487261831,0,1,18,0.85,0.9,0.95,399.0,643.34,SAATHI,SAFE,two_wheeler,Swiggy
1,1,0,1,0,19339.113022394682,8.98340567847104,0,3,17,1.0,0.9,1.0,699.0,969.37,RAKSHAK,MODERATE,two_wheeler,Blinkit
1,0,0,1,0,14442.028518625582,7.95782548949322,2,3,19,0.85,0.9,1.0,699.0,741.65,RAKSHAK,SAFE,bicycle,Blinkit
1,0,0,2,1,32127.572767814207,7.324544035422723,0,2,11,0.85,0.9,0.95,699.0,956.57,RAKSHAK,SAFE,two_wheeler,Zepto
2,1,2,1,0,13533.389024491182,10.200969648802932,3,0,3,1.0,1.15,1.0,999.0,1312.01,SURAKSHA,MODERATE,ev_two_wheeler,Zomato
1,1,1,2,0,19866.67776779611,10.881605899608168,0,0,19,1.0,1.0,0.95,699.0,1135.06,RAKSHAK,MODERATE,two_wheeler,Zomato
2,2,0,1,1,39056.84493160415,8.574691978926209,3,0,7,1.25,0.9,1.0,999.0,1579.35,SURAKSHA,HIGH,ev_two_wheeler,Zomato
2,0,0,1,0,21672.82253872217,7.415730634613212,0,1,16,0.85,0.9,1.0,999.0,1121.16,SURAKSHA,SAFE,two_wheeler,Swiggy
2,0,0,2,0,32059.71615901365,6.713862761248424,0,3,16,0.85,0.9,0.95,999.0,1118.29,SURAKSHA,SAFE,two_wheeler,Blinkit
0,0,2,1,0,12126.393341980485,7.939537458878568,0,3,21,0.85,1.15,1.0,399.0,725.15,SAATHI,SAFE,two_wheeler,Blinkit
2,2,0,1,0,35224.5069519566,7.069810397975547,0,2,17,1.25,0.9,1.0,999.0,1616.62,SURAKSHA,HIGH,two_wheeler,Zepto
1,0,0,1,0,13508.51682495765,5.166870252678548,0,1,21,0.85,0.9,1.0,699.0,799.13,RAKSHAK,SAFE,two_wheeler,Swiggy
0,2,0,2,1,31423.067269127903,7.705671637781467,0,0,20,1.25,0.9,0.95,399.0,945.86,SAATHI,HIGH,two_wheeler,Zomato
1,2,0,2,0,36318.180462464035,6.191912198849029,0,0,11,1.25,0.9,0.95,699.0,1120.36,RAKSHAK,HIGH,two_wheeler,Zomato
0,2,0,1,0,37742.328395091994,6.912553624359699,0,3,12,1.25,0.9,1.0,399.0,866.78,SAATHI,HIGH,two_wheeler,Blinkit
0,2,0,2,0,21992.608032411095,7.014432337978522,0,3,17,1.25,0.9,0.95,399.0,780.34,SAATHI,HIGH,two_wheeler,Blinkit
2,1,0,1,0,19239.652713745658,7.570195886068513,0,0,18,1.0,0.9,1.0,999.0,1233.31,SURAKSHA,MODERATE,two_wheeler,Zomato
0,0,2,1,1,35115.47346785609,8.201717063388077,0,1,10,0.85,1.15,1.0,399.0,886.21,SAATHI,SAFE,two_wheeler,Swiggy
1,0,0,1,0,31426.46361046512,11.93532926600027,0,2,19,0.85,0.9,1.0,699.0,1073.01,RAKSHAK,SAFE,two_wheeler,Zepto
1,2,0,2,0,27546.446603769888,6.329535834122534,3,2,7,1.25,0.9,0.95,699.0,1019.4,RAKSHAK,HIGH,ev_two_wheeler,Zepto
1,1,1,3,0,35263.495722750726,9.185352599920035,0,2,24,1.0,1.0,0.9,699.0,1157.56,RAKSHAK,MODERATE,two_wheeler,Zepto
1,1,1,1,0,13999.147183391698,9.624312358668853,0,3,8,1.0,1.0,1.0,699.0,945.29,RAKSHAK,MODERATE,two_wheeler,Blinkit
2,1,2,3,1,35044.59418063691,5.019457629561601,0,0,14,1.0,1.15,0.9,999.0,1481.98,SURAKSHA,MODERATE,two_wheeler,Zomato
2,2,1,1,0,17259.07419082882,11.803447753196384,0,3,15,1.25,1.0,1.0,999.0,1670.18,SURAKSHA,HIGH,two_wheeler,Blinkit
